,proportion,type,ROI,net,layer,sum,bootstrap_iter
0,0.22185555758752376,perceptual,IT,dcrandom,ReLu2,0.6936488892512896,0
1,0.20381183240066536,perceptual,IT,dcrandom,ReLu2,0.6159687116491805,1
2,0.18240123040709705,perceptual,IT,dcrandom,ReLu2,0.6426343928550697,2
3,0.175429007992963,perceptual,IT,dcrandom,ReLu2,0.35967469285467035,3
4,0.3818125070575332,perceptual,IT,dcrandom,ReLu2,1.1685863607300448,4
5,0.27447294555291796,perceptual,IT,dcrandom,ReLu2,0.9386901217841735,5
6,0.20804378335290608,perceptual,IT,dcrandom,ReLu2,0.8078225428520234,6
7,0.2346401789972132,perceptual,IT,dcrandom,ReLu2,0.9043772171346667,7
8,0.2579146902286034,perceptual,IT,dcrandom,ReLu2,0.9502165468819163,8
9,0.22112478243489764,perceptual,IT,dcrandom,ReLu2,0.7663448619236148,9
10,0.3090770111805702,perceptual,IT,dcrandom,ReLu2,1.0815316051738908,10
11,0.21923202405382802,perceptual,IT,dcrandom,ReLu2,0.8085323926264482,11
12,0.15816169661551843,perceptual,IT,dcrandom,ReLu2,0.6010521970913023,12
13,0.30789746886560204,perceptual,IT,dcrandom,ReLu2,1.0401060020825674,13
14,0.2243961799673577,perceptual,IT,dcrandom,ReLu2,0.8293679379905882,14
15,0.28420618471661463,perceptual,IT,dcrandom,ReLu2,1.045400469219677,15
16,0.2829165886057713,perceptual,IT,dcrandom,ReLu2,1.0267399153361634,16
17,0.3127154798313065,perceptual,IT,dcrandom,ReLu2,0.9559806010403176,17
18,0.25819923672833367,perceptual,IT,dcrandom,ReLu2,1.05505890132443,18
19,0.26643196101004674,perceptual,IT,dcrandom,ReLu2,0.9785936059979763,19
20,0.1295077821813613,perceptual,IT,dcrandom,ReLu2,0.4459498488808825,20
21,0.3520114523286596,perceptual,IT,dcrandom,ReLu2,1.1420526479619535,21
22,0.228249979767224,perceptual,IT,dcrandom,ReLu2,0.7319507741566557,22
23,0.272278186856113,perceptual,IT,dcrandom,ReLu2,0.9104086372997764,23
24,0.2385091914642745,perceptual,IT,dcrandom,ReLu2,0.7000409144873184,24
25,0.29032449359646006,perceptual,IT,dcrandom,ReLu2,1.1620982543246794,25
26,0.19504843845151604,perceptual,IT,dcrandom,ReLu2,0.651354921916042,26
27,0.23947452294803112,perceptual,IT,dcrandom,ReLu2,0.6748109953829589,27
28,0.3048002135204946,perceptual,IT,dcrandom,ReLu2,0.9363441398477625,28
29,0.28324932456100177,perceptual,IT,dcrandom,ReLu2,0.9563830478492958,29
30,0.29370453237022714,perceptual,IT,dcrandom,ReLu2,0.9997755400956555,30
31,0.2640564767395484,perceptual,IT,dcrandom,ReLu2,1.045507755004808,31
32,0.28163642370849895,perceptual,IT,dcrandom,ReLu2,0.8035523584939027,32
33,0.24541825137669226,perceptual,IT,dcrandom,ReLu2,0.912255279234386,33
34,0.20072521946862484,perceptual,IT,dcrandom,ReLu2,0.6595749492857808,34
35,0.30959288424988785,perceptual,IT,dcrandom,ReLu2,1.3254620205801584,35
36,0.20509923782510883,perceptual,IT,dcrandom,ReLu2,0.6353323250107303,36
37,0.34912662816747697,perceptual,IT,dcrandom,ReLu2,1.2475083208238937,37
38,0.2503464743029179,perceptual,IT,dcrandom,ReLu2,0.8676002818672578,38
39,0.3414522195888792,perceptual,IT,dcrandom,ReLu2,1.0809796910803677,39
40,0.2388765425991263,perceptual,IT,dcrandom,ReLu2,1.1220876770857773,40
41,0.27604969645390304,perceptual,IT,dcrandom,ReLu2,0.8932697058970009,41
42,0.2648322369184929,perceptual,IT,dcrandom,ReLu2,0.9518145758479943,42
43,0.3255669438176374,perceptual,IT,dcrandom,ReLu2,1.0563492247258532,43
44,0.23043692427462925,perceptual,IT,dcrandom,ReLu2,0.7409374199592532,44
45,0.33170058935085056,perceptual,IT,dcrandom,ReLu2,1.0780651540503752,45
46,0.2623986878587096,perceptual,IT,dcrandom,ReLu2,1.377751276155762,46
47,0.33580824651803703,perceptual,IT,dcrandom,ReLu2,1.064985832761666,47
48,0.208482472359439,perceptual,IT,dcrandom,ReLu2,0.6584731289089403,48
49,0.33142292807385126,perceptual,IT,dcrandom,ReLu2,1.5442084799409574,49
50,0.3148323521363158,perceptual,IT,dcrandom,ReLu2,0.9207251087416639,50
51,0.2714956763431796,perceptual,IT,dcrandom,ReLu2,0.9729107669654637,51
52,0.1199990358936814,perceptual,IT,dcrandom,ReLu2,0.4094093650513888,52
53,0.2992706235464543,perceptual,IT,dcrandom,ReLu2,0.9056459027148314,53
54,0.25498237389405265,perceptual,IT,dcrandom,ReLu2,0.6593571779737948,54
55,0.21484407633517022,perceptual,IT,dcrandom,ReLu2,0.7058478313819831,55
56,0.17769227391970263,perceptual,IT,dcrandom,ReLu2,0.5357802166343546,56
57,0.22201477558419336,perceptual,IT,dcrandom,ReLu2,0.8821452090126282,57
58,0.31494873919755345,perceptual,IT,dcrandom,ReLu2,0.975502638324532,58
59,0.23338652940834761,perceptual,IT,dcrandom,ReLu2,0.706778808445492,59
60,0.25325786573163794,perceptual,IT,dcrandom,ReLu2,0.9765925146631971,60
61,0.250998909349614,perceptual,IT,dcrandom,ReLu2,0.7751192592935691,61
62,0.2256743451775099,perceptual,IT,dcrandom,ReLu2,0.9426346036509619,62
63,0.15577612999104257,perceptual,IT,dcrandom,ReLu2,0.5355513701107132,63
64,0.31262881342732735,perceptual,IT,dcrandom,ReLu2,1.1359976244907692,64
65,0.23110005463809877,perceptual,IT,dcrandom,ReLu2,0.6398845590231408,65
66,0.24047328998327516,perceptual,IT,dcrandom,ReLu2,0.7807294944555299,66
67,0.3113148668110727,perceptual,IT,dcrandom,ReLu2,0.9225427708594907,67
68,0.28405319838630005,perceptual,IT,dcrandom,ReLu2,0.8519305734965288,68
69,0.24511866720662756,perceptual,IT,dcrandom,ReLu2,0.7297653574696655,69
70,0.1520106536178947,perceptual,IT,dcrandom,ReLu2,0.33999479518014364,70
71,0.24829359375464383,perceptual,IT,dcrandom,ReLu2,0.979072860848889,71
72,0.32440967451576036,perceptual,IT,dcrandom,ReLu2,1.4265794472404156,72
73,0.26980972815875437,perceptual,IT,dcrandom,ReLu2,0.8838123161039139,73
74,0.22666874674516435,perceptual,IT,dcrandom,ReLu2,0.836398805209987,74
75,0.225440767268454,perceptual,IT,dcrandom,ReLu2,0.9398289466034855,75
76,0.2727486283078966,perceptual,IT,dcrandom,ReLu2,0.880580718080628,76
77,0.2409417615347134,perceptual,IT,dcrandom,ReLu2,0.850420892689426,77
78,0.27892948605694207,perceptual,IT,dcrandom,ReLu2,0.9664918751725795,78
79,0.17784429060149706,perceptual,IT,dcrandom,ReLu2,0.33749786092537226,79
80,0.357364452403746,perceptual,IT,dcrandom,ReLu2,1.3618248919779516,80
81,0.24987928262646908,perceptual,IT,dcrandom,ReLu2,1.0820830468480622,81
82,0.2972213899834302,perceptual,IT,dcrandom,ReLu2,0.8312326354684224,82
83,0.33541664138568955,perceptual,IT,dcrandom,ReLu2,1.2748709929632356,83
84,0.3095110049047293,perceptual,IT,dcrandom,ReLu2,0.8602408954629417,84
85,0.23981148365470184,perceptual,IT,dcrandom,ReLu2,0.8236914598157883,85
86,0.26082220398352735,perceptual,IT,dcrandom,ReLu2,0.9238997784015152,86
87,0.2922551766513998,perceptual,IT,dcrandom,ReLu2,1.166279654808573,87
88,0.2565208748817544,perceptual,IT,dcrandom,ReLu2,1.107029110792615,88
89,0.29261228597258343,perceptual,IT,dcrandom,ReLu2,0.9448557619005299,89
90,0.2715336154580128,perceptual,IT,dcrandom,ReLu2,1.2187234428312483,90
91,0.22551892135397286,perceptual,IT,dcrandom,ReLu2,0.8602125784896507,91
92,0.22641763896945322,perceptual,IT,dcrandom,ReLu2,0.6724638712315241,92
93,0.3447286715666923,perceptual,IT,dcrandom,ReLu2,0.9996176019348872,93
94,0.2496573110990471,perceptual,IT,dcrandom,ReLu2,0.9527122385655649,94
95,0.19239257723009878,perceptual,IT,dcrandom,ReLu2,0.5826621371675691,95
96,0.2182300089722654,perceptual,IT,dcrandom,ReLu2,0.7963159540462414,96
97,0.1747205134926861,perceptual,IT,dcrandom,ReLu2,0.42844930381615487,97
98,0.21149907791242759,perceptual,IT,dcrandom,ReLu2,0.5765019606275251,98
99,0.3075032566941556,perceptual,IT,dcrandom,ReLu2,1.1711879624735753,99
100,0.3428005477823379,perceptual,IT,dcrandom,ReLu2,1.4162090997625936,100
101,0.30056851160080333,perceptual,IT,dcrandom,ReLu2,1.0180644413752407,101
102,0.20626618120257068,perceptual,IT,dcrandom,ReLu2,0.7641320882922591,102
103,0.33317192317415933,perceptual,IT,dcrandom,ReLu2,1.0009223365092734,103
104,0.2320339853121508,perceptual,IT,dcrandom,ReLu2,0.7935358351676598,104
105,0.31356691998455194,perceptual,IT,dcrandom,ReLu2,1.0301280129944415,105
106,0.31575524428159757,perceptual,IT,dcrandom,ReLu2,1.1536865069298776,106
107,0.2503903938186189,perceptual,IT,dcrandom,ReLu2,0.9554923343375821,107
108,0.37597347334561027,perceptual,IT,dcrandom,ReLu2,1.2991505457423937,108
109,0.22943880923854756,perceptual,IT,dcrandom,ReLu2,0.8209438579137929,109
110,0.2540902813624693,perceptual,IT,dcrandom,ReLu2,0.8128852948023284,110
111,0.2954025997575225,perceptual,IT,dcrandom,ReLu2,1.0218846013413057,111
112,0.3187516748462029,perceptual,IT,dcrandom,ReLu2,0.9163660790350918,112
113,0.31690226861947385,perceptual,IT,dcrandom,ReLu2,1.0547901627141163,113
114,0.28333611303748724,perceptual,IT,dcrandom,ReLu2,1.1129327406159053,114
115,0.3109282679312641,perceptual,IT,dcrandom,ReLu2,1.1069276845299159,115
116,0.30535388443688355,perceptual,IT,dcrandom,ReLu2,1.0381387575044974,116
117,0.2062137165355788,perceptual,IT,dcrandom,ReLu2,0.7270878254155555,117
118,0.27219677396617936,perceptual,IT,dcrandom,ReLu2,0.9849554354072376,118
119,0.32450763920513137,perceptual,IT,dcrandom,ReLu2,1.0858874042474524,119
120,0.28117794349637343,perceptual,IT,dcrandom,ReLu2,1.2257079770721206,120
121,0.3587038917544506,perceptual,IT,dcrandom,ReLu2,0.953220646063878,121
122,0.24133079540658145,perceptual,IT,dcrandom,ReLu2,0.7844528200703513,122
123,0.33203964565236377,perceptual,IT,dcrandom,ReLu2,1.1455964364242748,123
124,0.2753404086584973,perceptual,IT,dcrandom,ReLu2,0.9944652748110574,124
125,0.17084928986960093,perceptual,IT,dcrandom,ReLu2,0.4879798996599384,125
126,0.1460339221248173,perceptual,IT,dcrandom,ReLu2,0.5651783721732635,126
127,0.17058598248094023,perceptual,IT,dcrandom,ReLu2,0.6685222443839491,127
128,0.26202035761930664,perceptual,IT,dcrandom,ReLu2,1.0083628560487206,128
129,0.26532476645888725,perceptual,IT,dcrandom,ReLu2,0.6363248971191651,129
130,0.23361178096191315,perceptual,IT,dcrandom,ReLu2,0.835349048228416,130
131,0.316004407656823,perceptual,IT,dcrandom,ReLu2,1.2429668313557567,131
132,0.3685556114153968,perceptual,IT,dcrandom,ReLu2,1.2999703624654888,132
133,0.17840428622743157,perceptual,IT,dcrandom,ReLu2,0.6695587903650677,133
134,0.38013901689727975,perceptual,IT,dcrandom,ReLu2,1.3115528101569076,134
135,0.3312111930124779,perceptual,IT,dcrandom,ReLu2,1.34281395084939,135
136,0.31442855227462213,perceptual,IT,dcrandom,ReLu2,1.1520468800494854,136
137,0.2974146273149474,perceptual,IT,dcrandom,ReLu2,0.8600940093413416,137
138,0.30583038149543673,perceptual,IT,dcrandom,ReLu2,1.1750275682645834,138
139,0.21082360372696923,perceptual,IT,dcrandom,ReLu2,0.6097183425229183,139
140,0.3022332589130533,perceptual,IT,dcrandom,ReLu2,1.1961915336013007,140
141,0.29085939247652104,perceptual,IT,dcrandom,ReLu2,0.7353943383232171,141
142,0.26961074475080593,perceptual,IT,dcrandom,ReLu2,0.8630181528421712,142
143,0.22356249878301518,perceptual,IT,dcrandom,ReLu2,0.8012469950091876,143
144,0.27714223375341535,perceptual,IT,dcrandom,ReLu2,0.9334433704614016,144
145,0.231154379265833,perceptual,IT,dcrandom,ReLu2,0.7546187300143398,145
146,0.2405592287643268,perceptual,IT,dcrandom,ReLu2,1.0202041492632419,146
147,0.21515251914336014,perceptual,IT,dcrandom,ReLu2,0.6789120900066627,147
148,0.24509622416857038,perceptual,IT,dcrandom,ReLu2,0.7497761018042013,148
149,0.28372718819371295,perceptual,IT,dcrandom,ReLu2,0.8830325714426632,149
150,0.2586760714993287,perceptual,IT,dcrandom,ReLu2,0.9064151981949621,150
151,0.2726353769967382,perceptual,IT,dcrandom,ReLu2,0.9056378812462033,151
152,0.17512139061065096,perceptual,IT,dcrandom,ReLu2,0.5656502686309782,152
153,0.17903647884346474,perceptual,IT,dcrandom,ReLu2,0.5505753885519709,153
154,0.16633175031689756,perceptual,IT,dcrandom,ReLu2,0.6259965745129678,154
155,0.2317816498642943,perceptual,IT,dcrandom,ReLu2,0.9444965086516924,155
156,0.3170612738334005,perceptual,IT,dcrandom,ReLu2,1.1766504135143814,156
157,0.2857467031724165,perceptual,IT,dcrandom,ReLu2,1.0963904807880742,157
158,0.22753029932822422,perceptual,IT,dcrandom,ReLu2,0.8523882409457677,158
159,0.21675869159372912,perceptual,IT,dcrandom,ReLu2,0.7912140071163104,159
160,0.06108188461539773,perceptual,IT,dcrandom,ReLu2,0.11161346327899287,160
161,0.27735575096321846,perceptual,IT,dcrandom,ReLu2,0.6935155367035506,161
162,0.22474967021573267,perceptual,IT,dcrandom,ReLu2,0.7554615913515805,162
163,0.25920362313914697,perceptual,IT,dcrandom,ReLu2,0.9991084404066652,163
164,0.09412705861540185,perceptual,IT,dcrandom,ReLu2,0.2055625616090542,164
165,0.26714037645695554,perceptual,IT,dcrandom,ReLu2,1.1480130779273974,165
166,0.2618920101302662,perceptual,IT,dcrandom,ReLu2,0.9726271616498183,166
167,0.3446596458700457,perceptual,IT,dcrandom,ReLu2,1.3258416771668697,167
168,0.3091003714185447,perceptual,IT,dcrandom,ReLu2,1.0904280848132775,168
169,0.2293959172960068,perceptual,IT,dcrandom,ReLu2,0.7374338303864669,169
170,0.24371789750682768,perceptual,IT,dcrandom,ReLu2,1.0632694385661816,170
171,0.2107915639383222,perceptual,IT,dcrandom,ReLu2,0.7111217931167363,171
172,0.28070978273612346,perceptual,IT,dcrandom,ReLu2,0.8114352308461026,172
173,0.1531668304862912,perceptual,IT,dcrandom,ReLu2,0.5116971162896959,173
174,0.28963818864461605,perceptual,IT,dcrandom,ReLu2,1.0136329019189922,174
175,0.21577533959314105,perceptual,IT,dcrandom,ReLu2,0.5929624672075213,175
176,0.17821378170158025,perceptual,IT,dcrandom,ReLu2,0.6162982136476883,176
177,0.3443884419332614,perceptual,IT,dcrandom,ReLu2,1.0957666160196433,177
178,0.3201427764910173,perceptual,IT,dcrandom,ReLu2,1.071291229236898,178
179,0.23215081070185523,perceptual,IT,dcrandom,ReLu2,0.8407585038490551,179
180,0.2494576792773347,perceptual,IT,dcrandom,ReLu2,1.0536359683405763,180
181,0.23989844787914796,perceptual,IT,dcrandom,ReLu2,0.79811541104673,181
182,0.26351758388625496,perceptual,IT,dcrandom,ReLu2,0.7479194894276173,182
183,0.30778209374851107,perceptual,IT,dcrandom,ReLu2,1.0165152993426032,183
184,0.36278563371036715,perceptual,IT,dcrandom,ReLu2,0.842958594802671,184
185,0.2495703289804377,perceptual,IT,dcrandom,ReLu2,1.0310994608668886,185
186,0.30462665789002186,perceptual,IT,dcrandom,ReLu2,1.0831731428854783,186
187,0.26665656791009806,perceptual,IT,dcrandom,ReLu2,1.063481948860192,187
188,0.24598220999196257,perceptual,IT,dcrandom,ReLu2,0.9059198241532425,188
189,0.10523036132437696,perceptual,IT,dcrandom,ReLu2,0.34177746492084204,189
190,0.31876785657439555,perceptual,IT,dcrandom,ReLu2,1.1986711156431422,190
191,0.2165400827862025,perceptual,IT,dcrandom,ReLu2,0.6173764759298057,191
192,0.12803251968870077,perceptual,IT,dcrandom,ReLu2,0.3355283276922337,192
193,0.3185517976692313,perceptual,IT,dcrandom,ReLu2,1.527380326815789,193
194,0.34553692249213425,perceptual,IT,dcrandom,ReLu2,0.976588132254405,194
195,0.24749511503100569,perceptual,IT,dcrandom,ReLu2,0.925710854840058,195
196,0.2745862784656353,perceptual,IT,dcrandom,ReLu2,0.8555519347220946,196
197,0.11682534385699209,perceptual,IT,dcrandom,ReLu2,0.3449559546218941,197
198,0.2664967567332431,perceptual,IT,dcrandom,ReLu2,0.9848776412723816,198
199,0.26131800942823435,perceptual,IT,dcrandom,ReLu2,0.9541858151441189,199
200,0.19374684018624694,perceptual,IT,dcrandom,ReLu2,0.6175480945913944,200
201,0.14735878262937002,perceptual,IT,dcrandom,ReLu2,0.4432124668142261,201
202,0.1815325759782714,perceptual,IT,dcrandom,ReLu2,0.5773619328744752,202
203,0.27176651593119194,perceptual,IT,dcrandom,ReLu2,0.6699851009954196,203
204,0.30422821265774413,perceptual,IT,dcrandom,ReLu2,0.811824185137815,204
205,0.33282092448579853,perceptual,IT,dcrandom,ReLu2,1.1732572941270445,205
206,0.20796112463826233,perceptual,IT,dcrandom,ReLu2,0.7585109139639031,206
207,0.24657967680146306,perceptual,IT,dcrandom,ReLu2,0.798340515496487,207
208,0.34097909442036495,perceptual,IT,dcrandom,ReLu2,1.0649561739212734,208
209,0.29827209893753254,perceptual,IT,dcrandom,ReLu2,0.7895172531190546,209
210,0.219289143209458,perceptual,IT,dcrandom,ReLu2,0.6435398963572584,210
211,0.24305147196353283,perceptual,IT,dcrandom,ReLu2,0.7640731533560988,211
212,0.26226894379598775,perceptual,IT,dcrandom,ReLu2,0.9787316372915003,212
213,0.25663334002462773,perceptual,IT,dcrandom,ReLu2,0.7067725930625173,213
214,0.27135009117349806,perceptual,IT,dcrandom,ReLu2,1.0175085889739373,214
215,0.16076048788554967,perceptual,IT,dcrandom,ReLu2,0.5232836854469034,215
216,0.11771910029156232,perceptual,IT,dcrandom,ReLu2,0.3560653359977455,216
217,0.18626026632466175,perceptual,IT,dcrandom,ReLu2,0.5602364653496779,217
218,0.20182147885519142,perceptual,IT,dcrandom,ReLu2,0.6203532345768665,218
219,0.25709512631387577,perceptual,IT,dcrandom,ReLu2,0.9095484718765646,219
220,0.30777532651050343,perceptual,IT,dcrandom,ReLu2,1.0984798883129883,220
221,0.2929956741927762,perceptual,IT,dcrandom,ReLu2,0.8171497333444663,221
222,0.25433408068564034,perceptual,IT,dcrandom,ReLu2,0.7555755356172407,222
223,0.27328001061353996,perceptual,IT,dcrandom,ReLu2,0.8083469624805477,223
224,0.2531927694430248,perceptual,IT,dcrandom,ReLu2,1.0394240088017437,224
225,0.21530667428006298,perceptual,IT,dcrandom,ReLu2,0.8822781213756973,225
226,0.24396609625356655,perceptual,IT,dcrandom,ReLu2,0.7167799755088753,226
227,0.2051920543556765,perceptual,IT,dcrandom,ReLu2,0.6155652271750818,227
228,0.2640006387203432,perceptual,IT,dcrandom,ReLu2,0.9805000795880673,228
229,0.2593082111359707,perceptual,IT,dcrandom,ReLu2,0.821151597773562,229
230,0.294485175055425,perceptual,IT,dcrandom,ReLu2,0.9715168545616846,230
231,0.3077085224112052,perceptual,IT,dcrandom,ReLu2,0.9015213628608817,231
232,0.28064072914319715,perceptual,IT,dcrandom,ReLu2,0.6963768596692782,232
233,0.27792445667995613,perceptual,IT,dcrandom,ReLu2,0.8448829728479066,233
234,0.23989487872490525,perceptual,IT,dcrandom,ReLu2,0.9454015676697813,234
235,0.29322031093804857,perceptual,IT,dcrandom,ReLu2,1.0989672540359998,235
236,0.27621174506420365,perceptual,IT,dcrandom,ReLu2,1.284496375831952,236
237,0.2679526331536143,perceptual,IT,dcrandom,ReLu2,0.905631374438486,237
238,0.2366857999165013,perceptual,IT,dcrandom,ReLu2,0.81002777668439,238
239,0.3646126909838395,perceptual,IT,dcrandom,ReLu2,1.3396732953142076,239
240,0.3696876747635621,perceptual,IT,dcrandom,ReLu2,1.5533694983539172,240
241,0.1790964840862781,perceptual,IT,dcrandom,ReLu2,0.6437303058071338,241
242,0.14520972858149434,perceptual,IT,dcrandom,ReLu2,0.5197959388759337,242
243,0.36304630828938106,perceptual,IT,dcrandom,ReLu2,1.4959502549613894,243
244,0.24724973432462272,perceptual,IT,dcrandom,ReLu2,0.8453003188273649,244
245,0.13395612796484682,perceptual,IT,dcrandom,ReLu2,0.4247967560714667,245
246,0.27814392741044325,perceptual,IT,dcrandom,ReLu2,0.9498264487967367,246
247,0.2957519304551963,perceptual,IT,dcrandom,ReLu2,0.8824546850817024,247
248,0.24421092229592914,perceptual,IT,dcrandom,ReLu2,1.1668293478051817,248
249,0.1822153820218221,perceptual,IT,dcrandom,ReLu2,0.4649487542709468,249
250,0.30633488149179083,perceptual,IT,dcrandom,ReLu2,1.122427862560704,250
251,0.19513348569630928,perceptual,IT,dcrandom,ReLu2,0.6030088621980785,251
252,0.2973608175461173,perceptual,IT,dcrandom,ReLu2,1.0131479805238066,252
253,0.3054549606762803,perceptual,IT,dcrandom,ReLu2,0.8623975230534766,253
254,0.18224119115779597,perceptual,IT,dcrandom,ReLu2,0.7249579272832071,254
255,0.20165624653837247,perceptual,IT,dcrandom,ReLu2,0.743408860602681,255
256,0.26435885520820995,perceptual,IT,dcrandom,ReLu2,0.6728082441511761,256
257,0.19196342276087103,perceptual,IT,dcrandom,ReLu2,0.8935511404902502,257
258,0.20375424242558995,perceptual,IT,dcrandom,ReLu2,0.4781260074148111,258
259,0.29696601697786934,perceptual,IT,dcrandom,ReLu2,0.8994419250349792,259
260,0.18341926010433732,perceptual,IT,dcrandom,ReLu2,0.6180902638956316,260
261,0.20668439198443153,perceptual,IT,dcrandom,ReLu2,0.7158974033807114,261
262,0.3001132880956995,perceptual,IT,dcrandom,ReLu2,0.8500539000089049,262
263,0.21126539387881857,perceptual,IT,dcrandom,ReLu2,0.7986577361162879,263
264,0.09246739853207321,perceptual,IT,dcrandom,ReLu2,0.2520506768342683,264
265,0.2184890814868095,perceptual,IT,dcrandom,ReLu2,0.6077283120290803,265
266,0.26515335643542765,perceptual,IT,dcrandom,ReLu2,0.8547952387597787,266
267,0.3018362265612835,perceptual,IT,dcrandom,ReLu2,0.9111091454369491,267
268,0.22060559240235922,perceptual,IT,dcrandom,ReLu2,0.6496710990637815,268
269,0.15023615413673042,perceptual,IT,dcrandom,ReLu2,0.481258609944204,269
270,0.2205269748606335,perceptual,IT,dcrandom,ReLu2,0.776467602665809,270
271,0.2521394033137267,perceptual,IT,dcrandom,ReLu2,0.8630054691309784,271
272,0.22519171311088304,perceptual,IT,dcrandom,ReLu2,0.6169542902396898,272
273,0.23986720150653254,perceptual,IT,dcrandom,ReLu2,0.792315579118912,273
274,0.33420250298788956,perceptual,IT,dcrandom,ReLu2,0.8798257835091539,274
275,0.11444572700479788,perceptual,IT,dcrandom,ReLu2,0.3329559383888545,275
276,0.2791251204496913,perceptual,IT,dcrandom,ReLu2,1.0203265071741043,276
277,0.26245534468070597,perceptual,IT,dcrandom,ReLu2,0.8394437677201043,277
278,0.17321413759210338,perceptual,IT,dcrandom,ReLu2,0.6236786579265741,278
279,0.2119600507941737,perceptual,IT,dcrandom,ReLu2,0.7263064182461961,279
280,0.23683418351261074,perceptual,IT,dcrandom,ReLu2,0.8941970544998983,280
281,0.25174896603441305,perceptual,IT,dcrandom,ReLu2,0.660505892399476,281
282,0.14263150745087272,perceptual,IT,dcrandom,ReLu2,0.3696031685561705,282
283,0.15827285469411248,perceptual,IT,dcrandom,ReLu2,0.49447161985741256,283
284,0.20045717486797746,perceptual,IT,dcrandom,ReLu2,0.5880076143375141,284
285,0.21188030833274937,perceptual,IT,dcrandom,ReLu2,0.8563765949946016,285
286,0.2494940976876024,perceptual,IT,dcrandom,ReLu2,0.9791563012422988,286
287,0.23420601977294042,perceptual,IT,dcrandom,ReLu2,0.7546778951233573,287
288,0.2916814456617133,perceptual,IT,dcrandom,ReLu2,0.8746261697266922,288
289,0.3507513980450931,perceptual,IT,dcrandom,ReLu2,1.1756500217014088,289
290,0.3427165015688459,perceptual,IT,dcrandom,ReLu2,1.1692461519350692,290
291,0.3161850092590203,perceptual,IT,dcrandom,ReLu2,1.1727747625786287,291
292,0.34553639677193454,perceptual,IT,dcrandom,ReLu2,1.1782838555918513,292
293,0.20939242457501983,perceptual,IT,dcrandom,ReLu2,0.6931588303050628,293
294,0.21247185234260157,perceptual,IT,dcrandom,ReLu2,0.9739078973201964,294
295,0.24251486955522553,perceptual,IT,dcrandom,ReLu2,0.8999384119867953,295
296,0.25689279903206425,perceptual,IT,dcrandom,ReLu2,1.0141174166780278,296
297,0.32378435799218247,perceptual,IT,dcrandom,ReLu2,1.1684279751056679,297
298,0.20355231136143936,perceptual,IT,dcrandom,ReLu2,0.7248278124475249,298
299,0.20517702174545585,perceptual,IT,dcrandom,ReLu2,0.7671682843745584,299
300,0.24882304291578644,perceptual,IT,dcrandom,ReLu2,0.7675148553505381,300
301,0.20658506093999676,perceptual,IT,dcrandom,ReLu2,0.9177826988834674,301
302,0.3103587518629278,perceptual,IT,dcrandom,ReLu2,1.1582103996164026,302
303,0.26899174654555863,perceptual,IT,dcrandom,ReLu2,0.9023314494389564,303
304,0.26422764008744876,perceptual,IT,dcrandom,ReLu2,1.1963460372970145,304
305,0.22786016601373563,perceptual,IT,dcrandom,ReLu2,0.6305711722069394,305
306,0.23573782243328423,perceptual,IT,dcrandom,ReLu2,0.7463970251883534,306
307,0.29195725817267293,perceptual,IT,dcrandom,ReLu2,0.8096835664237023,307
308,0.31288112513541666,perceptual,IT,dcrandom,ReLu2,0.9604479143494428,308
309,0.2777935874942321,perceptual,IT,dcrandom,ReLu2,0.9252038930907325,309
310,0.21230091819801916,perceptual,IT,dcrandom,ReLu2,0.7567729464235813,310
311,0.31881734576331033,perceptual,IT,dcrandom,ReLu2,1.1260651916487872,311
312,0.30865751650678924,perceptual,IT,dcrandom,ReLu2,1.1369975183491485,312
313,0.2112209821794896,perceptual,IT,dcrandom,ReLu2,0.6087569820128401,313
314,0.24475358662236082,perceptual,IT,dcrandom,ReLu2,0.8485961773120185,314
315,0.23430274782363422,perceptual,IT,dcrandom,ReLu2,0.7540909312627334,315
316,0.21569453987870144,perceptual,IT,dcrandom,ReLu2,0.8775956885948768,316
317,0.24748509383621398,perceptual,IT,dcrandom,ReLu2,0.8501771050786741,317
318,0.24582413323278748,perceptual,IT,dcrandom,ReLu2,0.8731188493589346,318
319,0.2916502312835774,perceptual,IT,dcrandom,ReLu2,1.0696858948958894,319
320,0.20663831765380328,perceptual,IT,dcrandom,ReLu2,0.7045725481262801,320
321,0.15569506462692007,perceptual,IT,dcrandom,ReLu2,0.5003317715432967,321
322,0.1599466639241944,perceptual,IT,dcrandom,ReLu2,0.45823936211246513,322
323,0.19425480697050615,perceptual,IT,dcrandom,ReLu2,0.8820109166523977,323
324,0.1666828660442892,perceptual,IT,dcrandom,ReLu2,0.45422029906142847,324
325,0.07167929088460713,perceptual,IT,dcrandom,ReLu2,0.18500247036032652,325
326,0.32558312299650505,perceptual,IT,dcrandom,ReLu2,0.9820959755384604,326
327,0.4610130401553647,perceptual,IT,dcrandom,ReLu2,1.1471430924320885,327
328,0.21284467362909415,perceptual,IT,dcrandom,ReLu2,0.8121381905991879,328
329,0.21418870455828587,perceptual,IT,dcrandom,ReLu2,0.8919476416499764,329
330,0.19021108345071192,perceptual,IT,dcrandom,ReLu2,0.6404683565064804,330
331,0.28606084399579296,perceptual,IT,dcrandom,ReLu2,1.1859103057309166,331
332,0.24541417080089473,perceptual,IT,dcrandom,ReLu2,0.788737580892394,332
333,0.1769027360982733,perceptual,IT,dcrandom,ReLu2,0.6331993282045616,333
334,0.24972040953412214,perceptual,IT,dcrandom,ReLu2,0.7166463251381243,334
335,0.2506992150589611,perceptual,IT,dcrandom,ReLu2,0.9315761322455854,335
336,0.32850128142387625,perceptual,IT,dcrandom,ReLu2,0.9284501411485411,336
337,0.25344102813957287,perceptual,IT,dcrandom,ReLu2,0.7576008460628667,337
338,0.2441888694641924,perceptual,IT,dcrandom,ReLu2,0.8416562557730265,338
339,-0.037590123070114244,perceptual,IT,dcrandom,ReLu2,-0.09349897049001366,339
340,0.1716254013186099,perceptual,IT,dcrandom,ReLu2,0.5430774446317311,340
341,0.3055425330024138,perceptual,IT,dcrandom,ReLu2,0.8196595749993008,341
342,0.29700467656466645,perceptual,IT,dcrandom,ReLu2,0.9922240453567108,342
343,0.18120639645863854,perceptual,IT,dcrandom,ReLu2,0.7257935022266061,343
344,0.29214383838942803,perceptual,IT,dcrandom,ReLu2,1.1282357529012266,344
345,0.3183391480122193,perceptual,IT,dcrandom,ReLu2,0.996742199572623,345
346,0.23102894891234332,perceptual,IT,dcrandom,ReLu2,1.0118645024334274,346
347,0.2810544502405961,perceptual,IT,dcrandom,ReLu2,0.6061208254553705,347
348,0.3042090113447904,perceptual,IT,dcrandom,ReLu2,1.1805699404267433,348
349,0.22075482500163185,perceptual,IT,dcrandom,ReLu2,0.7942958960370486,349
350,0.27276682644263445,perceptual,IT,dcrandom,ReLu2,0.8124793514411357,350
351,0.14785582219920282,perceptual,IT,dcrandom,ReLu2,0.5010722294519956,351
352,0.19345918615831437,perceptual,IT,dcrandom,ReLu2,0.771954917779204,352
353,0.2557057709452953,perceptual,IT,dcrandom,ReLu2,0.7258011487323273,353
354,0.26774642112679475,perceptual,IT,dcrandom,ReLu2,1.0585543844122864,354
355,0.27734868431838117,perceptual,IT,dcrandom,ReLu2,1.1954030017419814,355
356,0.24521313035822923,perceptual,IT,dcrandom,ReLu2,0.5896849423857287,356
357,0.321879343962566,perceptual,IT,dcrandom,ReLu2,0.9704077391632424,357
358,0.2714408077992665,perceptual,IT,dcrandom,ReLu2,0.9277678325356487,358
359,0.23001923971278343,perceptual,IT,dcrandom,ReLu2,0.7655994698077702,359
360,0.35038522327255656,perceptual,IT,dcrandom,ReLu2,1.458411820657075,360
361,0.2191692710745034,perceptual,IT,dcrandom,ReLu2,0.9122941739202288,361
362,0.2691540790415551,perceptual,IT,dcrandom,ReLu2,1.1040488378373012,362
363,0.2519207100965714,perceptual,IT,dcrandom,ReLu2,0.9762658301072514,363
364,0.2439414547549231,perceptual,IT,dcrandom,ReLu2,0.7769643852779395,364
365,0.22935999324957282,perceptual,IT,dcrandom,ReLu2,0.6878215900019944,365
366,0.3005652638396107,perceptual,IT,dcrandom,ReLu2,0.8596072114925957,366
367,0.25227848417629595,perceptual,IT,dcrandom,ReLu2,0.9544492257742736,367
368,0.22936021584191646,perceptual,IT,dcrandom,ReLu2,0.7613851328574017,368
369,0.20389757345499146,perceptual,IT,dcrandom,ReLu2,0.6144877052974254,369
370,0.24952638289619003,perceptual,IT,dcrandom,ReLu2,0.8488393784127705,370
371,0.2283544983740467,perceptual,IT,dcrandom,ReLu2,0.6918699774863357,371
372,0.3020297329923739,perceptual,IT,dcrandom,ReLu2,1.1200628159474815,372
373,0.2769633511142209,perceptual,IT,dcrandom,ReLu2,0.66657702112481,373
374,0.2539750656021078,perceptual,IT,dcrandom,ReLu2,0.7728805506890306,374
375,0.26267476870881556,perceptual,IT,dcrandom,ReLu2,0.9475890590358454,375
376,0.2433816316096472,perceptual,IT,dcrandom,ReLu2,1.0180029739085188,376
377,0.2314788774730143,perceptual,IT,dcrandom,ReLu2,0.8126806455526467,377
378,0.34441122407601243,perceptual,IT,dcrandom,ReLu2,1.2941315576189742,378
379,0.2326396446058497,perceptual,IT,dcrandom,ReLu2,0.9048680424291833,379
380,0.17202483780785058,perceptual,IT,dcrandom,ReLu2,0.42863939160271153,380
381,0.26909654571839536,perceptual,IT,dcrandom,ReLu2,1.0795384084078294,381
382,0.29682314110550617,perceptual,IT,dcrandom,ReLu2,0.9907072120027244,382
383,0.23905923578041743,perceptual,IT,dcrandom,ReLu2,0.8555209868207121,383
384,0.18404182684129672,perceptual,IT,dcrandom,ReLu2,0.7342279528567804,384
385,0.30172345702002573,perceptual,IT,dcrandom,ReLu2,1.1357365059737832,385
386,0.19735362034715162,perceptual,IT,dcrandom,ReLu2,0.7604147647563184,386
387,0.2838018892239364,perceptual,IT,dcrandom,ReLu2,1.1515532142268554,387
388,0.3500043742300826,perceptual,IT,dcrandom,ReLu2,0.7694013677847378,388
389,0.267036790093059,perceptual,IT,dcrandom,ReLu2,0.8972184157802503,389
390,0.22502304006215784,perceptual,IT,dcrandom,ReLu2,0.6102596514385373,390
391,0.21964525719121783,perceptual,IT,dcrandom,ReLu2,0.6675119121223266,391
392,0.2621177470178339,perceptual,IT,dcrandom,ReLu2,0.9300189031304671,392
393,0.15662282383292334,perceptual,IT,dcrandom,ReLu2,0.6153424389464413,393
394,0.22084374606468057,perceptual,IT,dcrandom,ReLu2,0.5698264123220845,394
395,0.3773158254168209,perceptual,IT,dcrandom,ReLu2,1.2199257388481821,395
396,0.29194438015423874,perceptual,IT,dcrandom,ReLu2,0.9280472737357373,396
397,0.25769271020860496,perceptual,IT,dcrandom,ReLu2,0.8419030855378258,397
398,0.24346428717480656,perceptual,IT,dcrandom,ReLu2,0.8480370506255948,398
399,0.23458658279252972,perceptual,IT,dcrandom,ReLu2,0.8751315672710704,399
400,0.18464186669720098,perceptual,IT,dcrandom,ReLu2,0.6520115705901756,400
401,0.2192571545367597,perceptual,IT,dcrandom,ReLu2,0.8012849109184803,401
402,0.23720091085483377,perceptual,IT,dcrandom,ReLu2,0.9195970934025507,402
403,0.19038327672319172,perceptual,IT,dcrandom,ReLu2,0.6144332527964513,403
404,0.24888354445863256,perceptual,IT,dcrandom,ReLu2,0.7618878423245496,404
405,0.316262844991333,perceptual,IT,dcrandom,ReLu2,0.9414667838237086,405
406,0.32502065430757643,perceptual,IT,dcrandom,ReLu2,1.108841724926628,406
407,0.2269389943386001,perceptual,IT,dcrandom,ReLu2,0.9572138621840497,407
408,0.2861593237776777,perceptual,IT,dcrandom,ReLu2,1.0997534614368365,408
409,0.2813590149866966,perceptual,IT,dcrandom,ReLu2,1.0250794363771436,409
410,0.2422467876807914,perceptual,IT,dcrandom,ReLu2,0.9230049154237939,410
411,0.2827803877899192,perceptual,IT,dcrandom,ReLu2,1.153980171781246,411
412,0.2794516431881648,perceptual,IT,dcrandom,ReLu2,0.8898946177976357,412
413,0.17756079280349446,perceptual,IT,dcrandom,ReLu2,0.6172474617826051,413
414,0.23599955933323397,perceptual,IT,dcrandom,ReLu2,0.8526532843670507,414
415,0.26620127867418264,perceptual,IT,dcrandom,ReLu2,1.119864975257949,415
416,0.2860393779381292,perceptual,IT,dcrandom,ReLu2,1.1645184028816438,416
417,0.22036389602506581,perceptual,IT,dcrandom,ReLu2,0.8644469384453248,417
418,0.30257448821890337,perceptual,IT,dcrandom,ReLu2,0.9997446489280064,418
419,0.2689385803085612,perceptual,IT,dcrandom,ReLu2,0.9673346704077803,419
420,0.25767950377608323,perceptual,IT,dcrandom,ReLu2,0.8045539246654533,420
421,0.33798727896246517,perceptual,IT,dcrandom,ReLu2,1.0410110817341036,421
422,0.2376517962507715,perceptual,IT,dcrandom,ReLu2,0.6078411629057362,422
423,0.3335851799144727,perceptual,IT,dcrandom,ReLu2,1.2429853382889187,423
424,0.3138378940247912,perceptual,IT,dcrandom,ReLu2,1.1918326576714957,424
425,0.24141105087220155,perceptual,IT,dcrandom,ReLu2,0.8634893327621281,425
426,0.31347991376757806,perceptual,IT,dcrandom,ReLu2,1.062937736382533,426
427,0.26437340654758523,perceptual,IT,dcrandom,ReLu2,0.7715928075610239,427
428,0.12152778316566626,perceptual,IT,dcrandom,ReLu2,0.3192719821169414,428
429,0.1811594936939766,perceptual,IT,dcrandom,ReLu2,0.4994166647915186,429
430,0.20277757374395053,perceptual,IT,dcrandom,ReLu2,0.617539018419915,430
431,0.3418934317105677,perceptual,IT,dcrandom,ReLu2,1.3179546629856165,431
432,0.3565903094324256,perceptual,IT,dcrandom,ReLu2,1.0689120229367113,432
433,0.33616232740411317,perceptual,IT,dcrandom,ReLu2,1.0207962853144092,433
434,0.24293737423140754,perceptual,IT,dcrandom,ReLu2,0.6550196632520806,434
435,0.29033217895509233,perceptual,IT,dcrandom,ReLu2,0.9558725684067411,435
436,0.26115184627974586,perceptual,IT,dcrandom,ReLu2,0.829326379733277,436
437,0.29911898965210687,perceptual,IT,dcrandom,ReLu2,0.9784106066767796,437
438,0.28981197803218917,perceptual,IT,dcrandom,ReLu2,1.3668444649626719,438
439,0.2800476306384527,perceptual,IT,dcrandom,ReLu2,0.9338260618699674,439
440,0.12886072254350406,perceptual,IT,dcrandom,ReLu2,0.4474406531534133,440
441,0.26741380756860167,perceptual,IT,dcrandom,ReLu2,0.8967841138762334,441
442,0.3118306217464737,perceptual,IT,dcrandom,ReLu2,1.262359880100227,442
443,0.09875997292997123,perceptual,IT,dcrandom,ReLu2,0.2874148855520804,443
444,0.2935333447084564,perceptual,IT,dcrandom,ReLu2,1.1978731108615428,444
445,0.27341996883803454,perceptual,IT,dcrandom,ReLu2,1.0045022413747478,445
446,0.2208618496539316,perceptual,IT,dcrandom,ReLu2,0.8283552930806743,446
447,0.28375222575207876,perceptual,IT,dcrandom,ReLu2,0.7756411937907273,447
448,0.36257219383657563,perceptual,IT,dcrandom,ReLu2,1.3551756302706295,448
449,0.15517216678067952,perceptual,IT,dcrandom,ReLu2,0.5524212878886297,449
450,0.2252810775565556,perceptual,IT,dcrandom,ReLu2,0.873317397531767,450
451,0.3598972395829191,perceptual,IT,dcrandom,ReLu2,1.4062637960655051,451
452,0.16822962774623154,perceptual,IT,dcrandom,ReLu2,0.7121447028004232,452
453,0.14302067707500954,perceptual,IT,dcrandom,ReLu2,0.39860638269165033,453
454,0.250378156182318,perceptual,IT,dcrandom,ReLu2,0.8436891756823885,454
455,0.27684470899218655,perceptual,IT,dcrandom,ReLu2,1.0139164425517686,455
456,0.33475144275438473,perceptual,IT,dcrandom,ReLu2,1.394605836652181,456
457,0.12979026137786268,perceptual,IT,dcrandom,ReLu2,0.43833772018712797,457
458,0.2716340543538744,perceptual,IT,dcrandom,ReLu2,0.9941336901354214,458
459,0.3994769740282559,perceptual,IT,dcrandom,ReLu2,1.1255974824853865,459
460,0.26032272059071576,perceptual,IT,dcrandom,ReLu2,0.8319174667566078,460
461,0.2669022351128127,perceptual,IT,dcrandom,ReLu2,0.86340333039491,461
462,0.19361678159572507,perceptual,IT,dcrandom,ReLu2,0.6948448521982583,462
463,0.13441147952709784,perceptual,IT,dcrandom,ReLu2,0.4546362596661153,463
464,0.2734799406514145,perceptual,IT,dcrandom,ReLu2,1.0717132769856321,464
465,0.2601228141263012,perceptual,IT,dcrandom,ReLu2,0.8918316935951112,465
466,0.2958618042028509,perceptual,IT,dcrandom,ReLu2,1.068338020622025,466
467,0.31284902388632885,perceptual,IT,dcrandom,ReLu2,1.1777966080581725,467
468,0.2522401882223966,perceptual,IT,dcrandom,ReLu2,0.7506661124655278,468
469,0.06658888686912465,perceptual,IT,dcrandom,ReLu2,0.20160270838415525,469
470,0.24027053515565008,perceptual,IT,dcrandom,ReLu2,0.6268654064519531,470
471,0.31454795594479357,perceptual,IT,dcrandom,ReLu2,1.007691266831724,471
472,0.25982216992277224,perceptual,IT,dcrandom,ReLu2,1.0903251474287443,472
473,0.23640575831577373,perceptual,IT,dcrandom,ReLu2,0.6381893969604565,473
474,0.2548417470505685,perceptual,IT,dcrandom,ReLu2,0.7045989404523052,474
475,0.22210382405147472,perceptual,IT,dcrandom,ReLu2,0.7344874466938076,475
476,0.211985233181106,perceptual,IT,dcrandom,ReLu2,0.731162713458201,476
477,0.24429019432063886,perceptual,IT,dcrandom,ReLu2,0.8863929691917118,477
478,0.3222211376628482,perceptual,IT,dcrandom,ReLu2,1.1907085221263904,478
479,0.23424877557650933,perceptual,IT,dcrandom,ReLu2,0.7770271987514767,479
480,0.25867471354478416,perceptual,IT,dcrandom,ReLu2,0.957038926925206,480
481,0.21241108913166454,perceptual,IT,dcrandom,ReLu2,0.763014947205904,481
482,0.26781489940163056,perceptual,IT,dcrandom,ReLu2,0.8570358119578214,482
483,0.23167394142286804,perceptual,IT,dcrandom,ReLu2,0.8313848619850669,483
484,0.17822853573397585,perceptual,IT,dcrandom,ReLu2,0.6428690285498597,484
485,0.2177215146645945,perceptual,IT,dcrandom,ReLu2,0.646331122962497,485
486,0.2411422648736907,perceptual,IT,dcrandom,ReLu2,0.8352457509809978,486
487,0.22646197538163826,perceptual,IT,dcrandom,ReLu2,0.6524908658193589,487
488,0.30018993268764294,perceptual,IT,dcrandom,ReLu2,1.0508958232402001,488
489,0.15121035212078135,perceptual,IT,dcrandom,ReLu2,0.42322095733758336,489
490,0.17212635268423654,perceptual,IT,dcrandom,ReLu2,0.5920528022853216,490
491,0.22088557866011185,perceptual,IT,dcrandom,ReLu2,0.7340769234535822,491
492,0.20896770573677756,perceptual,IT,dcrandom,ReLu2,0.6518515744024265,492
493,0.19594205229723666,perceptual,IT,dcrandom,ReLu2,0.5393183574093008,493
494,0.17443561096282767,perceptual,IT,dcrandom,ReLu2,0.6828274659150568,494
495,0.12957114989358215,perceptual,IT,dcrandom,ReLu2,0.4006173462724636,495
496,0.24407663852953512,perceptual,IT,dcrandom,ReLu2,1.0153412680935425,496
497,0.27757587627524055,perceptual,IT,dcrandom,ReLu2,0.7997636457237817,497
498,0.24519260653026423,perceptual,IT,dcrandom,ReLu2,0.6862781395780246,498
499,0.22445533481506755,perceptual,IT,dcrandom,ReLu2,0.9069632863760992,499
500,0.15218192182585846,perceptual,IT,dcrandom,ReLu2,0.386151984903581,500
501,0.29963032205931556,perceptual,IT,dcrandom,ReLu2,1.1861949473948286,501
502,0.24157847119222498,perceptual,IT,dcrandom,ReLu2,0.8269869545046118,502
503,0.21170657014987376,perceptual,IT,dcrandom,ReLu2,0.6523152466760009,503
504,0.17080566075046635,perceptual,IT,dcrandom,ReLu2,0.7385968048142776,504
505,0.08690595858645671,perceptual,IT,dcrandom,ReLu2,0.2016879669740313,505
506,0.2924937558391986,perceptual,IT,dcrandom,ReLu2,1.0570942586768926,506
507,0.25204331915839534,perceptual,IT,dcrandom,ReLu2,0.8955921726492391,507
508,0.2527339464573949,perceptual,IT,dcrandom,ReLu2,0.9367845724945625,508
509,0.33376841865217227,perceptual,IT,dcrandom,ReLu2,1.1344807343987784,509
510,0.2275460547255172,perceptual,IT,dcrandom,ReLu2,0.8222086555976547,510
511,0.20173661473240564,perceptual,IT,dcrandom,ReLu2,0.7470636724355277,511
512,0.164388126085491,perceptual,IT,dcrandom,ReLu2,0.5171236785813325,512
513,0.18699722014626113,perceptual,IT,dcrandom,ReLu2,0.58629452587182,513
514,0.35096465540660876,perceptual,IT,dcrandom,ReLu2,1.1767609731852398,514
515,0.30368107149413576,perceptual,IT,dcrandom,ReLu2,1.2413320047022842,515
516,0.2611150714411576,perceptual,IT,dcrandom,ReLu2,0.8102331780556021,516
517,0.2824070072445401,perceptual,IT,dcrandom,ReLu2,1.151535245688284,517
518,0.27685925969816755,perceptual,IT,dcrandom,ReLu2,0.930655902762565,518
519,0.22562747875307246,perceptual,IT,dcrandom,ReLu2,0.7603919003683994,519
520,0.20886848732012192,perceptual,IT,dcrandom,ReLu2,0.8267209484235409,520
521,0.23546599247693675,perceptual,IT,dcrandom,ReLu2,1.0657874896028903,521
522,0.24705098729070488,perceptual,IT,dcrandom,ReLu2,0.9869896976561211,522
523,0.2529777959219471,perceptual,IT,dcrandom,ReLu2,0.8429878068503418,523
524,0.17350380086318173,perceptual,IT,dcrandom,ReLu2,0.6979255697925819,524
525,0.26973655049688955,perceptual,IT,dcrandom,ReLu2,0.8141022213558027,525
526,0.1699669349989008,perceptual,IT,dcrandom,ReLu2,0.5231844401495456,526
527,0.317328223282718,perceptual,IT,dcrandom,ReLu2,1.2315028957430108,527
528,0.2200291822013459,perceptual,IT,dcrandom,ReLu2,0.7132623594106984,528
529,0.3358202391217083,perceptual,IT,dcrandom,ReLu2,1.0556101505034943,529
530,0.20966066030103517,perceptual,IT,dcrandom,ReLu2,0.7037574524740331,530
531,0.324112685511922,perceptual,IT,dcrandom,ReLu2,1.0599861859958,531
532,0.17897256008352164,perceptual,IT,dcrandom,ReLu2,0.5882340343727362,532
533,0.25160759982395914,perceptual,IT,dcrandom,ReLu2,0.8355093725306143,533
534,0.24557993726930105,perceptual,IT,dcrandom,ReLu2,1.0040205549329877,534
535,0.31719028854918785,perceptual,IT,dcrandom,ReLu2,1.156420463501731,535
536,0.1677063891738328,perceptual,IT,dcrandom,ReLu2,0.48281785169424446,536
537,0.25600739630997016,perceptual,IT,dcrandom,ReLu2,0.9642023189863849,537
538,0.3182462951404778,perceptual,IT,dcrandom,ReLu2,0.8227444197393247,538
539,0.3036222924425969,perceptual,IT,dcrandom,ReLu2,1.194704267551256,539
540,0.36389943140277575,perceptual,IT,dcrandom,ReLu2,1.1527986456204842,540
541,0.21032048187010385,perceptual,IT,dcrandom,ReLu2,0.7320657659076099,541
542,0.2524884544608428,perceptual,IT,dcrandom,ReLu2,0.9326758454794235,542
543,0.16354497690895886,perceptual,IT,dcrandom,ReLu2,0.5731696427346709,543
544,0.30696773042046105,perceptual,IT,dcrandom,ReLu2,1.264825445640033,544
545,0.32204303698940656,perceptual,IT,dcrandom,ReLu2,1.5218716077374803,545
546,0.24367337245469067,perceptual,IT,dcrandom,ReLu2,0.9298056395472848,546
547,0.33375730168513884,perceptual,IT,dcrandom,ReLu2,1.2312068697999057,547
548,0.28821285033489136,perceptual,IT,dcrandom,ReLu2,1.2173589988770355,548
549,0.28487061715660666,perceptual,IT,dcrandom,ReLu2,1.1611134394490552,549
550,0.27950878467916734,perceptual,IT,dcrandom,ReLu2,0.9241851105478107,550
551,0.27053907021232815,perceptual,IT,dcrandom,ReLu2,0.9365389204094653,551
552,0.22802313293712212,perceptual,IT,dcrandom,ReLu2,0.7937900426408494,552
553,0.23976587777479613,perceptual,IT,dcrandom,ReLu2,1.0530320420552484,553
554,0.28719260491439474,perceptual,IT,dcrandom,ReLu2,0.9930832054387422,554
555,0.3447773622789678,perceptual,IT,dcrandom,ReLu2,1.339882015378627,555
556,0.2643338493524414,perceptual,IT,dcrandom,ReLu2,1.0001778715562408,556
557,0.2492493402408514,perceptual,IT,dcrandom,ReLu2,0.6859877222251914,557
558,0.20188158583923174,perceptual,IT,dcrandom,ReLu2,0.6185834451453598,558
559,0.30312354956572735,perceptual,IT,dcrandom,ReLu2,1.1577003851418766,559
560,0.3265123381902863,perceptual,IT,dcrandom,ReLu2,0.9693358154524478,560
561,0.4338008206275292,perceptual,IT,dcrandom,ReLu2,1.3368856829955784,561
562,0.33352609250313753,perceptual,IT,dcrandom,ReLu2,1.1655567482180875,562
563,0.09876350542351704,perceptual,IT,dcrandom,ReLu2,0.2995342587884207,563
564,0.307624662015018,perceptual,IT,dcrandom,ReLu2,0.876794342852268,564
565,0.11590940085161566,perceptual,IT,dcrandom,ReLu2,0.38481130202043917,565
566,0.2872743653139934,perceptual,IT,dcrandom,ReLu2,0.891480367659756,566
567,0.25913369698851807,perceptual,IT,dcrandom,ReLu2,1.0553132740654037,567
568,0.1529434884579291,perceptual,IT,dcrandom,ReLu2,0.41299478232769693,568
569,0.18824401934192286,perceptual,IT,dcrandom,ReLu2,0.44950186257707947,569
570,0.25446955644816505,perceptual,IT,dcrandom,ReLu2,0.93132185914897,570
571,0.165914556252171,perceptual,IT,dcrandom,ReLu2,0.6228938100949619,571
572,0.17138946791328352,perceptual,IT,dcrandom,ReLu2,0.5892200041129968,572
573,0.3477468962171847,perceptual,IT,dcrandom,ReLu2,1.0155938513560843,573
574,0.3327768786191263,perceptual,IT,dcrandom,ReLu2,1.084142614218094,574
575,0.32791359694536015,perceptual,IT,dcrandom,ReLu2,1.2728259940380569,575
576,0.2566151057858482,perceptual,IT,dcrandom,ReLu2,0.9229021902828387,576
577,0.2113284488070653,perceptual,IT,dcrandom,ReLu2,0.5943648542629124,577
578,0.14372273226916396,perceptual,IT,dcrandom,ReLu2,0.41509920187221855,578
579,0.2886344109900535,perceptual,IT,dcrandom,ReLu2,1.1895095104311109,579
580,0.2312489447067756,perceptual,IT,dcrandom,ReLu2,0.9944722764561493,580
581,0.2756923452007056,perceptual,IT,dcrandom,ReLu2,1.0509039255986035,581
582,0.23755123940255815,perceptual,IT,dcrandom,ReLu2,0.8493989340530648,582
583,0.28674962164484,perceptual,IT,dcrandom,ReLu2,0.847644592565304,583
584,0.3320685769052985,perceptual,IT,dcrandom,ReLu2,0.9776636864807728,584
585,0.19127569728775332,perceptual,IT,dcrandom,ReLu2,0.7728801537534976,585
586,0.28167670508177295,perceptual,IT,dcrandom,ReLu2,1.0574360745374731,586
587,0.31978590020241443,perceptual,IT,dcrandom,ReLu2,1.171467995761036,587
588,0.2694511838981527,perceptual,IT,dcrandom,ReLu2,0.9637620125707818,588
589,0.17228486975756244,perceptual,IT,dcrandom,ReLu2,0.4947654638448105,589
590,0.22184144733500333,perceptual,IT,dcrandom,ReLu2,0.8641634585850498,590
591,0.2896580407689605,perceptual,IT,dcrandom,ReLu2,1.0101456827581514,591
592,0.23240777053080278,perceptual,IT,dcrandom,ReLu2,0.6971252320681409,592
593,0.3127147483444972,perceptual,IT,dcrandom,ReLu2,1.1849753448277438,593
594,0.2710811075864987,perceptual,IT,dcrandom,ReLu2,1.067630462219645,594
595,0.2651434172985797,perceptual,IT,dcrandom,ReLu2,0.9434965625342199,595
596,0.26719465973970746,perceptual,IT,dcrandom,ReLu2,0.8634152813478733,596
597,0.15281249196443347,perceptual,IT,dcrandom,ReLu2,0.6661194852721689,597
598,0.2164009184542789,perceptual,IT,dcrandom,ReLu2,0.9194597478138326,598
599,0.3015681062113271,perceptual,IT,dcrandom,ReLu2,0.9685459417235989,599
600,0.34825442311568994,perceptual,IT,dcrandom,ReLu2,1.0222954800450235,600
601,0.314330403709859,perceptual,IT,dcrandom,ReLu2,1.3276303540780243,601
602,0.16920201720146727,perceptual,IT,dcrandom,ReLu2,0.6048461203055395,602
603,0.22437238164942871,perceptual,IT,dcrandom,ReLu2,0.7342061681008322,603
604,0.28292823425811997,perceptual,IT,dcrandom,ReLu2,0.8176212783519352,604
605,0.2668279189110477,perceptual,IT,dcrandom,ReLu2,0.9587654112618094,605
606,0.21012375985920903,perceptual,IT,dcrandom,ReLu2,0.8765488651185241,606
607,0.2629819485646546,perceptual,IT,dcrandom,ReLu2,0.9260939594615345,607
608,0.30708697578871136,perceptual,IT,dcrandom,ReLu2,0.842250377653711,608
609,0.19564135107424763,perceptual,IT,dcrandom,ReLu2,0.6860402934749998,609
610,0.3078726435323759,perceptual,IT,dcrandom,ReLu2,1.0569549917749463,610
611,0.22740442297250035,perceptual,IT,dcrandom,ReLu2,0.7469852127635712,611
612,0.2780648361852243,perceptual,IT,dcrandom,ReLu2,1.1175921184386732,612
613,0.27123468803847356,perceptual,IT,dcrandom,ReLu2,0.9338909291746793,613
614,0.3819695373472087,perceptual,IT,dcrandom,ReLu2,1.1465252397130907,614
615,0.30425454956647724,perceptual,IT,dcrandom,ReLu2,1.0268691362502156,615
616,0.25620212682210297,perceptual,IT,dcrandom,ReLu2,1.0136810096936477,616
617,0.44553006120040933,perceptual,IT,dcrandom,ReLu2,1.2328496050773436,617
618,0.28764214379258174,perceptual,IT,dcrandom,ReLu2,1.010809635422131,618
619,0.14421533088723,perceptual,IT,dcrandom,ReLu2,0.4742556849295976,619
620,0.27467866962570636,perceptual,IT,dcrandom,ReLu2,0.910525599229679,620
621,0.21968445875993517,perceptual,IT,dcrandom,ReLu2,0.9381240912181766,621
622,0.2516380190270235,perceptual,IT,dcrandom,ReLu2,0.6336692562526247,622
623,0.31071286035447043,perceptual,IT,dcrandom,ReLu2,0.8974087331729157,623
624,0.25097897551203663,perceptual,IT,dcrandom,ReLu2,0.7723032018412997,624
625,0.22389511942091225,perceptual,IT,dcrandom,ReLu2,0.9124003199581983,625
626,0.27160727054154743,perceptual,IT,dcrandom,ReLu2,1.1745301755781634,626
627,0.274668108916614,perceptual,IT,dcrandom,ReLu2,1.163865917730828,627
628,0.3130545145977233,perceptual,IT,dcrandom,ReLu2,1.2019094712543346,628
629,0.3406190127523743,perceptual,IT,dcrandom,ReLu2,0.8559169416505898,629
630,0.23504787614337902,perceptual,IT,dcrandom,ReLu2,0.9590372203872244,630
631,0.25856994435023894,perceptual,IT,dcrandom,ReLu2,0.6954776076837629,631
632,0.2533615342592148,perceptual,IT,dcrandom,ReLu2,0.8956714483169343,632
633,0.2403155959813869,perceptual,IT,dcrandom,ReLu2,0.9617070504777661,633
634,0.2655846060699616,perceptual,IT,dcrandom,ReLu2,1.012629258052347,634
635,0.23789905239344905,perceptual,IT,dcrandom,ReLu2,0.8717856940242397,635
636,0.37975417717025006,perceptual,IT,dcrandom,ReLu2,1.2150425465928802,636
637,0.19865460366397378,perceptual,IT,dcrandom,ReLu2,0.7952038639826831,637
638,0.24212535484353828,perceptual,IT,dcrandom,ReLu2,0.9436879687413664,638
639,0.22008257850481966,perceptual,IT,dcrandom,ReLu2,0.7819400338316636,639
640,0.1649447224468517,perceptual,IT,dcrandom,ReLu2,0.7290235688030993,640
641,0.2942909521512351,perceptual,IT,dcrandom,ReLu2,0.9774529512182483,641
642,0.27558676590518416,perceptual,IT,dcrandom,ReLu2,0.9651314037766899,642
643,0.34483960806582603,perceptual,IT,dcrandom,ReLu2,1.2254998076999852,643
644,0.34350929399543245,perceptual,IT,dcrandom,ReLu2,1.2613690784627702,644
645,0.23928610371085696,perceptual,IT,dcrandom,ReLu2,0.8105096188899342,645
646,0.2619001257407708,perceptual,IT,dcrandom,ReLu2,0.9325895903885542,646
647,0.20994506647977892,perceptual,IT,dcrandom,ReLu2,0.8740006278082894,647
648,0.18552274746836853,perceptual,IT,dcrandom,ReLu2,0.6912495488682043,648
649,0.3075442710007879,perceptual,IT,dcrandom,ReLu2,1.0083033420779184,649
650,0.27503501457833496,perceptual,IT,dcrandom,ReLu2,0.9123947244333198,650
651,0.3342650101673381,perceptual,IT,dcrandom,ReLu2,0.9353594974258366,651
652,0.19432235976509626,perceptual,IT,dcrandom,ReLu2,0.6440711352213125,652
653,0.23195041222068555,perceptual,IT,dcrandom,ReLu2,0.9758312469570972,653
654,0.24854584495415427,perceptual,IT,dcrandom,ReLu2,0.8941674236023567,654
655,0.1741480253443751,perceptual,IT,dcrandom,ReLu2,0.7331447146098736,655
656,0.2907416148951539,perceptual,IT,dcrandom,ReLu2,0.9737577698190164,656
657,0.2384596344159177,perceptual,IT,dcrandom,ReLu2,0.8232346826825805,657
658,0.19404203063332162,perceptual,IT,dcrandom,ReLu2,0.5401033390123728,658
659,0.2943795331448908,perceptual,IT,dcrandom,ReLu2,1.021248661519866,659
660,0.27451044370674677,perceptual,IT,dcrandom,ReLu2,0.8934809826148229,660
661,0.35066590785763707,perceptual,IT,dcrandom,ReLu2,1.3084030153615243,661
662,0.2745873418479264,perceptual,IT,dcrandom,ReLu2,1.041560619259176,662
663,0.2719373529263814,perceptual,IT,dcrandom,ReLu2,0.9755096026510334,663
664,0.2647806405520131,perceptual,IT,dcrandom,ReLu2,0.9739155699527116,664
665,0.2424922636877424,perceptual,IT,dcrandom,ReLu2,0.8703509008538144,665
666,0.2088720571202606,perceptual,IT,dcrandom,ReLu2,0.8978474617972261,666
667,0.2259810432613088,perceptual,IT,dcrandom,ReLu2,0.6978080670091471,667
668,0.2132796446843779,perceptual,IT,dcrandom,ReLu2,0.8464997760424957,668
669,0.1732292482650267,perceptual,IT,dcrandom,ReLu2,0.5617383829149993,669
670,0.2961540970808265,perceptual,IT,dcrandom,ReLu2,1.1707707049853857,670
671,0.24901268230817045,perceptual,IT,dcrandom,ReLu2,0.7784339437444179,671
672,0.22979564621527443,perceptual,IT,dcrandom,ReLu2,0.7633231161767086,672
673,0.21165681300703426,perceptual,IT,dcrandom,ReLu2,0.6685463582425251,673
674,0.2649929706875507,perceptual,IT,dcrandom,ReLu2,1.3379104440267822,674
675,0.3203801843464013,perceptual,IT,dcrandom,ReLu2,1.0802742125458868,675
676,0.2788000427204101,perceptual,IT,dcrandom,ReLu2,1.0182128785128661,676
677,0.20148785573369746,perceptual,IT,dcrandom,ReLu2,0.6560107021660271,677
678,0.25889192180675136,perceptual,IT,dcrandom,ReLu2,0.806941224479008,678
679,0.18944443408390682,perceptual,IT,dcrandom,ReLu2,0.5751344561414822,679
680,0.31550490242247414,perceptual,IT,dcrandom,ReLu2,1.274701071359388,680
681,0.304163625014292,perceptual,IT,dcrandom,ReLu2,1.107068912193945,681
682,0.18221837136011404,perceptual,IT,dcrandom,ReLu2,0.5004249225999247,682
683,0.24171662610401431,perceptual,IT,dcrandom,ReLu2,0.6738979261467664,683
684,0.25469748091167443,perceptual,IT,dcrandom,ReLu2,1.1713608114303673,684
685,0.22119651936926826,perceptual,IT,dcrandom,ReLu2,0.8239451716488762,685
686,0.2993639024562285,perceptual,IT,dcrandom,ReLu2,0.9784127110800405,686
687,0.2497130780729318,perceptual,IT,dcrandom,ReLu2,0.8842548241000051,687
688,0.24720926682828873,perceptual,IT,dcrandom,ReLu2,0.9117723167318608,688
689,0.35189766579275555,perceptual,IT,dcrandom,ReLu2,1.2419513702297018,689
690,0.3014431429666312,perceptual,IT,dcrandom,ReLu2,1.0118955055120502,690
691,0.2860565672077151,perceptual,IT,dcrandom,ReLu2,0.8757107265675046,691
692,0.23926802510158413,perceptual,IT,dcrandom,ReLu2,0.7590527951480266,692
693,0.31162601305647963,perceptual,IT,dcrandom,ReLu2,1.0480766907889443,693
694,0.32330725058804727,perceptual,IT,dcrandom,ReLu2,1.0031279055974787,694
695,0.3738477932901103,perceptual,IT,dcrandom,ReLu2,1.2968001097218507,695
696,0.3949964430067776,perceptual,IT,dcrandom,ReLu2,1.1131936948336492,696
697,0.33073473259065284,perceptual,IT,dcrandom,ReLu2,1.0743264698935184,697
698,0.2774110396309844,perceptual,IT,dcrandom,ReLu2,1.0428518975257335,698
699,0.19881908440235058,perceptual,IT,dcrandom,ReLu2,0.6375889522416671,699
700,0.22845225798384936,perceptual,IT,dcrandom,ReLu2,0.8738810240217285,700
701,0.17009814519933103,perceptual,IT,dcrandom,ReLu2,0.4595883155030578,701
702,0.2656126051480139,perceptual,IT,dcrandom,ReLu2,0.9807265076233804,702
703,0.2329152136369484,perceptual,IT,dcrandom,ReLu2,0.8714317753725699,703
704,0.27459502759774324,perceptual,IT,dcrandom,ReLu2,0.8429325943151991,704
705,0.3174385437530176,perceptual,IT,dcrandom,ReLu2,1.1113600356623996,705
706,0.285585070403201,perceptual,IT,dcrandom,ReLu2,0.9240437912263151,706
707,0.21421198654409573,perceptual,IT,dcrandom,ReLu2,0.7166309774850677,707
708,0.28187147980444827,perceptual,IT,dcrandom,ReLu2,0.821136581456263,708
709,0.2287470632272693,perceptual,IT,dcrandom,ReLu2,0.5801444048693087,709
710,0.2923080856875894,perceptual,IT,dcrandom,ReLu2,0.9718236145293597,710
711,0.3569837201919129,perceptual,IT,dcrandom,ReLu2,1.0189360481873846,711
712,0.239671836640447,perceptual,IT,dcrandom,ReLu2,0.8521771263944637,712
713,0.28845230617257606,perceptual,IT,dcrandom,ReLu2,0.7834428964906588,713
714,0.29046086323906306,perceptual,IT,dcrandom,ReLu2,1.088478882523287,714
715,0.37203637259257,perceptual,IT,dcrandom,ReLu2,1.0053686371502089,715
716,0.22884127127313825,perceptual,IT,dcrandom,ReLu2,0.7652164778207103,716
717,0.13525422967022635,perceptual,IT,dcrandom,ReLu2,0.34649589895950506,717
718,0.32917698748812657,perceptual,IT,dcrandom,ReLu2,1.1073714012390323,718
719,0.3329542484876804,perceptual,IT,dcrandom,ReLu2,0.9534015333649983,719
720,0.21769637308375908,perceptual,IT,dcrandom,ReLu2,0.6760206742000593,720
721,0.3203187660480387,perceptual,IT,dcrandom,ReLu2,1.1010207000538084,721
722,0.26108890777190336,perceptual,IT,dcrandom,ReLu2,0.7467280235725051,722
723,0.2597022301857273,perceptual,IT,dcrandom,ReLu2,1.0461043768981941,723
724,0.31550745611337966,perceptual,IT,dcrandom,ReLu2,0.6656033103644083,724
725,0.21402987207220803,perceptual,IT,dcrandom,ReLu2,0.7936660222548999,725
726,0.26437343546922554,perceptual,IT,dcrandom,ReLu2,1.0019585817878172,726
727,0.20756931044769172,perceptual,IT,dcrandom,ReLu2,0.7638244227289995,727
728,0.21374668497749447,perceptual,IT,dcrandom,ReLu2,0.6809663115557061,728
729,0.27497628122426987,perceptual,IT,dcrandom,ReLu2,1.2346682355414245,729
730,0.27778157491794886,perceptual,IT,dcrandom,ReLu2,0.8721414826401594,730
731,0.31900202597754956,perceptual,IT,dcrandom,ReLu2,1.3793269902497551,731
732,0.25448178532109667,perceptual,IT,dcrandom,ReLu2,0.7848231956710754,732
733,0.21273720507419513,perceptual,IT,dcrandom,ReLu2,0.8179624163666332,733
734,0.29017646188861007,perceptual,IT,dcrandom,ReLu2,1.252027852453831,734
735,0.2768232988959768,perceptual,IT,dcrandom,ReLu2,0.8489687640138199,735
736,0.2834232937841087,perceptual,IT,dcrandom,ReLu2,0.9962321887776574,736
737,0.24303741486429173,perceptual,IT,dcrandom,ReLu2,1.114096017855965,737
738,0.3162372302151219,perceptual,IT,dcrandom,ReLu2,0.9741233336457289,738
739,0.11183443299192757,perceptual,IT,dcrandom,ReLu2,0.33030090259044026,739
740,0.2300921441084125,perceptual,IT,dcrandom,ReLu2,0.8128250134127768,740
741,0.24478524347017133,perceptual,IT,dcrandom,ReLu2,0.8872600067288259,741
742,0.2596298193432348,perceptual,IT,dcrandom,ReLu2,0.8510445497454817,742
743,0.17263144561045746,perceptual,IT,dcrandom,ReLu2,0.6909156597184001,743
744,0.20313069095244718,perceptual,IT,dcrandom,ReLu2,0.807801244445246,744
745,0.24783506145612766,perceptual,IT,dcrandom,ReLu2,0.7953135205203009,745
746,0.25533113447147365,perceptual,IT,dcrandom,ReLu2,0.9533073274564148,746
747,0.24029749959437044,perceptual,IT,dcrandom,ReLu2,0.8131929861904299,747
748,0.2801124222621774,perceptual,IT,dcrandom,ReLu2,1.042286479000594,748
749,0.20137009891578378,perceptual,IT,dcrandom,ReLu2,0.6364048314130826,749
750,0.2448316208934133,perceptual,IT,dcrandom,ReLu2,0.8990719373205798,750
751,0.3490868450919509,perceptual,IT,dcrandom,ReLu2,1.246283560478818,751
752,0.2280692198814656,perceptual,IT,dcrandom,ReLu2,0.8442378081869194,752
753,0.348765989282042,perceptual,IT,dcrandom,ReLu2,0.841942311586201,753
754,0.30711538786969605,perceptual,IT,dcrandom,ReLu2,1.0002554284384835,754
755,0.12076779207100703,perceptual,IT,dcrandom,ReLu2,0.3079096531356145,755
756,0.32629554640533914,perceptual,IT,dcrandom,ReLu2,1.2222035459174565,756
757,0.2438308120179781,perceptual,IT,dcrandom,ReLu2,0.9166345212126612,757
758,0.3191310354703582,perceptual,IT,dcrandom,ReLu2,1.2721977543366336,758
759,0.25479474622497394,perceptual,IT,dcrandom,ReLu2,1.0127021117075623,759
760,0.1994043598388006,perceptual,IT,dcrandom,ReLu2,0.7976996658488987,760
761,0.3527411295454559,perceptual,IT,dcrandom,ReLu2,1.094665278980636,761
762,0.31227092275130425,perceptual,IT,dcrandom,ReLu2,0.9894235639988056,762
763,0.3263325378456405,perceptual,IT,dcrandom,ReLu2,1.2457945329347362,763
764,0.22314906130214712,perceptual,IT,dcrandom,ReLu2,0.7286025209819618,764
765,0.24234348663290975,perceptual,IT,dcrandom,ReLu2,0.796593734907292,765
766,0.28065614516236265,perceptual,IT,dcrandom,ReLu2,1.0432218616914122,766
767,0.288591360600894,perceptual,IT,dcrandom,ReLu2,0.9878451338699121,767
768,0.28389429170905883,perceptual,IT,dcrandom,ReLu2,0.9007262611554494,768
769,0.2930614287170612,perceptual,IT,dcrandom,ReLu2,0.9559330253431054,769
770,0.2408489486429891,perceptual,IT,dcrandom,ReLu2,0.7325624507225117,770
771,0.16476810788917715,perceptual,IT,dcrandom,ReLu2,0.4606740521475844,771
772,0.3043332969290618,perceptual,IT,dcrandom,ReLu2,0.9752342994988435,772
773,0.28726827691111917,perceptual,IT,dcrandom,ReLu2,1.1306663136050055,773
774,0.32644277631886065,perceptual,IT,dcrandom,ReLu2,1.1760552312612949,774
775,0.3722258710462929,perceptual,IT,dcrandom,ReLu2,1.2154056678620284,775
776,0.21728190700656333,perceptual,IT,dcrandom,ReLu2,0.7019859226942098,776
777,0.32143958135185785,perceptual,IT,dcrandom,ReLu2,0.9473398573638938,777
778,0.30158548180545336,perceptual,IT,dcrandom,ReLu2,1.1218178769559524,778
779,0.1587438334974625,perceptual,IT,dcrandom,ReLu2,0.5342971550382565,779
780,0.23836945623461114,perceptual,IT,dcrandom,ReLu2,0.7313549669918744,780
781,0.19502715801736456,perceptual,IT,dcrandom,ReLu2,0.85372206196914,781
782,0.3393117840473745,perceptual,IT,dcrandom,ReLu2,0.9784583596648369,782
783,0.11532307548368782,perceptual,IT,dcrandom,ReLu2,0.4036691914062195,783
784,0.16670476321252717,perceptual,IT,dcrandom,ReLu2,0.5099412125373787,784
785,0.2632326536110249,perceptual,IT,dcrandom,ReLu2,0.6721302626780536,785
786,0.15127724391001554,perceptual,IT,dcrandom,ReLu2,0.34314011696256785,786
787,0.21850905243597177,perceptual,IT,dcrandom,ReLu2,0.6717818483026012,787
788,0.237105868948726,perceptual,IT,dcrandom,ReLu2,0.7696057189334903,788
789,0.26180210028920664,perceptual,IT,dcrandom,ReLu2,0.987247217928612,789
790,0.29861976124480966,perceptual,IT,dcrandom,ReLu2,1.0471267833715892,790
791,0.30829358734768003,perceptual,IT,dcrandom,ReLu2,0.9560276632130906,791
792,0.32467985814837064,perceptual,IT,dcrandom,ReLu2,1.0956280174262965,792
793,0.2447677904036103,perceptual,IT,dcrandom,ReLu2,0.9738395666848045,793
794,0.2542563091133912,perceptual,IT,dcrandom,ReLu2,1.002019904899938,794
795,0.2974643139473668,perceptual,IT,dcrandom,ReLu2,0.931727433233732,795
796,0.32708390341301746,perceptual,IT,dcrandom,ReLu2,0.9322144190130565,796
797,0.3716948544188461,perceptual,IT,dcrandom,ReLu2,1.3202067989736324,797
798,0.2693879640984944,perceptual,IT,dcrandom,ReLu2,0.9501563710133809,798
799,0.23774913053089827,perceptual,IT,dcrandom,ReLu2,0.74979159232723,799
800,0.24295992173001377,perceptual,IT,dcrandom,ReLu2,0.8585927043961226,800
801,0.22997666606620285,perceptual,IT,dcrandom,ReLu2,0.9573134657789013,801
802,0.243138834597064,perceptual,IT,dcrandom,ReLu2,0.762736081736725,802
803,0.2255261290133236,perceptual,IT,dcrandom,ReLu2,0.7856893811759885,803
804,0.26970367412187773,perceptual,IT,dcrandom,ReLu2,1.0581865627349432,804
805,0.25636692920821025,perceptual,IT,dcrandom,ReLu2,0.8890346536387488,805
806,0.2583946480493752,perceptual,IT,dcrandom,ReLu2,0.7195825373440331,806
807,0.261278777333103,perceptual,IT,dcrandom,ReLu2,0.7121630359856119,807
808,0.272444864683666,perceptual,IT,dcrandom,ReLu2,0.863103187630788,808
809,0.25143542064349444,perceptual,IT,dcrandom,ReLu2,0.8143723450912307,809
810,0.25579119339002243,perceptual,IT,dcrandom,ReLu2,0.7062594654652112,810
811,0.21568410275215144,perceptual,IT,dcrandom,ReLu2,0.8562077127241993,811
812,0.2802811204616224,perceptual,IT,dcrandom,ReLu2,0.8757813891602556,812
813,0.25041792124632717,perceptual,IT,dcrandom,ReLu2,0.8957416657509978,813
814,0.2447746565874977,perceptual,IT,dcrandom,ReLu2,0.9315593401385844,814
815,0.1448397998565619,perceptual,IT,dcrandom,ReLu2,0.4602616878598704,815
816,0.29963719102724634,perceptual,IT,dcrandom,ReLu2,1.0388528044890522,816
817,0.2590947850704998,perceptual,IT,dcrandom,ReLu2,1.0120037565394238,817
818,0.32360461523678385,perceptual,IT,dcrandom,ReLu2,0.978429346774802,818
819,0.20981201332782728,perceptual,IT,dcrandom,ReLu2,0.6177293455658707,819
820,0.2649263676873149,perceptual,IT,dcrandom,ReLu2,0.7579416978082247,820
821,0.327486839354316,perceptual,IT,dcrandom,ReLu2,1.0042900090424776,821
822,0.24011154222642886,perceptual,IT,dcrandom,ReLu2,0.7646153922466625,822
823,0.21729995182440515,perceptual,IT,dcrandom,ReLu2,0.7753939178765876,823
824,0.26992046924317054,perceptual,IT,dcrandom,ReLu2,0.7915925939795154,824
825,0.3625210374492074,perceptual,IT,dcrandom,ReLu2,1.1280718276802069,825
826,0.3419740066728569,perceptual,IT,dcrandom,ReLu2,0.9563439935013349,826
827,0.2595967755369855,perceptual,IT,dcrandom,ReLu2,1.020604078253611,827
828,0.33337503621089076,perceptual,IT,dcrandom,ReLu2,1.501720765952438,828
829,0.05803574107824467,perceptual,IT,dcrandom,ReLu2,0.18626684434720073,829
830,0.20377813587618562,perceptual,IT,dcrandom,ReLu2,0.6895316201606454,830
831,0.19339208972340396,perceptual,IT,dcrandom,ReLu2,0.5770986693427129,831
832,0.3583054458865089,perceptual,IT,dcrandom,ReLu2,1.2916459340045106,832
833,0.2644845213736983,perceptual,IT,dcrandom,ReLu2,1.0291746340762977,833
834,0.26614980884753425,perceptual,IT,dcrandom,ReLu2,0.7899952081256254,834
835,0.19374815553096617,perceptual,IT,dcrandom,ReLu2,0.6583148061607036,835
836,0.18338826043664097,perceptual,IT,dcrandom,ReLu2,0.5168488839852745,836
837,0.31186111888211193,perceptual,IT,dcrandom,ReLu2,0.7342597418934578,837
838,0.2195309740149396,perceptual,IT,dcrandom,ReLu2,0.5946568510947475,838
839,0.16922864625167258,perceptual,IT,dcrandom,ReLu2,0.45714635887392036,839
840,0.1880055829304716,perceptual,IT,dcrandom,ReLu2,0.5084663062976429,840
841,0.29435291035847017,perceptual,IT,dcrandom,ReLu2,0.9817032726812013,841
842,0.19572766512119127,perceptual,IT,dcrandom,ReLu2,0.5598412870251243,842
843,0.32909204032904643,perceptual,IT,dcrandom,ReLu2,1.0501117993111437,843
844,0.30421674076582017,perceptual,IT,dcrandom,ReLu2,0.7243824060109727,844
845,0.23726192714363561,perceptual,IT,dcrandom,ReLu2,0.7613853086526948,845
846,0.3198370277345678,perceptual,IT,dcrandom,ReLu2,1.1445543232292585,846
847,0.2706394850336292,perceptual,IT,dcrandom,ReLu2,1.1391973886139506,847
848,0.17504162079270572,perceptual,IT,dcrandom,ReLu2,0.686991699635032,848
849,0.31019587631245155,perceptual,IT,dcrandom,ReLu2,1.240424435843905,849
850,0.20136047378653596,perceptual,IT,dcrandom,ReLu2,0.7373518021318897,850
851,0.23748470980210076,perceptual,IT,dcrandom,ReLu2,0.9878874654072469,851
852,0.3127250633547237,perceptual,IT,dcrandom,ReLu2,1.166026598337304,852
853,0.4073840219058522,perceptual,IT,dcrandom,ReLu2,1.0417496661120214,853
854,0.2814147417510681,perceptual,IT,dcrandom,ReLu2,1.047829166603611,854
855,0.31037458998526535,perceptual,IT,dcrandom,ReLu2,1.009298981578478,855
856,0.3003302105737726,perceptual,IT,dcrandom,ReLu2,0.880198060981142,856
857,0.2296502170256187,perceptual,IT,dcrandom,ReLu2,0.9851986589805515,857
858,0.24134511955925425,perceptual,IT,dcrandom,ReLu2,0.9156752708660985,858
859,0.2960805248725641,perceptual,IT,dcrandom,ReLu2,1.1442036958547226,859
860,0.2669254949368791,perceptual,IT,dcrandom,ReLu2,0.8407071561938765,860
861,0.24961553084672017,perceptual,IT,dcrandom,ReLu2,0.9007391326591286,861
862,0.3406211195060407,perceptual,IT,dcrandom,ReLu2,1.3336646229406188,862
863,0.33681627112343954,perceptual,IT,dcrandom,ReLu2,1.230335723492328,863
864,0.27524219757703894,perceptual,IT,dcrandom,ReLu2,1.024206605176382,864
865,0.2835420444339839,perceptual,IT,dcrandom,ReLu2,0.82862957486705,865
866,0.3384188599403825,perceptual,IT,dcrandom,ReLu2,1.1012763747849654,866
867,0.23644634308381912,perceptual,IT,dcrandom,ReLu2,0.68394497250857,867
868,0.2689136119968343,perceptual,IT,dcrandom,ReLu2,0.9866315579243734,868
869,0.20638536807201574,perceptual,IT,dcrandom,ReLu2,0.7231168389642499,869
870,0.2946635747294986,perceptual,IT,dcrandom,ReLu2,0.9712309018120355,870
871,0.28529671192099576,perceptual,IT,dcrandom,ReLu2,1.1269242992065285,871
872,0.31840894780512813,perceptual,IT,dcrandom,ReLu2,1.1169075022730452,872
873,0.2538302078985101,perceptual,IT,dcrandom,ReLu2,0.9202404171938752,873
874,0.2893347069575046,perceptual,IT,dcrandom,ReLu2,0.9198099946747607,874
875,0.23044612408326248,perceptual,IT,dcrandom,ReLu2,0.6183635222157173,875
876,0.21104596450983615,perceptual,IT,dcrandom,ReLu2,0.6470413059202104,876
877,0.19091524522088163,perceptual,IT,dcrandom,ReLu2,0.6105217790431227,877
878,0.25288918285095185,perceptual,IT,dcrandom,ReLu2,0.846500629929583,878
879,0.19841165692076712,perceptual,IT,dcrandom,ReLu2,0.5504401122293304,879
880,0.29792646854805155,perceptual,IT,dcrandom,ReLu2,1.092532053454567,880
881,0.2838310855989719,perceptual,IT,dcrandom,ReLu2,1.0939121599532,881
882,0.20744306314174077,perceptual,IT,dcrandom,ReLu2,0.7190782144191525,882
883,0.14174912337260265,perceptual,IT,dcrandom,ReLu2,0.5169478483521572,883
884,0.1516601391492098,perceptual,IT,dcrandom,ReLu2,0.4355652294301733,884
885,0.25466124281682295,perceptual,IT,dcrandom,ReLu2,0.8682227380680161,885
886,0.2390521341103489,perceptual,IT,dcrandom,ReLu2,0.9118586254771632,886
887,0.209643230469097,perceptual,IT,dcrandom,ReLu2,0.6977321664927211,887
888,0.2344179572823385,perceptual,IT,dcrandom,ReLu2,0.6966503894672308,888
889,0.30372267609592146,perceptual,IT,dcrandom,ReLu2,1.1032570945550975,889
890,0.22359753883925096,perceptual,IT,dcrandom,ReLu2,0.6641243260626246,890
891,0.1875113918862051,perceptual,IT,dcrandom,ReLu2,0.6463799513889918,891
892,0.2969141357503767,perceptual,IT,dcrandom,ReLu2,0.8338816038389625,892
893,0.21342204599370235,perceptual,IT,dcrandom,ReLu2,0.659014712043357,893
894,0.2507529478877314,perceptual,IT,dcrandom,ReLu2,1.0161437510004705,894
895,0.2879394026094128,perceptual,IT,dcrandom,ReLu2,1.0152767901477335,895
896,0.36690627969390677,perceptual,IT,dcrandom,ReLu2,1.130963693243423,896
897,0.31018699521808907,perceptual,IT,dcrandom,ReLu2,0.9270058090275248,897
898,0.2850876013491702,perceptual,IT,dcrandom,ReLu2,0.751498009270572,898
899,0.1898427459708517,perceptual,IT,dcrandom,ReLu2,0.6443372543235285,899
900,0.3461330976551351,perceptual,IT,dcrandom,ReLu2,1.2164999808745152,900
901,0.1621548962481858,perceptual,IT,dcrandom,ReLu2,0.490165760929823,901
902,0.30790822963355347,perceptual,IT,dcrandom,ReLu2,0.9771920604145754,902
903,0.08285286716409694,perceptual,IT,dcrandom,ReLu2,0.22879321052683368,903
904,0.2190381667188351,perceptual,IT,dcrandom,ReLu2,0.7212978432681592,904
905,0.18159567325744244,perceptual,IT,dcrandom,ReLu2,0.5905428147698205,905
906,0.2337979732739126,perceptual,IT,dcrandom,ReLu2,1.014222354658145,906
907,0.20239057771949354,perceptual,IT,dcrandom,ReLu2,0.796698726211222,907
908,0.2176521246537868,perceptual,IT,dcrandom,ReLu2,0.7498229978169204,908
909,0.31156500668587545,perceptual,IT,dcrandom,ReLu2,1.0710644245482217,909
910,0.2878718007780044,perceptual,IT,dcrandom,ReLu2,1.1355029082670782,910
911,0.2970789118921193,perceptual,IT,dcrandom,ReLu2,0.9349965995920794,911
912,0.156767139208233,perceptual,IT,dcrandom,ReLu2,0.4419352441009102,912
913,0.23876410647963728,perceptual,IT,dcrandom,ReLu2,0.7678341509767097,913
914,0.22660593113226682,perceptual,IT,dcrandom,ReLu2,0.818879611317487,914
915,0.12239500609147753,perceptual,IT,dcrandom,ReLu2,0.3866068531491675,915
916,0.2824464881089819,perceptual,IT,dcrandom,ReLu2,1.0509754261466373,916
917,0.24889259445965037,perceptual,IT,dcrandom,ReLu2,0.9361580308949554,917
918,0.15791694287634342,perceptual,IT,dcrandom,ReLu2,0.454871674604567,918
919,0.19963359588353455,perceptual,IT,dcrandom,ReLu2,0.7700229632529844,919
920,0.1933739631693084,perceptual,IT,dcrandom,ReLu2,0.6897181124739031,920
921,0.2998670997622042,perceptual,IT,dcrandom,ReLu2,0.9916503456738868,921
922,0.23227420541645413,perceptual,IT,dcrandom,ReLu2,0.8983017394066386,922
923,0.17739821115015955,perceptual,IT,dcrandom,ReLu2,0.650242823049811,923
924,0.17931994841958093,perceptual,IT,dcrandom,ReLu2,0.6565211059000104,924
925,0.28612460087293423,perceptual,IT,dcrandom,ReLu2,1.2216932201216038,925
926,0.21266767120282257,perceptual,IT,dcrandom,ReLu2,0.9580581429118084,926
927,0.2723988174326354,perceptual,IT,dcrandom,ReLu2,1.098645085044096,927
928,0.25226194995607787,perceptual,IT,dcrandom,ReLu2,0.9674659228781289,928
929,0.31683567103119553,perceptual,IT,dcrandom,ReLu2,1.308725590826839,929
930,0.2880162999450624,perceptual,IT,dcrandom,ReLu2,0.9937781573347091,930
931,0.22160188460246155,perceptual,IT,dcrandom,ReLu2,0.6939346787961793,931
932,0.2691704916194973,perceptual,IT,dcrandom,ReLu2,0.7875682462231586,932
933,0.31297041316724844,perceptual,IT,dcrandom,ReLu2,1.2048550185516285,933
934,0.265459645061562,perceptual,IT,dcrandom,ReLu2,0.9830725463093186,934
935,0.31102802273904456,perceptual,IT,dcrandom,ReLu2,1.1265630805364304,935
936,0.17460306014692706,perceptual,IT,dcrandom,ReLu2,0.6695009071861162,936
937,0.24958109678775015,perceptual,IT,dcrandom,ReLu2,1.0727096360000952,937
938,0.3172277004803634,perceptual,IT,dcrandom,ReLu2,1.16336094894067,938
939,0.3281228422115977,perceptual,IT,dcrandom,ReLu2,0.9619547028540001,939
940,0.17475447941057576,perceptual,IT,dcrandom,ReLu2,0.5242351766532967,940
941,0.3113816530471636,perceptual,IT,dcrandom,ReLu2,0.9845149879437083,941
942,0.24050271164510453,perceptual,IT,dcrandom,ReLu2,0.8466348669671937,942
943,0.27103383251245294,perceptual,IT,dcrandom,ReLu2,0.9060869637927083,943
944,0.3349805004761628,perceptual,IT,dcrandom,ReLu2,0.9890569101391353,944
945,0.21129659884444907,perceptual,IT,dcrandom,ReLu2,0.7817447663074346,945
946,0.19192791840984433,perceptual,IT,dcrandom,ReLu2,0.5434693706356332,946
947,0.1736727177304229,perceptual,IT,dcrandom,ReLu2,0.6074485409567777,947
948,0.16828638676279464,perceptual,IT,dcrandom,ReLu2,0.5542484078911363,948
949,0.23132129285633013,perceptual,IT,dcrandom,ReLu2,0.740445621136355,949
950,0.1817867223367996,perceptual,IT,dcrandom,ReLu2,0.8110890670760666,950
951,0.17503067141419248,perceptual,IT,dcrandom,ReLu2,0.5300394516709023,951
952,0.2134671679038247,perceptual,IT,dcrandom,ReLu2,0.647053124395873,952
953,0.33908656743062027,perceptual,IT,dcrandom,ReLu2,0.8891310698351359,953
954,0.31923747102456984,perceptual,IT,dcrandom,ReLu2,1.0983903515795281,954
955,0.26562896124993085,perceptual,IT,dcrandom,ReLu2,0.805871467736227,955
956,0.24028000404743843,perceptual,IT,dcrandom,ReLu2,0.7883393351826034,956
957,0.2905947743173106,perceptual,IT,dcrandom,ReLu2,1.1467254530478377,957
958,0.1300792085071034,perceptual,IT,dcrandom,ReLu2,0.42483560450995006,958
959,0.28686049827345533,perceptual,IT,dcrandom,ReLu2,0.8662922922683899,959
960,0.23177360764667057,perceptual,IT,dcrandom,ReLu2,0.8112625676672779,960
961,0.20217758493522447,perceptual,IT,dcrandom,ReLu2,0.7126504903755129,961
962,0.35226189326281243,perceptual,IT,dcrandom,ReLu2,1.144362548973374,962
963,0.2089452519203416,perceptual,IT,dcrandom,ReLu2,0.7038172517134003,963
964,0.3304733842638426,perceptual,IT,dcrandom,ReLu2,1.3716215916573757,964
965,0.3147767061496664,perceptual,IT,dcrandom,ReLu2,0.9590872423374647,965
966,0.31217065279312994,perceptual,IT,dcrandom,ReLu2,1.1763160864203637,966
967,0.2042301518359044,perceptual,IT,dcrandom,ReLu2,0.7451035535715814,967
968,0.15946527350236522,perceptual,IT,dcrandom,ReLu2,0.3865621227923052,968
969,0.29752106314215104,perceptual,IT,dcrandom,ReLu2,1.2523821697765505,969
970,0.38619858988500394,perceptual,IT,dcrandom,ReLu2,1.3374538716381146,970
971,0.25098979957156903,perceptual,IT,dcrandom,ReLu2,0.8474463117664568,971
972,0.27394663485423154,perceptual,IT,dcrandom,ReLu2,1.0207493659642526,972
973,0.2747697072210673,perceptual,IT,dcrandom,ReLu2,1.0020518737508461,973
974,0.2749055629766385,perceptual,IT,dcrandom,ReLu2,1.0348269224927902,974
975,0.33506361268035756,perceptual,IT,dcrandom,ReLu2,0.9834855855696001,975
976,0.2321577724034433,perceptual,IT,dcrandom,ReLu2,0.7797372842759758,976
977,0.34481627140712817,perceptual,IT,dcrandom,ReLu2,0.9466895623983274,977
978,0.19244400979836662,perceptual,IT,dcrandom,ReLu2,0.6000721744202118,978
979,0.2707395558614528,perceptual,IT,dcrandom,ReLu2,0.7864325039109866,979
980,0.3216835467129463,perceptual,IT,dcrandom,ReLu2,1.0399893611720905,980
981,0.4001281111470187,perceptual,IT,dcrandom,ReLu2,1.2447679343926448,981
982,0.18237546849565497,perceptual,IT,dcrandom,ReLu2,0.7430389311265642,982
983,0.2003174913226368,perceptual,IT,dcrandom,ReLu2,0.6428024813093243,983
984,0.3110375782432522,perceptual,IT,dcrandom,ReLu2,0.9442581034133986,984
985,0.311289731579217,perceptual,IT,dcrandom,ReLu2,0.9474766797369177,985
986,0.24605870152642909,perceptual,IT,dcrandom,ReLu2,0.7386720949358092,986
987,0.24266304557466314,perceptual,IT,dcrandom,ReLu2,0.8192499230857824,987
988,0.3209536468582111,perceptual,IT,dcrandom,ReLu2,1.1134364532816092,988
989,0.22969837939204116,perceptual,IT,dcrandom,ReLu2,0.8625382332101525,989
990,0.20459307090170056,perceptual,IT,dcrandom,ReLu2,0.5970634432201742,990
991,0.23598088185187,perceptual,IT,dcrandom,ReLu2,0.7443327557013656,991
992,0.2550324111466098,perceptual,IT,dcrandom,ReLu2,0.9813887761670239,992
993,0.17187003753684346,perceptual,IT,dcrandom,ReLu2,0.5586393450731972,993
994,0.2919259121703885,perceptual,IT,dcrandom,ReLu2,0.8156710928986782,994
995,0.2573393923319764,perceptual,IT,dcrandom,ReLu2,0.8901865056043438,995
996,0.25449514446890104,perceptual,IT,dcrandom,ReLu2,0.7815479285696347,996
997,0.2215059401350745,perceptual,IT,dcrandom,ReLu2,0.7798120065534674,997
998,0.18726441369049204,perceptual,IT,dcrandom,ReLu2,0.6924599616411844,998
999,0.30370563846438714,perceptual,IT,dcrandom,ReLu2,1.032395090091379,999
1000,0.5295844937681238,perceptual,IT,dcrandom,ReLu7,0.2623992323557956,0
1001,0.45444033130153066,perceptual,IT,dcrandom,ReLu7,0.2487670880451327,1
1002,0.43233328981204516,perceptual,IT,dcrandom,ReLu7,0.17712337703144843,2
1003,0.3358414287724905,perceptual,IT,dcrandom,ReLu7,0.19261525712937944,3
1004,0.4173671881503755,perceptual,IT,dcrandom,ReLu7,0.21043088465568616,4
1005,0.407016880671781,perceptual,IT,dcrandom,ReLu7,0.22238839103215227,5
1006,0.40768245786270324,perceptual,IT,dcrandom,ReLu7,0.1793120862442567,6
1007,0.4451000214361779,perceptual,IT,dcrandom,ReLu7,0.29160067829924485,7
1008,0.4896479309785215,perceptual,IT,dcrandom,ReLu7,0.18951485306101173,8
1009,0.40265601699583825,perceptual,IT,dcrandom,ReLu7,0.18621423378339622,9
1010,0.31436303381318825,perceptual,IT,dcrandom,ReLu7,0.14557581026464195,10
1011,0.48912484329574857,perceptual,IT,dcrandom,ReLu7,0.18843757541706718,11
1012,0.3599544304689592,perceptual,IT,dcrandom,ReLu7,0.15966507460724488,12
1013,0.4362114813454706,perceptual,IT,dcrandom,ReLu7,0.2492817641317845,13
1014,0.40151852233904867,perceptual,IT,dcrandom,ReLu7,0.18070181051905188,14
1015,0.42997438838488405,perceptual,IT,dcrandom,ReLu7,0.27527552430353164,15
1016,0.4104284430459977,perceptual,IT,dcrandom,ReLu7,0.18519337714449433,16
1017,0.430237925197558,perceptual,IT,dcrandom,ReLu7,0.22057181078168103,17
1018,0.38874176142204014,perceptual,IT,dcrandom,ReLu7,0.1981296451421627,18
1019,0.44833707172594967,perceptual,IT,dcrandom,ReLu7,0.24467388329492995,19
1020,0.44145467477423034,perceptual,IT,dcrandom,ReLu7,0.16189478745380576,20
1021,0.4639739428653033,perceptual,IT,dcrandom,ReLu7,0.20264811687080916,21
1022,0.45676960004063666,perceptual,IT,dcrandom,ReLu7,0.246548565269957,22
1023,0.5397636729071404,perceptual,IT,dcrandom,ReLu7,0.22924977825304582,23
1024,0.46598669016942257,perceptual,IT,dcrandom,ReLu7,0.19621349912016955,24
1025,0.3880291484845115,perceptual,IT,dcrandom,ReLu7,0.2301214521120031,25
1026,0.467485930760945,perceptual,IT,dcrandom,ReLu7,0.20899032202384307,26
1027,0.3929177886842151,perceptual,IT,dcrandom,ReLu7,0.2049796490188523,27
1028,0.35297379745561097,perceptual,IT,dcrandom,ReLu7,0.19155092932659468,28
1029,0.4141564659457926,perceptual,IT,dcrandom,ReLu7,0.20610275210720608,29
1030,0.49471696451865116,perceptual,IT,dcrandom,ReLu7,0.24357838309679564,30
1031,0.40990936397790634,perceptual,IT,dcrandom,ReLu7,0.23964165082478164,31
1032,0.5196288327174379,perceptual,IT,dcrandom,ReLu7,0.2513001459400347,32
1033,0.477415863756248,perceptual,IT,dcrandom,ReLu7,0.21514746872138385,33
1034,0.5408882959317391,perceptual,IT,dcrandom,ReLu7,0.2555674270158874,34
1035,0.35965576482609024,perceptual,IT,dcrandom,ReLu7,0.16338467143916238,35
1036,0.32677291546586634,perceptual,IT,dcrandom,ReLu7,0.1465982957119626,36
1037,0.47483666480821896,perceptual,IT,dcrandom,ReLu7,0.23465962250342082,37
1038,0.3477071717776456,perceptual,IT,dcrandom,ReLu7,0.18598242782030708,38
1039,0.43862221601768886,perceptual,IT,dcrandom,ReLu7,0.18892810069846044,39
1040,0.3683711845121209,perceptual,IT,dcrandom,ReLu7,0.16527251018765307,40
1041,0.4216438033217323,perceptual,IT,dcrandom,ReLu7,0.18704423403779313,41
1042,0.3386848170810877,perceptual,IT,dcrandom,ReLu7,0.14053561569284323,42
1043,0.35401948636228425,perceptual,IT,dcrandom,ReLu7,0.18230352348105422,43
1044,0.41189702022957075,perceptual,IT,dcrandom,ReLu7,0.21293632419224845,44
1045,0.47674297629074447,perceptual,IT,dcrandom,ReLu7,0.2132602973000627,45
1046,0.5187552583733638,perceptual,IT,dcrandom,ReLu7,0.22514502963562905,46
1047,0.3292884458869708,perceptual,IT,dcrandom,ReLu7,0.17372259366450926,47
1048,0.36593606815073454,perceptual,IT,dcrandom,ReLu7,0.18373204881338473,48
1049,0.4838257341954814,perceptual,IT,dcrandom,ReLu7,0.24103499936900677,49
1050,0.45323310985383364,perceptual,IT,dcrandom,ReLu7,0.21683147602369068,50
1051,0.28750931328473295,perceptual,IT,dcrandom,ReLu7,0.1619336371268066,51
1052,0.4757909349113414,perceptual,IT,dcrandom,ReLu7,0.19772192857833848,52
1053,0.4520486463348865,perceptual,IT,dcrandom,ReLu7,0.24329778724041073,53
1054,0.4315038865460376,perceptual,IT,dcrandom,ReLu7,0.24382404129036292,54
1055,0.43056852897902015,perceptual,IT,dcrandom,ReLu7,0.19183153999172126,55
1056,0.40112171791127715,perceptual,IT,dcrandom,ReLu7,0.14737798334125424,56
1057,0.4530011777939123,perceptual,IT,dcrandom,ReLu7,0.21672744201386773,57
1058,0.3953731529806423,perceptual,IT,dcrandom,ReLu7,0.2431250770168584,58
1059,0.4522868895006029,perceptual,IT,dcrandom,ReLu7,0.256078624463836,59
1060,0.4265086935817145,perceptual,IT,dcrandom,ReLu7,0.18966421970490227,60
1061,0.438670432050375,perceptual,IT,dcrandom,ReLu7,0.1960798990786285,61
1062,0.47451886382017466,perceptual,IT,dcrandom,ReLu7,0.23140392241209717,62
1063,0.5079623587501475,perceptual,IT,dcrandom,ReLu7,0.22505507578663964,63
1064,0.46713777006011675,perceptual,IT,dcrandom,ReLu7,0.22916950484914292,64
1065,0.39902968237823017,perceptual,IT,dcrandom,ReLu7,0.21970266190842214,65
1066,0.47929386922961864,perceptual,IT,dcrandom,ReLu7,0.2475695911346847,66
1067,0.3629309315865171,perceptual,IT,dcrandom,ReLu7,0.18796423186106642,67
1068,0.3466001500173872,perceptual,IT,dcrandom,ReLu7,0.14091839680397938,68
1069,0.3795099155201399,perceptual,IT,dcrandom,ReLu7,0.15446163488031958,69
1070,0.3906239420522061,perceptual,IT,dcrandom,ReLu7,0.19038077933180364,70
1071,0.4694383009353857,perceptual,IT,dcrandom,ReLu7,0.24000013601870213,71
1072,0.2689478542429726,perceptual,IT,dcrandom,ReLu7,0.10433751640309559,72
1073,0.4553825962608475,perceptual,IT,dcrandom,ReLu7,0.21552919425089628,73
1074,0.5077023708948767,perceptual,IT,dcrandom,ReLu7,0.2228705091482942,74
1075,0.3205832121844664,perceptual,IT,dcrandom,ReLu7,0.19032985077219614,75
1076,0.43403354757207885,perceptual,IT,dcrandom,ReLu7,0.20480952214974796,76
1077,0.4188601455100645,perceptual,IT,dcrandom,ReLu7,0.24664128506076072,77
1078,0.40895425613158487,perceptual,IT,dcrandom,ReLu7,0.15060386960400937,78
1079,0.3849793834302624,perceptual,IT,dcrandom,ReLu7,0.19034222021566227,79
1080,0.4548994738135173,perceptual,IT,dcrandom,ReLu7,0.22578200263755982,80
1081,0.4338215462892264,perceptual,IT,dcrandom,ReLu7,0.26565654303658287,81
1082,0.41088927006426335,perceptual,IT,dcrandom,ReLu7,0.2300243575831508,82
1083,0.41758169280003804,perceptual,IT,dcrandom,ReLu7,0.20863026591719788,83
1084,0.40774816633040467,perceptual,IT,dcrandom,ReLu7,0.20362684825874644,84
1085,0.46396937936156485,perceptual,IT,dcrandom,ReLu7,0.19118752836450997,85
1086,0.4701659319490733,perceptual,IT,dcrandom,ReLu7,0.23541340621360438,86
1087,0.4552697512165651,perceptual,IT,dcrandom,ReLu7,0.21698671730251662,87
1088,0.5182077586316776,perceptual,IT,dcrandom,ReLu7,0.24489300125325192,88
1089,0.3746830945171102,perceptual,IT,dcrandom,ReLu7,0.18466340802493628,89
1090,0.47158525440180504,perceptual,IT,dcrandom,ReLu7,0.19202865986236953,90
1091,0.4255772129696199,perceptual,IT,dcrandom,ReLu7,0.1637439749587542,91
1092,0.5270740575684116,perceptual,IT,dcrandom,ReLu7,0.1854637382593627,92
1093,0.500898271395959,perceptual,IT,dcrandom,ReLu7,0.22424790570511083,93
1094,0.4372239200269592,perceptual,IT,dcrandom,ReLu7,0.20373606616974294,94
1095,0.5190156927655948,perceptual,IT,dcrandom,ReLu7,0.2712467383581203,95
1096,0.4810472613720263,perceptual,IT,dcrandom,ReLu7,0.2741049058569953,96
1097,0.4228858204032537,perceptual,IT,dcrandom,ReLu7,0.17897403311959037,97
1098,0.49034731436470314,perceptual,IT,dcrandom,ReLu7,0.2548512421893685,98
1099,0.5149242032111558,perceptual,IT,dcrandom,ReLu7,0.23141026158441372,99
1100,0.40750038218686624,perceptual,IT,dcrandom,ReLu7,0.24663198410270054,100
1101,0.42121755215208684,perceptual,IT,dcrandom,ReLu7,0.16578718198789927,101
1102,0.38575541849192696,perceptual,IT,dcrandom,ReLu7,0.12959360441948226,102
1103,0.42149896497049744,perceptual,IT,dcrandom,ReLu7,0.2107828937956101,103
1104,0.3718477931456382,perceptual,IT,dcrandom,ReLu7,0.20555616233935997,104
1105,0.4380346662052751,perceptual,IT,dcrandom,ReLu7,0.21473015043240548,105
1106,0.4395627207062404,perceptual,IT,dcrandom,ReLu7,0.2110207259310039,106
1107,0.4506852767268758,perceptual,IT,dcrandom,ReLu7,0.2460821361981534,107
1108,0.44670105077656036,perceptual,IT,dcrandom,ReLu7,0.23646159186887022,108
1109,0.5169108940625172,perceptual,IT,dcrandom,ReLu7,0.25564611664789905,109
1110,0.44180926844003593,perceptual,IT,dcrandom,ReLu7,0.21579808868689776,110
1111,0.3908140722070567,perceptual,IT,dcrandom,ReLu7,0.2338799787026752,111
1112,0.4683410877021112,perceptual,IT,dcrandom,ReLu7,0.2023709342610463,112
1113,0.42334821543758466,perceptual,IT,dcrandom,ReLu7,0.20287714099125465,113
1114,0.3643196527391251,perceptual,IT,dcrandom,ReLu7,0.15970522346766242,114
1115,0.4470857849953314,perceptual,IT,dcrandom,ReLu7,0.18006721727512887,115
1116,0.34600767776999647,perceptual,IT,dcrandom,ReLu7,0.14670947502657275,116
1117,0.4583020595747472,perceptual,IT,dcrandom,ReLu7,0.2693790996876182,117
1118,0.45076231999269323,perceptual,IT,dcrandom,ReLu7,0.20009475560277634,118
1119,0.24325380815288442,perceptual,IT,dcrandom,ReLu7,0.10295605675483846,119
1120,0.3080613059847057,perceptual,IT,dcrandom,ReLu7,0.14756051468375445,120
1121,0.35398076557371094,perceptual,IT,dcrandom,ReLu7,0.12286104788967907,121
1122,0.3678531602596446,perceptual,IT,dcrandom,ReLu7,0.2096293422465494,122
1123,0.3799297719689411,perceptual,IT,dcrandom,ReLu7,0.15677771842328422,123
1124,0.43345046378036295,perceptual,IT,dcrandom,ReLu7,0.18657499899433405,124
1125,0.44718838863773985,perceptual,IT,dcrandom,ReLu7,0.2205228687056518,125
1126,0.49386873856830066,perceptual,IT,dcrandom,ReLu7,0.2121994576274272,126
1127,0.3549601615776886,perceptual,IT,dcrandom,ReLu7,0.1592266296341212,127
1128,0.4600291524071925,perceptual,IT,dcrandom,ReLu7,0.21788653681443704,128
1129,0.38554971837481616,perceptual,IT,dcrandom,ReLu7,0.18118255811776268,129
1130,0.35243516219394866,perceptual,IT,dcrandom,ReLu7,0.19137424768965647,130
1131,0.3187067846393099,perceptual,IT,dcrandom,ReLu7,0.13863735211552325,131
1132,0.39920644827016516,perceptual,IT,dcrandom,ReLu7,0.22479120254723045,132
1133,0.43373932951426714,perceptual,IT,dcrandom,ReLu7,0.22672126589012137,133
1134,0.24901485121364436,perceptual,IT,dcrandom,ReLu7,0.11870606392664221,134
1135,0.4739430678548355,perceptual,IT,dcrandom,ReLu7,0.22374559057100776,135
1136,0.37923754391107484,perceptual,IT,dcrandom,ReLu7,0.13917373572068636,136
1137,0.41317205844754556,perceptual,IT,dcrandom,ReLu7,0.19993942468666462,137
1138,0.3977943782909676,perceptual,IT,dcrandom,ReLu7,0.16810380150162907,138
1139,0.4856726945326441,perceptual,IT,dcrandom,ReLu7,0.19561466677113656,139
1140,0.4496410087059851,perceptual,IT,dcrandom,ReLu7,0.2519637761967065,140
1141,0.47851792542911437,perceptual,IT,dcrandom,ReLu7,0.24830119956356123,141
1142,0.4743936187581192,perceptual,IT,dcrandom,ReLu7,0.15583395449025378,142
1143,0.4395102155859689,perceptual,IT,dcrandom,ReLu7,0.23668403109243918,143
1144,0.44464953994416345,perceptual,IT,dcrandom,ReLu7,0.22021399376588519,144
1145,0.3805262833673434,perceptual,IT,dcrandom,ReLu7,0.18244579502095526,145
1146,0.42332678313040273,perceptual,IT,dcrandom,ReLu7,0.19140676310800214,146
1147,0.4327928410408505,perceptual,IT,dcrandom,ReLu7,0.17394451803271926,147
1148,0.4845476065502899,perceptual,IT,dcrandom,ReLu7,0.2530320682486241,148
1149,0.4833598008547288,perceptual,IT,dcrandom,ReLu7,0.18092337037440814,149
1150,0.5177690788000017,perceptual,IT,dcrandom,ReLu7,0.22179860354482123,150
1151,0.34161722280217793,perceptual,IT,dcrandom,ReLu7,0.17309777798608791,151
1152,0.3159960389511948,perceptual,IT,dcrandom,ReLu7,0.13894191704493494,152
1153,0.29092513264818926,perceptual,IT,dcrandom,ReLu7,0.17503097894333539,153
1154,0.39855617119505615,perceptual,IT,dcrandom,ReLu7,0.19762721869110889,154
1155,0.386291803406889,perceptual,IT,dcrandom,ReLu7,0.18307289219445508,155
1156,0.4605925204165537,perceptual,IT,dcrandom,ReLu7,0.212586531449115,156
1157,0.48740001190592647,perceptual,IT,dcrandom,ReLu7,0.25683489024680195,157
1158,0.47835939094322505,perceptual,IT,dcrandom,ReLu7,0.26807599650609104,158
1159,0.3565507701296011,perceptual,IT,dcrandom,ReLu7,0.15301180965732,159
1160,0.3788017596914453,perceptual,IT,dcrandom,ReLu7,0.16325642740955082,160
1161,0.4369413779940813,perceptual,IT,dcrandom,ReLu7,0.21497629830085974,161
1162,0.39609129829271705,perceptual,IT,dcrandom,ReLu7,0.1848755979835014,162
1163,0.3272569044106354,perceptual,IT,dcrandom,ReLu7,0.15914586397228372,163
1164,0.44924531585975713,perceptual,IT,dcrandom,ReLu7,0.19921395839209324,164
1165,0.4769814976074048,perceptual,IT,dcrandom,ReLu7,0.1948143665714132,165
1166,0.4429507387935466,perceptual,IT,dcrandom,ReLu7,0.21869485473699374,166
1167,0.45045077919708293,perceptual,IT,dcrandom,ReLu7,0.1495138946362154,167
1168,0.4417105826599092,perceptual,IT,dcrandom,ReLu7,0.21231437204726972,168
1169,0.40224126551248773,perceptual,IT,dcrandom,ReLu7,0.20472393870348515,169
1170,0.4081570836113196,perceptual,IT,dcrandom,ReLu7,0.19802293471857954,170
1171,0.39610096322283717,perceptual,IT,dcrandom,ReLu7,0.1580559126744096,171
1172,0.360729369349275,perceptual,IT,dcrandom,ReLu7,0.13050392219997742,172
1173,0.4427755594036256,perceptual,IT,dcrandom,ReLu7,0.207871750314442,173
1174,0.5303920073314435,perceptual,IT,dcrandom,ReLu7,0.26850617401331733,174
1175,0.4195257650171346,perceptual,IT,dcrandom,ReLu7,0.23242583665239186,175
1176,0.48524115951601243,perceptual,IT,dcrandom,ReLu7,0.2885271821642709,176
1177,0.463460656494646,perceptual,IT,dcrandom,ReLu7,0.17579113621315942,177
1178,0.391267113531974,perceptual,IT,dcrandom,ReLu7,0.2730702482649204,178
1179,0.3845880941349346,perceptual,IT,dcrandom,ReLu7,0.2055449944875433,179
1180,0.4515732776537105,perceptual,IT,dcrandom,ReLu7,0.19598909825135657,180
1181,0.3431650578464473,perceptual,IT,dcrandom,ReLu7,0.16854221283897886,181
1182,0.3917612001556806,perceptual,IT,dcrandom,ReLu7,0.151080149342823,182
1183,0.40065580472337964,perceptual,IT,dcrandom,ReLu7,0.15799860353239836,183
1184,0.45860849036340845,perceptual,IT,dcrandom,ReLu7,0.22247293670837187,184
1185,0.4303189934311844,perceptual,IT,dcrandom,ReLu7,0.1742625840491309,185
1186,0.5696494021896187,perceptual,IT,dcrandom,ReLu7,0.2396956520420073,186
1187,0.4263468517590863,perceptual,IT,dcrandom,ReLu7,0.24895059283197196,187
1188,0.3665866920746319,perceptual,IT,dcrandom,ReLu7,0.1539040041354618,188
1189,0.3942704353513006,perceptual,IT,dcrandom,ReLu7,0.20704189024551672,189
1190,0.4336345206904968,perceptual,IT,dcrandom,ReLu7,0.20570801652270043,190
1191,0.44902918776439027,perceptual,IT,dcrandom,ReLu7,0.2661699228333306,191
1192,0.4700530907210934,perceptual,IT,dcrandom,ReLu7,0.2545801530777433,192
1193,0.4339300831676975,perceptual,IT,dcrandom,ReLu7,0.16889456243830614,193
1194,0.34519655945420186,perceptual,IT,dcrandom,ReLu7,0.14082018559958132,194
1195,0.34947882546848946,perceptual,IT,dcrandom,ReLu7,0.15180382997087905,195
1196,0.4484901408074231,perceptual,IT,dcrandom,ReLu7,0.19325453042704108,196
1197,0.41041276147244937,perceptual,IT,dcrandom,ReLu7,0.19294675413904488,197
1198,0.355068423221732,perceptual,IT,dcrandom,ReLu7,0.21755503240723195,198
1199,0.4074144588006441,perceptual,IT,dcrandom,ReLu7,0.18830539336588858,199
1200,0.5419276028180384,perceptual,IT,dcrandom,ReLu7,0.210482768908284,200
1201,0.4739476175013063,perceptual,IT,dcrandom,ReLu7,0.20062699128576372,201
1202,0.4620775557827767,perceptual,IT,dcrandom,ReLu7,0.24556338946962777,202
1203,0.44860640384824807,perceptual,IT,dcrandom,ReLu7,0.2241308637122183,203
1204,0.37036128513871364,perceptual,IT,dcrandom,ReLu7,0.18396046541619243,204
1205,0.3653999121666295,perceptual,IT,dcrandom,ReLu7,0.1936056240977239,205
1206,0.3859283455270271,perceptual,IT,dcrandom,ReLu7,0.1723734670008089,206
1207,0.43358775484792644,perceptual,IT,dcrandom,ReLu7,0.19781277663910768,207
1208,0.4562042369391247,perceptual,IT,dcrandom,ReLu7,0.23642193345444187,208
1209,0.42750368292883634,perceptual,IT,dcrandom,ReLu7,0.19960954970820927,209
1210,0.36351128053411497,perceptual,IT,dcrandom,ReLu7,0.1943634753611414,210
1211,0.33345474199236524,perceptual,IT,dcrandom,ReLu7,0.14766094163391563,211
1212,0.3428630446131639,perceptual,IT,dcrandom,ReLu7,0.187980049023362,212
1213,0.49231249003028293,perceptual,IT,dcrandom,ReLu7,0.24522301829965912,213
1214,0.3729343090900868,perceptual,IT,dcrandom,ReLu7,0.1612826299376649,214
1215,0.370383533973693,perceptual,IT,dcrandom,ReLu7,0.19237878682648898,215
1216,0.3960673425108372,perceptual,IT,dcrandom,ReLu7,0.17765433150472787,216
1217,0.4727295592158784,perceptual,IT,dcrandom,ReLu7,0.2223976521145708,217
1218,0.3611369732694579,perceptual,IT,dcrandom,ReLu7,0.1653925022033338,218
1219,0.4846995905100875,perceptual,IT,dcrandom,ReLu7,0.1836053564137509,219
1220,0.47521576037652985,perceptual,IT,dcrandom,ReLu7,0.2053503698127141,220
1221,0.5059391713964334,perceptual,IT,dcrandom,ReLu7,0.1889099794072888,221
1222,0.42294570556983013,perceptual,IT,dcrandom,ReLu7,0.22764479515455216,222
1223,0.41035412562960355,perceptual,IT,dcrandom,ReLu7,0.20843497778003417,223
1224,0.41660499582192567,perceptual,IT,dcrandom,ReLu7,0.25329468244832254,224
1225,0.3852813486909988,perceptual,IT,dcrandom,ReLu7,0.21486076245599986,225
1226,0.4445202217933938,perceptual,IT,dcrandom,ReLu7,0.19300839255194463,226
1227,0.42841964844560615,perceptual,IT,dcrandom,ReLu7,0.21361515587493157,227
1228,0.3775794673316654,perceptual,IT,dcrandom,ReLu7,0.1989582969406544,228
1229,0.5421603313453993,perceptual,IT,dcrandom,ReLu7,0.26320188245101356,229
1230,0.4057474680414833,perceptual,IT,dcrandom,ReLu7,0.2375486030851498,230
1231,0.4722057273911429,perceptual,IT,dcrandom,ReLu7,0.24623853254136902,231
1232,0.4591991160017366,perceptual,IT,dcrandom,ReLu7,0.18982578400385558,232
1233,0.4440559115030988,perceptual,IT,dcrandom,ReLu7,0.19409273685252573,233
1234,0.3997847460230373,perceptual,IT,dcrandom,ReLu7,0.15863882078367633,234
1235,0.380810777258922,perceptual,IT,dcrandom,ReLu7,0.15230170504175278,235
1236,0.3788000864962673,perceptual,IT,dcrandom,ReLu7,0.12637689540770017,236
1237,0.37765411537380317,perceptual,IT,dcrandom,ReLu7,0.17752077643031414,237
1238,0.3575075780096429,perceptual,IT,dcrandom,ReLu7,0.1929633929841023,238
1239,0.4051511117872579,perceptual,IT,dcrandom,ReLu7,0.2615429069045595,239
1240,0.3124852940998793,perceptual,IT,dcrandom,ReLu7,0.157093058810635,240
1241,0.36416556526797744,perceptual,IT,dcrandom,ReLu7,0.1668245899634101,241
1242,0.40435108360642413,perceptual,IT,dcrandom,ReLu7,0.1591426089172049,242
1243,0.45411781006065177,perceptual,IT,dcrandom,ReLu7,0.2545965565133127,243
1244,0.390848944645298,perceptual,IT,dcrandom,ReLu7,0.2338466225637521,244
1245,0.41976250567228574,perceptual,IT,dcrandom,ReLu7,0.19578442755830003,245
1246,0.30450498285057037,perceptual,IT,dcrandom,ReLu7,0.17674011190197825,246
1247,0.42475449443758234,perceptual,IT,dcrandom,ReLu7,0.19023781517492933,247
1248,0.3483448964925884,perceptual,IT,dcrandom,ReLu7,0.1269253018066449,248
1249,0.4217045144498536,perceptual,IT,dcrandom,ReLu7,0.1952839001780715,249
1250,0.4874048744127233,perceptual,IT,dcrandom,ReLu7,0.18633223252550077,250
1251,0.4976342141420219,perceptual,IT,dcrandom,ReLu7,0.23355806389052564,251
1252,0.45448437802518854,perceptual,IT,dcrandom,ReLu7,0.15261657677249216,252
1253,0.39554235773892177,perceptual,IT,dcrandom,ReLu7,0.18730923527260332,253
1254,0.3454991403686103,perceptual,IT,dcrandom,ReLu7,0.15072997450147557,254
1255,0.42450663591367027,perceptual,IT,dcrandom,ReLu7,0.21263048175433893,255
1256,0.44510709876696636,perceptual,IT,dcrandom,ReLu7,0.21653607007039938,256
1257,0.4170204528741286,perceptual,IT,dcrandom,ReLu7,0.19008831020404654,257
1258,0.36956181541916827,perceptual,IT,dcrandom,ReLu7,0.19802819843600122,258
1259,0.49883289370738465,perceptual,IT,dcrandom,ReLu7,0.22183971046650075,259
1260,0.31228879170422186,perceptual,IT,dcrandom,ReLu7,0.1929031184125306,260
1261,0.46519034837631534,perceptual,IT,dcrandom,ReLu7,0.21690959369048002,261
1262,0.40887394055573933,perceptual,IT,dcrandom,ReLu7,0.138723660868714,262
1263,0.4710393573853902,perceptual,IT,dcrandom,ReLu7,0.16169114918002137,263
1264,0.39478896215546316,perceptual,IT,dcrandom,ReLu7,0.18692816494997816,264
1265,0.40397779082509067,perceptual,IT,dcrandom,ReLu7,0.154226821050382,265
1266,0.5063846690453077,perceptual,IT,dcrandom,ReLu7,0.22243870783094716,266
1267,0.4787527862175434,perceptual,IT,dcrandom,ReLu7,0.20547454323253636,267
1268,0.44076288090311266,perceptual,IT,dcrandom,ReLu7,0.21207677333398328,268
1269,0.38337829960136044,perceptual,IT,dcrandom,ReLu7,0.23151609114679178,269
1270,0.38754489655475843,perceptual,IT,dcrandom,ReLu7,0.13799306769516526,270
1271,0.45142730941089665,perceptual,IT,dcrandom,ReLu7,0.19465307894040218,271
1272,0.47602396508598105,perceptual,IT,dcrandom,ReLu7,0.18762686409351412,272
1273,0.4510936123050556,perceptual,IT,dcrandom,ReLu7,0.21726154346822418,273
1274,0.2867091577345893,perceptual,IT,dcrandom,ReLu7,0.12959171372950748,274
1275,0.38019523063173355,perceptual,IT,dcrandom,ReLu7,0.17621112053109803,275
1276,0.5119272724526168,perceptual,IT,dcrandom,ReLu7,0.20761543892051465,276
1277,0.3822288165283014,perceptual,IT,dcrandom,ReLu7,0.17179667101050844,277
1278,0.46116200923819683,perceptual,IT,dcrandom,ReLu7,0.23460828357744112,278
1279,0.3275073305637449,perceptual,IT,dcrandom,ReLu7,0.17312836676356225,279
1280,0.41313291464299484,perceptual,IT,dcrandom,ReLu7,0.2698400212375157,280
1281,0.46795265525363916,perceptual,IT,dcrandom,ReLu7,0.2005634439941255,281
1282,0.46209184151821153,perceptual,IT,dcrandom,ReLu7,0.2394931153804809,282
1283,0.5396920191975125,perceptual,IT,dcrandom,ReLu7,0.24668062845144478,283
1284,0.4155108686690348,perceptual,IT,dcrandom,ReLu7,0.1870448482829461,284
1285,0.4330710677110713,perceptual,IT,dcrandom,ReLu7,0.20467184012680137,285
1286,0.38915708211533767,perceptual,IT,dcrandom,ReLu7,0.216625025584329,286
1287,0.4367933153764493,perceptual,IT,dcrandom,ReLu7,0.17450003275145842,287
1288,0.4793490922975587,perceptual,IT,dcrandom,ReLu7,0.2425416437005456,288
1289,0.40288808953932076,perceptual,IT,dcrandom,ReLu7,0.14330852649907538,289
1290,0.4163242544739835,perceptual,IT,dcrandom,ReLu7,0.21182686795940087,290
1291,0.4413043260732572,perceptual,IT,dcrandom,ReLu7,0.16404850579495067,291
1292,0.3269501355084106,perceptual,IT,dcrandom,ReLu7,0.13945502354726544,292
1293,0.4191346050224503,perceptual,IT,dcrandom,ReLu7,0.20765734441944744,293
1294,0.4426904616746042,perceptual,IT,dcrandom,ReLu7,0.21253958098975656,294
1295,0.38956253707450167,perceptual,IT,dcrandom,ReLu7,0.17622541823624693,295
1296,0.4013576845541724,perceptual,IT,dcrandom,ReLu7,0.19697379424991973,296
1297,0.39628782206758967,perceptual,IT,dcrandom,ReLu7,0.1589573769126073,297
1298,0.48942347354399535,perceptual,IT,dcrandom,ReLu7,0.18285401506054402,298
1299,0.4141861550801414,perceptual,IT,dcrandom,ReLu7,0.14359843874202155,299
1300,0.4646642639928906,perceptual,IT,dcrandom,ReLu7,0.2642671681637825,300
1301,0.40753778952798775,perceptual,IT,dcrandom,ReLu7,0.2244018758627244,301
1302,0.4083707829631299,perceptual,IT,dcrandom,ReLu7,0.1373001011865682,302
1303,0.37789359105490994,perceptual,IT,dcrandom,ReLu7,0.16263513071023222,303
1304,0.374004383640428,perceptual,IT,dcrandom,ReLu7,0.17693421040831367,304
1305,0.2532438285886352,perceptual,IT,dcrandom,ReLu7,0.11264623222488447,305
1306,0.5139625679908728,perceptual,IT,dcrandom,ReLu7,0.2399773660179695,306
1307,0.414633885187344,perceptual,IT,dcrandom,ReLu7,0.1706466129274315,307
1308,0.47817050606289774,perceptual,IT,dcrandom,ReLu7,0.21520781629772037,308
1309,0.4111849151007859,perceptual,IT,dcrandom,ReLu7,0.18866014238598391,309
1310,0.42360204231733334,perceptual,IT,dcrandom,ReLu7,0.235003279334203,310
1311,0.3666593552163261,perceptual,IT,dcrandom,ReLu7,0.1805142446585894,311
1312,0.41032703122246755,perceptual,IT,dcrandom,ReLu7,0.26196081497633983,312
1313,0.4846583942954273,perceptual,IT,dcrandom,ReLu7,0.27000499345577683,313
1314,0.39099301718390667,perceptual,IT,dcrandom,ReLu7,0.22829124544225476,314
1315,0.439486467736383,perceptual,IT,dcrandom,ReLu7,0.15478432656939625,315
1316,0.3800501759177062,perceptual,IT,dcrandom,ReLu7,0.1460405790031289,316
1317,0.46274963403924474,perceptual,IT,dcrandom,ReLu7,0.20945076339376706,317
1318,0.39961852947197685,perceptual,IT,dcrandom,ReLu7,0.22966471902620045,318
1319,0.4159781190674619,perceptual,IT,dcrandom,ReLu7,0.1916345816450752,319
1320,0.40057877598132496,perceptual,IT,dcrandom,ReLu7,0.20668129513887418,320
1321,0.4207915819982255,perceptual,IT,dcrandom,ReLu7,0.24828716971683917,321
1322,0.36602775283353484,perceptual,IT,dcrandom,ReLu7,0.15294459124011794,322
1323,0.509228405661778,perceptual,IT,dcrandom,ReLu7,0.24299368720696107,323
1324,0.4706493334083094,perceptual,IT,dcrandom,ReLu7,0.20638708543095524,324
1325,0.3956820923028866,perceptual,IT,dcrandom,ReLu7,0.19467954426185619,325
1326,0.46193944692279326,perceptual,IT,dcrandom,ReLu7,0.1715818722250046,326
1327,0.5315227408880232,perceptual,IT,dcrandom,ReLu7,0.21486366061088186,327
1328,0.3382964299990081,perceptual,IT,dcrandom,ReLu7,0.14506037714850434,328
1329,0.35765760169699296,perceptual,IT,dcrandom,ReLu7,0.18310526854358777,329
1330,0.5104001805371802,perceptual,IT,dcrandom,ReLu7,0.21160152499717638,330
1331,0.41440630082708274,perceptual,IT,dcrandom,ReLu7,0.1909105271002092,331
1332,0.4331552188009496,perceptual,IT,dcrandom,ReLu7,0.22368941374977366,332
1333,0.4117860346916375,perceptual,IT,dcrandom,ReLu7,0.2528783802687514,333
1334,0.3641541739395836,perceptual,IT,dcrandom,ReLu7,0.15511832000336004,334
1335,0.46170654367327624,perceptual,IT,dcrandom,ReLu7,0.2071972822286044,335
1336,0.3558019752467952,perceptual,IT,dcrandom,ReLu7,0.19804993935805226,336
1337,0.4415242199469231,perceptual,IT,dcrandom,ReLu7,0.22215563527641757,337
1338,0.3961410299773662,perceptual,IT,dcrandom,ReLu7,0.16835384095239203,338
1339,0.3793394450933635,perceptual,IT,dcrandom,ReLu7,0.20247760798306852,339
1340,0.47869109122876824,perceptual,IT,dcrandom,ReLu7,0.20729812705482234,340
1341,0.5125509601772247,perceptual,IT,dcrandom,ReLu7,0.2250906500626645,341
1342,0.4105537083882809,perceptual,IT,dcrandom,ReLu7,0.23685386994883603,342
1343,0.3398196426673285,perceptual,IT,dcrandom,ReLu7,0.11917429979559258,343
1344,0.47083882943406125,perceptual,IT,dcrandom,ReLu7,0.21872636631926423,344
1345,0.470580012422586,perceptual,IT,dcrandom,ReLu7,0.20314226962005205,345
1346,0.44410701579371054,perceptual,IT,dcrandom,ReLu7,0.23509725589297645,346
1347,0.41523279881632463,perceptual,IT,dcrandom,ReLu7,0.20518543177122256,347
1348,0.3980055450141245,perceptual,IT,dcrandom,ReLu7,0.14388387277421238,348
1349,0.4520981297572335,perceptual,IT,dcrandom,ReLu7,0.20702236982108085,349
1350,0.44178523581421647,perceptual,IT,dcrandom,ReLu7,0.183984823551332,350
1351,0.4675675136088417,perceptual,IT,dcrandom,ReLu7,0.29764693507176304,351
1352,0.48169116715293003,perceptual,IT,dcrandom,ReLu7,0.22079990795396187,352
1353,0.3619460119549513,perceptual,IT,dcrandom,ReLu7,0.12571147377338357,353
1354,0.3366727914288969,perceptual,IT,dcrandom,ReLu7,0.12802863451280497,354
1355,0.4474294888802075,perceptual,IT,dcrandom,ReLu7,0.250623983824884,355
1356,0.47200930640821553,perceptual,IT,dcrandom,ReLu7,0.2520988268597224,356
1357,0.4454031958322983,perceptual,IT,dcrandom,ReLu7,0.29081566573007966,357
1358,0.4441716179094819,perceptual,IT,dcrandom,ReLu7,0.17990873234436655,358
1359,0.4145147916646781,perceptual,IT,dcrandom,ReLu7,0.26041105325556924,359
1360,0.4589177180130404,perceptual,IT,dcrandom,ReLu7,0.18668137984996883,360
1361,0.3326488565791819,perceptual,IT,dcrandom,ReLu7,0.2216109099880745,361
1362,0.5245230815364967,perceptual,IT,dcrandom,ReLu7,0.19227525945368523,362
1363,0.47699058324912313,perceptual,IT,dcrandom,ReLu7,0.22869783222916962,363
1364,0.33308562451378815,perceptual,IT,dcrandom,ReLu7,0.17021247295020817,364
1365,0.4509513504000896,perceptual,IT,dcrandom,ReLu7,0.2661674146718584,365
1366,0.40962997319824024,perceptual,IT,dcrandom,ReLu7,0.1918637523836822,366
1367,0.471052042230587,perceptual,IT,dcrandom,ReLu7,0.18756461405512553,367
1368,0.4066969458141381,perceptual,IT,dcrandom,ReLu7,0.17803712766156848,368
1369,0.4757544189119884,perceptual,IT,dcrandom,ReLu7,0.2507441536842708,369
1370,0.3076101135489574,perceptual,IT,dcrandom,ReLu7,0.15375108189181036,370
1371,0.38998567431007336,perceptual,IT,dcrandom,ReLu7,0.23657561484810832,371
1372,0.4273104423254737,perceptual,IT,dcrandom,ReLu7,0.2592707687889959,372
1373,0.4448650591547188,perceptual,IT,dcrandom,ReLu7,0.21135704724209706,373
1374,0.3634685014718988,perceptual,IT,dcrandom,ReLu7,0.21294310602929878,374
1375,0.4586176032579884,perceptual,IT,dcrandom,ReLu7,0.21951655483465637,375
1376,0.43204595467806556,perceptual,IT,dcrandom,ReLu7,0.21673908044868134,376
1377,0.3826715714980113,perceptual,IT,dcrandom,ReLu7,0.17467167186063962,377
1378,0.45866123398797226,perceptual,IT,dcrandom,ReLu7,0.18824829747893373,378
1379,0.4056638896419276,perceptual,IT,dcrandom,ReLu7,0.2615672233594438,379
1380,0.4064241593636555,perceptual,IT,dcrandom,ReLu7,0.1961321640876752,380
1381,0.4606162076697135,perceptual,IT,dcrandom,ReLu7,0.2477977437150221,381
1382,0.41016373911416926,perceptual,IT,dcrandom,ReLu7,0.15955478584590344,382
1383,0.3788426831978881,perceptual,IT,dcrandom,ReLu7,0.2510748284560955,383
1384,0.49025784718930016,perceptual,IT,dcrandom,ReLu7,0.15849940458805598,384
1385,0.41793888402260043,perceptual,IT,dcrandom,ReLu7,0.17933261040214804,385
1386,0.5534777015263338,perceptual,IT,dcrandom,ReLu7,0.21706934845523346,386
1387,0.4212776757575011,perceptual,IT,dcrandom,ReLu7,0.1891631389310869,387
1388,0.4125507455204799,perceptual,IT,dcrandom,ReLu7,0.20895334905935609,388
1389,0.4207906579462574,perceptual,IT,dcrandom,ReLu7,0.2200379652643521,389
1390,0.4772930263380016,perceptual,IT,dcrandom,ReLu7,0.21240725179583358,390
1391,0.4047651409540134,perceptual,IT,dcrandom,ReLu7,0.17132310047401555,391
1392,0.4440888780129403,perceptual,IT,dcrandom,ReLu7,0.23065740556109215,392
1393,0.3286657935961948,perceptual,IT,dcrandom,ReLu7,0.16772865368189743,393
1394,0.4274283317320807,perceptual,IT,dcrandom,ReLu7,0.13582251170991436,394
1395,0.4360305990537511,perceptual,IT,dcrandom,ReLu7,0.22509558707632166,395
1396,0.460007301202562,perceptual,IT,dcrandom,ReLu7,0.20735973630188104,396
1397,0.547600258751153,perceptual,IT,dcrandom,ReLu7,0.20729339901939153,397
1398,0.4180357234884867,perceptual,IT,dcrandom,ReLu7,0.17549579876767,398
1399,0.3459334203627547,perceptual,IT,dcrandom,ReLu7,0.1494890012604967,399
1400,0.4047536479300408,perceptual,IT,dcrandom,ReLu7,0.2083393733913673,400
1401,0.4772149928880687,perceptual,IT,dcrandom,ReLu7,0.22182808739031645,401
1402,0.470926433794695,perceptual,IT,dcrandom,ReLu7,0.2032827455051614,402
1403,0.4715935752663107,perceptual,IT,dcrandom,ReLu7,0.19061340353032244,403
1404,0.44960152071917314,perceptual,IT,dcrandom,ReLu7,0.17347078227598398,404
1405,0.35888344419631124,perceptual,IT,dcrandom,ReLu7,0.15715420193426824,405
1406,0.3883552182178939,perceptual,IT,dcrandom,ReLu7,0.16871757301998785,406
1407,0.3613520925801301,perceptual,IT,dcrandom,ReLu7,0.17472321803707921,407
1408,0.44277189653633287,perceptual,IT,dcrandom,ReLu7,0.19488763485342672,408
1409,0.4393539573593179,perceptual,IT,dcrandom,ReLu7,0.19786940183072932,409
1410,0.4489770896821763,perceptual,IT,dcrandom,ReLu7,0.19297575469295247,410
1411,0.4495376933904732,perceptual,IT,dcrandom,ReLu7,0.22148865510226606,411
1412,0.4563645774489867,perceptual,IT,dcrandom,ReLu7,0.2009720567811305,412
1413,0.4329835420857361,perceptual,IT,dcrandom,ReLu7,0.21077276540039575,413
1414,0.5176910415098122,perceptual,IT,dcrandom,ReLu7,0.20800919680475685,414
1415,0.4131167207496838,perceptual,IT,dcrandom,ReLu7,0.213473787943929,415
1416,0.42448350615705216,perceptual,IT,dcrandom,ReLu7,0.14092343831792736,416
1417,0.37948701289395076,perceptual,IT,dcrandom,ReLu7,0.2078746439131123,417
1418,0.44014718178850365,perceptual,IT,dcrandom,ReLu7,0.17893883934311694,418
1419,0.35421226735489036,perceptual,IT,dcrandom,ReLu7,0.11941489117709682,419
1420,0.3066282680815685,perceptual,IT,dcrandom,ReLu7,0.16079214825629856,420
1421,0.4602934656223533,perceptual,IT,dcrandom,ReLu7,0.2000150385268849,421
1422,0.4937750748805965,perceptual,IT,dcrandom,ReLu7,0.19882142834413377,422
1423,0.45469717640793844,perceptual,IT,dcrandom,ReLu7,0.28191564999600816,423
1424,0.4436095448396918,perceptual,IT,dcrandom,ReLu7,0.23148517381467287,424
1425,0.4328554942713101,perceptual,IT,dcrandom,ReLu7,0.23010159207670436,425
1426,0.4292990734786918,perceptual,IT,dcrandom,ReLu7,0.20420699479210735,426
1427,0.3410448972041193,perceptual,IT,dcrandom,ReLu7,0.15254537820554143,427
1428,0.3806374406554994,perceptual,IT,dcrandom,ReLu7,0.2014191205644172,428
1429,0.5047888043851342,perceptual,IT,dcrandom,ReLu7,0.2227916122754099,429
1430,0.3730693070112189,perceptual,IT,dcrandom,ReLu7,0.211722011390429,430
1431,0.3849416176237213,perceptual,IT,dcrandom,ReLu7,0.20836811458176147,431
1432,0.39443030952450997,perceptual,IT,dcrandom,ReLu7,0.20074272988664077,432
1433,0.46439223722863393,perceptual,IT,dcrandom,ReLu7,0.27384299062923434,433
1434,0.5267764021713071,perceptual,IT,dcrandom,ReLu7,0.23582115680266036,434
1435,0.3718401106630341,perceptual,IT,dcrandom,ReLu7,0.17523196182214928,435
1436,0.42426380669858144,perceptual,IT,dcrandom,ReLu7,0.16963458362076933,436
1437,0.2537365690564937,perceptual,IT,dcrandom,ReLu7,0.11508101370064125,437
1438,0.47809928795968504,perceptual,IT,dcrandom,ReLu7,0.23169203452434198,438
1439,0.45255566636396305,perceptual,IT,dcrandom,ReLu7,0.2536755952699494,439
1440,0.4572814010141705,perceptual,IT,dcrandom,ReLu7,0.15835199969200597,440
1441,0.326643101683683,perceptual,IT,dcrandom,ReLu7,0.15057835950236886,441
1442,0.5316300570889915,perceptual,IT,dcrandom,ReLu7,0.21985984503517306,442
1443,0.42854008987788417,perceptual,IT,dcrandom,ReLu7,0.2164925854372064,443
1444,0.3686798751277026,perceptual,IT,dcrandom,ReLu7,0.16637370164513476,444
1445,0.4077362272902558,perceptual,IT,dcrandom,ReLu7,0.22070610562014822,445
1446,0.3420877679024853,perceptual,IT,dcrandom,ReLu7,0.14994463699651805,446
1447,0.3457850663865657,perceptual,IT,dcrandom,ReLu7,0.16586950428062724,447
1448,0.4690614228624457,perceptual,IT,dcrandom,ReLu7,0.22749445780382052,448
1449,0.5007402919160574,perceptual,IT,dcrandom,ReLu7,0.1929381062220628,449
1450,0.36478228462228457,perceptual,IT,dcrandom,ReLu7,0.16201475394779485,450
1451,0.5137019197220226,perceptual,IT,dcrandom,ReLu7,0.2554653486503185,451
1452,0.3437803308581454,perceptual,IT,dcrandom,ReLu7,0.17295132046480605,452
1453,0.5020608874746887,perceptual,IT,dcrandom,ReLu7,0.2230593166271601,453
1454,0.3502840737360142,perceptual,IT,dcrandom,ReLu7,0.1954708680519005,454
1455,0.4088135755928034,perceptual,IT,dcrandom,ReLu7,0.16068436617564733,455
1456,0.4567350419519548,perceptual,IT,dcrandom,ReLu7,0.17872966206896063,456
1457,0.40722137738667713,perceptual,IT,dcrandom,ReLu7,0.2029292235573023,457
1458,0.36372912423067016,perceptual,IT,dcrandom,ReLu7,0.1866627141889338,458
1459,0.5452519002541596,perceptual,IT,dcrandom,ReLu7,0.23189395216350586,459
1460,0.46989536581807384,perceptual,IT,dcrandom,ReLu7,0.1887972940324279,460
1461,0.3369110538618431,perceptual,IT,dcrandom,ReLu7,0.12199343976766344,461
1462,0.516953432171464,perceptual,IT,dcrandom,ReLu7,0.2358104635999559,462
1463,0.436156622078731,perceptual,IT,dcrandom,ReLu7,0.24651425348617945,463
1464,0.4355364527930699,perceptual,IT,dcrandom,ReLu7,0.18330146232458006,464
1465,0.38100228451483553,perceptual,IT,dcrandom,ReLu7,0.20002930489798051,465
1466,0.41071790135659375,perceptual,IT,dcrandom,ReLu7,0.2806446534875079,466
1467,0.4616437207239655,perceptual,IT,dcrandom,ReLu7,0.22473020243610559,467
1468,0.31513919150787034,perceptual,IT,dcrandom,ReLu7,0.15905691338545866,468
1469,0.34424072907410463,perceptual,IT,dcrandom,ReLu7,0.17456214251307883,469
1470,0.3700866919128172,perceptual,IT,dcrandom,ReLu7,0.20600546355148636,470
1471,0.4842097269150415,perceptual,IT,dcrandom,ReLu7,0.2514439375089854,471
1472,0.3909113621969007,perceptual,IT,dcrandom,ReLu7,0.2567471946010339,472
1473,0.4131572120580804,perceptual,IT,dcrandom,ReLu7,0.18961206152512358,473
1474,0.42457872432490584,perceptual,IT,dcrandom,ReLu7,0.24633703532560017,474
1475,0.51380509330603,perceptual,IT,dcrandom,ReLu7,0.27824028632764,475
1476,0.32459374799958923,perceptual,IT,dcrandom,ReLu7,0.15742594749984695,476
1477,0.4256181509329914,perceptual,IT,dcrandom,ReLu7,0.19162695038209265,477
1478,0.41990246677059306,perceptual,IT,dcrandom,ReLu7,0.20026717568870736,478
1479,0.38153256721396434,perceptual,IT,dcrandom,ReLu7,0.19918890608227946,479
1480,0.30588866252971,perceptual,IT,dcrandom,ReLu7,0.17499322893763575,480
1481,0.39067911614532363,perceptual,IT,dcrandom,ReLu7,0.20787561737960591,481
1482,0.46295422203385606,perceptual,IT,dcrandom,ReLu7,0.1755716688610304,482
1483,0.44114820589924864,perceptual,IT,dcrandom,ReLu7,0.22038960302525934,483
1484,0.42572686546096394,perceptual,IT,dcrandom,ReLu7,0.1692975481801147,484
1485,0.4118407338060671,perceptual,IT,dcrandom,ReLu7,0.2166853103207918,485
1486,0.44853760581501445,perceptual,IT,dcrandom,ReLu7,0.20531405312697046,486
1487,0.4442983113148948,perceptual,IT,dcrandom,ReLu7,0.24498535617351747,487
1488,0.39983498985013555,perceptual,IT,dcrandom,ReLu7,0.17891173409025993,488
1489,0.25279445320138416,perceptual,IT,dcrandom,ReLu7,0.10781571251060817,489
1490,0.4911592301256419,perceptual,IT,dcrandom,ReLu7,0.21412381018557822,490
1491,0.36074300878303583,perceptual,IT,dcrandom,ReLu7,0.11188290831570995,491
1492,0.4610562669784807,perceptual,IT,dcrandom,ReLu7,0.2429561829124412,492
1493,0.5662508470584147,perceptual,IT,dcrandom,ReLu7,0.23801183219640198,493
1494,0.46587090941827763,perceptual,IT,dcrandom,ReLu7,0.19593764331290764,494
1495,0.41789925375515996,perceptual,IT,dcrandom,ReLu7,0.24489069798098462,495
1496,0.37569780962867894,perceptual,IT,dcrandom,ReLu7,0.16496990222749214,496
1497,0.44097838766576586,perceptual,IT,dcrandom,ReLu7,0.2040792092909971,497
1498,0.3492306702715891,perceptual,IT,dcrandom,ReLu7,0.19099138370069926,498
1499,0.4610138033903867,perceptual,IT,dcrandom,ReLu7,0.23080376492243626,499
1500,0.46480649504721505,perceptual,IT,dcrandom,ReLu7,0.2509871784784567,500
1501,0.42261506132413246,perceptual,IT,dcrandom,ReLu7,0.1849843151403594,501
1502,0.44829914919844155,perceptual,IT,dcrandom,ReLu7,0.2210957904457485,502
1503,0.41953022982822613,perceptual,IT,dcrandom,ReLu7,0.24032860655567823,503
1504,0.44197478264132517,perceptual,IT,dcrandom,ReLu7,0.21509575951592708,504
1505,0.4695653249029652,perceptual,IT,dcrandom,ReLu7,0.22982648272102177,505
1506,0.45027476499273905,perceptual,IT,dcrandom,ReLu7,0.23362744539290892,506
1507,0.41746350174194496,perceptual,IT,dcrandom,ReLu7,0.20157334166946794,507
1508,0.4459784984523509,perceptual,IT,dcrandom,ReLu7,0.1886661250314563,508
1509,0.4793482389662798,perceptual,IT,dcrandom,ReLu7,0.26704069513769413,509
1510,0.42390827845944434,perceptual,IT,dcrandom,ReLu7,0.20462296734784813,510
1511,0.4895696631467038,perceptual,IT,dcrandom,ReLu7,0.25627741152671973,511
1512,0.489077701248047,perceptual,IT,dcrandom,ReLu7,0.2338034888353177,512
1513,0.35556442890775514,perceptual,IT,dcrandom,ReLu7,0.17162564841404154,513
1514,0.4215408180287915,perceptual,IT,dcrandom,ReLu7,0.2105814088252835,514
1515,0.42672229069698125,perceptual,IT,dcrandom,ReLu7,0.200390513811033,515
1516,0.4009387521682971,perceptual,IT,dcrandom,ReLu7,0.22059698198821898,516
1517,0.371280128971428,perceptual,IT,dcrandom,ReLu7,0.1950052391006276,517
1518,0.4556806736000546,perceptual,IT,dcrandom,ReLu7,0.20889642728058316,518
1519,0.45688560945323764,perceptual,IT,dcrandom,ReLu7,0.25037836514766965,519
1520,0.4663771816070387,perceptual,IT,dcrandom,ReLu7,0.22284358402246562,520
1521,0.45043857265894993,perceptual,IT,dcrandom,ReLu7,0.20286175782645904,521
1522,0.3658990287892223,perceptual,IT,dcrandom,ReLu7,0.2055540126523932,522
1523,0.35939629918666577,perceptual,IT,dcrandom,ReLu7,0.14821991851208777,523
1524,0.4509441401935675,perceptual,IT,dcrandom,ReLu7,0.1706901706564681,524
1525,0.3338567717050688,perceptual,IT,dcrandom,ReLu7,0.22775328857090868,525
1526,0.4400300903061157,perceptual,IT,dcrandom,ReLu7,0.19317469963964598,526
1527,0.4275812802891114,perceptual,IT,dcrandom,ReLu7,0.21036962883552496,527
1528,0.5476279820661988,perceptual,IT,dcrandom,ReLu7,0.23432027776176478,528
1529,0.4756183221615964,perceptual,IT,dcrandom,ReLu7,0.25021413943571125,529
1530,0.42001271445742105,perceptual,IT,dcrandom,ReLu7,0.18989409686644648,530
1531,0.44585086017966163,perceptual,IT,dcrandom,ReLu7,0.22587853393309715,531
1532,0.42339861854171845,perceptual,IT,dcrandom,ReLu7,0.21260825691295718,532
1533,0.49249557061495985,perceptual,IT,dcrandom,ReLu7,0.23373486322941733,533
1534,0.5513986995208986,perceptual,IT,dcrandom,ReLu7,0.25713139666395635,534
1535,0.45872214669109707,perceptual,IT,dcrandom,ReLu7,0.19767872941777806,535
1536,0.3991821235644503,perceptual,IT,dcrandom,ReLu7,0.2317478312799503,536
1537,0.3381648358717033,perceptual,IT,dcrandom,ReLu7,0.12396229250865225,537
1538,0.3568289850899864,perceptual,IT,dcrandom,ReLu7,0.16988761833178784,538
1539,0.4226502227796733,perceptual,IT,dcrandom,ReLu7,0.17167306600968457,539
1540,0.5183073447660974,perceptual,IT,dcrandom,ReLu7,0.2074548006350066,540
1541,0.4042116599580321,perceptual,IT,dcrandom,ReLu7,0.22794186447106402,541
1542,0.3935119265971791,perceptual,IT,dcrandom,ReLu7,0.22464273853182498,542
1543,0.5048457349349167,perceptual,IT,dcrandom,ReLu7,0.1781990597104508,543
1544,0.3884546618697246,perceptual,IT,dcrandom,ReLu7,0.19447021331022835,544
1545,0.3520118157702178,perceptual,IT,dcrandom,ReLu7,0.17136742868561577,545
1546,0.45177979761553133,perceptual,IT,dcrandom,ReLu7,0.28111803996504253,546
1547,0.4072121817939941,perceptual,IT,dcrandom,ReLu7,0.2329094081186438,547
1548,0.4742231497820799,perceptual,IT,dcrandom,ReLu7,0.2102125924533167,548
1549,0.4810564363145636,perceptual,IT,dcrandom,ReLu7,0.22564147013290758,549
1550,0.4398187963984853,perceptual,IT,dcrandom,ReLu7,0.15868799806542397,550
1551,0.4180263451223421,perceptual,IT,dcrandom,ReLu7,0.2006695785341578,551
1552,0.4376828735186083,perceptual,IT,dcrandom,ReLu7,0.20969557797300964,552
1553,0.40291784078809395,perceptual,IT,dcrandom,ReLu7,0.17829545573394787,553
1554,0.4541313385346128,perceptual,IT,dcrandom,ReLu7,0.18584745454627727,554
1555,0.4543468424022878,perceptual,IT,dcrandom,ReLu7,0.21880887221211553,555
1556,0.4827953414762119,perceptual,IT,dcrandom,ReLu7,0.20562790818781715,556
1557,0.4264447697440137,perceptual,IT,dcrandom,ReLu7,0.19259457290829204,557
1558,0.43646206448047603,perceptual,IT,dcrandom,ReLu7,0.19654311315382267,558
1559,0.42883535821199326,perceptual,IT,dcrandom,ReLu7,0.2316300004853087,559
1560,0.4317170461589911,perceptual,IT,dcrandom,ReLu7,0.23358058138358487,560
1561,0.4387663151426685,perceptual,IT,dcrandom,ReLu7,0.22079638571724858,561
1562,0.4401022314437044,perceptual,IT,dcrandom,ReLu7,0.18656029321861628,562
1563,0.4809827742582451,perceptual,IT,dcrandom,ReLu7,0.2540836972344981,563
1564,0.384615410274935,perceptual,IT,dcrandom,ReLu7,0.20471919610972925,564
1565,0.44383209136746926,perceptual,IT,dcrandom,ReLu7,0.24248157811758933,565
1566,0.4390667415438744,perceptual,IT,dcrandom,ReLu7,0.248686252645477,566
1567,0.5495626974930393,perceptual,IT,dcrandom,ReLu7,0.213275104020664,567
1568,0.38846488463570034,perceptual,IT,dcrandom,ReLu7,0.1779417804123266,568
1569,0.44254612769548396,perceptual,IT,dcrandom,ReLu7,0.23061629962644187,569
1570,0.3994614558110115,perceptual,IT,dcrandom,ReLu7,0.21145013577932115,570
1571,0.4606609981414214,perceptual,IT,dcrandom,ReLu7,0.2239001247305398,571
1572,0.49913061939202,perceptual,IT,dcrandom,ReLu7,0.23258183019918194,572
1573,0.3725988365581003,perceptual,IT,dcrandom,ReLu7,0.13045065649677723,573
1574,0.3223243308760147,perceptual,IT,dcrandom,ReLu7,0.17708039723934726,574
1575,0.5590443079820471,perceptual,IT,dcrandom,ReLu7,0.26214922399947205,575
1576,0.32806153459235005,perceptual,IT,dcrandom,ReLu7,0.15009633507413817,576
1577,0.3398223363189943,perceptual,IT,dcrandom,ReLu7,0.15279830163372582,577
1578,0.5115415335298579,perceptual,IT,dcrandom,ReLu7,0.2221350636229796,578
1579,0.4812397288912593,perceptual,IT,dcrandom,ReLu7,0.2447533207536709,579
1580,0.3330839071847805,perceptual,IT,dcrandom,ReLu7,0.19069163857246216,580
1581,0.5267390587539738,perceptual,IT,dcrandom,ReLu7,0.21816707840975513,581
1582,0.38370102996215,perceptual,IT,dcrandom,ReLu7,0.20148614905654072,582
1583,0.4744094756108572,perceptual,IT,dcrandom,ReLu7,0.233480414737047,583
1584,0.4164421695806532,perceptual,IT,dcrandom,ReLu7,0.1838853638347862,584
1585,0.3952440447771445,perceptual,IT,dcrandom,ReLu7,0.19700260919032037,585
1586,0.5037311644475768,perceptual,IT,dcrandom,ReLu7,0.1853682133608634,586
1587,0.4402785961511506,perceptual,IT,dcrandom,ReLu7,0.20458753525279272,587
1588,0.45854022211438866,perceptual,IT,dcrandom,ReLu7,0.2496512052415791,588
1589,0.46838168035536776,perceptual,IT,dcrandom,ReLu7,0.20718313317288578,589
1590,0.44730627189980926,perceptual,IT,dcrandom,ReLu7,0.20393858284760857,590
1591,0.46712166518113,perceptual,IT,dcrandom,ReLu7,0.24253582127772277,591
1592,0.3385207431635689,perceptual,IT,dcrandom,ReLu7,0.14157088384075478,592
1593,0.4386559516092167,perceptual,IT,dcrandom,ReLu7,0.21490399700515112,593
1594,0.4177584528355736,perceptual,IT,dcrandom,ReLu7,0.17520871213548042,594
1595,0.4888283641290793,perceptual,IT,dcrandom,ReLu7,0.23205085161476421,595
1596,0.41418024956837934,perceptual,IT,dcrandom,ReLu7,0.2032243069064302,596
1597,0.490302573616247,perceptual,IT,dcrandom,ReLu7,0.2614222856344105,597
1598,0.4461006837467147,perceptual,IT,dcrandom,ReLu7,0.21851529245366896,598
1599,0.42276558916511525,perceptual,IT,dcrandom,ReLu7,0.16514294778365607,599
1600,0.39072621937959373,perceptual,IT,dcrandom,ReLu7,0.2061201970706557,600
1601,0.45935221916548835,perceptual,IT,dcrandom,ReLu7,0.2198245526668663,601
1602,0.36170224124393924,perceptual,IT,dcrandom,ReLu7,0.14937081659564694,602
1603,0.38008391340064984,perceptual,IT,dcrandom,ReLu7,0.20595745002186805,603
1604,0.33382539718268467,perceptual,IT,dcrandom,ReLu7,0.15449026017235856,604
1605,0.3878591724810613,perceptual,IT,dcrandom,ReLu7,0.17900372616415916,605
1606,0.4119209210812095,perceptual,IT,dcrandom,ReLu7,0.1719081521895822,606
1607,0.4074758380769478,perceptual,IT,dcrandom,ReLu7,0.24001224439394137,607
1608,0.2656102989736683,perceptual,IT,dcrandom,ReLu7,0.10176145617664036,608
1609,0.37762213743891626,perceptual,IT,dcrandom,ReLu7,0.1411406385937491,609
1610,0.4828839012414696,perceptual,IT,dcrandom,ReLu7,0.20854741640455804,610
1611,0.42350089220817605,perceptual,IT,dcrandom,ReLu7,0.21211723004343136,611
1612,0.5208006912422789,perceptual,IT,dcrandom,ReLu7,0.21629231046402214,612
1613,0.34945378449594394,perceptual,IT,dcrandom,ReLu7,0.14504054784565912,613
1614,0.3644733257314947,perceptual,IT,dcrandom,ReLu7,0.18733172431225364,614
1615,0.3880860881560012,perceptual,IT,dcrandom,ReLu7,0.14221117214333878,615
1616,0.3674733682013849,perceptual,IT,dcrandom,ReLu7,0.16692031610085403,616
1617,0.5259483270630506,perceptual,IT,dcrandom,ReLu7,0.24958579291329952,617
1618,0.4392143816614513,perceptual,IT,dcrandom,ReLu7,0.20249063288843747,618
1619,0.45934310801737915,perceptual,IT,dcrandom,ReLu7,0.24264370653996914,619
1620,0.46392354977873845,perceptual,IT,dcrandom,ReLu7,0.19293830694029673,620
1621,0.29790516214735485,perceptual,IT,dcrandom,ReLu7,0.14161099474269329,621
1622,0.46213302943710505,perceptual,IT,dcrandom,ReLu7,0.19889850926751862,622
1623,0.4423435631740254,perceptual,IT,dcrandom,ReLu7,0.30566241908392544,623
1624,0.5100369060749945,perceptual,IT,dcrandom,ReLu7,0.22797039126323526,624
1625,0.44574101770227553,perceptual,IT,dcrandom,ReLu7,0.22501810933305733,625
1626,0.45176226638686157,perceptual,IT,dcrandom,ReLu7,0.23687097426720116,626
1627,0.297724417066497,perceptual,IT,dcrandom,ReLu7,0.150734593434173,627
1628,0.4113932784080902,perceptual,IT,dcrandom,ReLu7,0.18517371108660727,628
1629,0.31690158417070946,perceptual,IT,dcrandom,ReLu7,0.12547975133765465,629
1630,0.3518209879429464,perceptual,IT,dcrandom,ReLu7,0.16882702728566135,630
1631,0.38954182364576284,perceptual,IT,dcrandom,ReLu7,0.23474173328749168,631
1632,0.46629368273075783,perceptual,IT,dcrandom,ReLu7,0.1884400003608723,632
1633,0.3912005213324902,perceptual,IT,dcrandom,ReLu7,0.20333046393547397,633
1634,0.4384579264665276,perceptual,IT,dcrandom,ReLu7,0.19844853397742956,634
1635,0.38567585682003414,perceptual,IT,dcrandom,ReLu7,0.18984131874009036,635
1636,0.3906680882977288,perceptual,IT,dcrandom,ReLu7,0.1630390752643262,636
1637,0.41245598789970966,perceptual,IT,dcrandom,ReLu7,0.20120726577344072,637
1638,0.41849734367629887,perceptual,IT,dcrandom,ReLu7,0.2558378324603202,638
1639,0.45738027686895405,perceptual,IT,dcrandom,ReLu7,0.20843353351121913,639
1640,0.4728085080676908,perceptual,IT,dcrandom,ReLu7,0.24279759429129744,640
1641,0.39379067178921395,perceptual,IT,dcrandom,ReLu7,0.15516567242213122,641
1642,0.47801396795540324,perceptual,IT,dcrandom,ReLu7,0.26736046679645187,642
1643,0.40812363917520694,perceptual,IT,dcrandom,ReLu7,0.13338754874025724,643
1644,0.5134075400271937,perceptual,IT,dcrandom,ReLu7,0.19835414449936312,644
1645,0.519878034293324,perceptual,IT,dcrandom,ReLu7,0.17837643195995204,645
1646,0.48065020214474996,perceptual,IT,dcrandom,ReLu7,0.18071139787297377,646
1647,0.3323650483043505,perceptual,IT,dcrandom,ReLu7,0.17049161146478642,647
1648,0.42611761244158775,perceptual,IT,dcrandom,ReLu7,0.18454185490940997,648
1649,0.40781985883480787,perceptual,IT,dcrandom,ReLu7,0.23755657587095508,649
1650,0.4375275752210743,perceptual,IT,dcrandom,ReLu7,0.16486449851925467,650
1651,0.3946898688581668,perceptual,IT,dcrandom,ReLu7,0.16455112701846125,651
1652,0.36853493602334625,perceptual,IT,dcrandom,ReLu7,0.19625370528729771,652
1653,0.43585060205986403,perceptual,IT,dcrandom,ReLu7,0.254403020431769,653
1654,0.5172594659478276,perceptual,IT,dcrandom,ReLu7,0.19291465450949746,654
1655,0.44664166484415146,perceptual,IT,dcrandom,ReLu7,0.14935384213833036,655
1656,0.320172028615125,perceptual,IT,dcrandom,ReLu7,0.1640676643041486,656
1657,0.4430235116286086,perceptual,IT,dcrandom,ReLu7,0.16506949870763626,657
1658,0.44839733153932676,perceptual,IT,dcrandom,ReLu7,0.15482825049755472,658
1659,0.394387779025863,perceptual,IT,dcrandom,ReLu7,0.13893544485973622,659
1660,0.40478105565252864,perceptual,IT,dcrandom,ReLu7,0.20199286254749793,660
1661,0.42606396012579545,perceptual,IT,dcrandom,ReLu7,0.2594834363999833,661
1662,0.3579545423358714,perceptual,IT,dcrandom,ReLu7,0.17899936277024808,662
1663,0.5549346178153605,perceptual,IT,dcrandom,ReLu7,0.21273468373462978,663
1664,0.5099436389689661,perceptual,IT,dcrandom,ReLu7,0.1858445262913383,664
1665,0.427543531180104,perceptual,IT,dcrandom,ReLu7,0.19097033900767924,665
1666,0.34833538523356194,perceptual,IT,dcrandom,ReLu7,0.16464222887850055,666
1667,0.44418101886517797,perceptual,IT,dcrandom,ReLu7,0.24606128493766555,667
1668,0.4254020278268366,perceptual,IT,dcrandom,ReLu7,0.21386960510223707,668
1669,0.3860772118735788,perceptual,IT,dcrandom,ReLu7,0.16372716520856329,669
1670,0.38271858427203626,perceptual,IT,dcrandom,ReLu7,0.15755431468748685,670
1671,0.4025603066170131,perceptual,IT,dcrandom,ReLu7,0.1837126869945683,671
1672,0.45899988765310246,perceptual,IT,dcrandom,ReLu7,0.23499560919082457,672
1673,0.5397336463157085,perceptual,IT,dcrandom,ReLu7,0.23494307895341954,673
1674,0.33173519997117507,perceptual,IT,dcrandom,ReLu7,0.1587503953826805,674
1675,0.4722724274032628,perceptual,IT,dcrandom,ReLu7,0.28842102634804345,675
1676,0.3778381849651038,perceptual,IT,dcrandom,ReLu7,0.20209353655701007,676
1677,0.4005731163389416,perceptual,IT,dcrandom,ReLu7,0.22120819540311135,677
1678,0.3586292379301828,perceptual,IT,dcrandom,ReLu7,0.17429488645042882,678
1679,0.40015878766050483,perceptual,IT,dcrandom,ReLu7,0.19069965140324976,679
1680,0.5106522384935469,perceptual,IT,dcrandom,ReLu7,0.22371934835697793,680
1681,0.36217686567642365,perceptual,IT,dcrandom,ReLu7,0.17025921847210063,681
1682,0.3988221738243381,perceptual,IT,dcrandom,ReLu7,0.20794096090859382,682
1683,0.39434108283580005,perceptual,IT,dcrandom,ReLu7,0.1893875483911645,683
1684,0.3997018402629376,perceptual,IT,dcrandom,ReLu7,0.1800116784247025,684
1685,0.41784844291312256,perceptual,IT,dcrandom,ReLu7,0.1857030292049007,685
1686,0.4105870677177373,perceptual,IT,dcrandom,ReLu7,0.1949466645425456,686
1687,0.33004865012974993,perceptual,IT,dcrandom,ReLu7,0.14054829309738728,687
1688,0.4621370550011061,perceptual,IT,dcrandom,ReLu7,0.19533275387886287,688
1689,0.39764411091731616,perceptual,IT,dcrandom,ReLu7,0.144043687775306,689
1690,0.47851239890511255,perceptual,IT,dcrandom,ReLu7,0.19450217599794398,690
1691,0.4915237021630895,perceptual,IT,dcrandom,ReLu7,0.19361057104547802,691
1692,0.375423174892829,perceptual,IT,dcrandom,ReLu7,0.18575165407730887,692
1693,0.5196476863805931,perceptual,IT,dcrandom,ReLu7,0.27422839059873333,693
1694,0.4690422301041011,perceptual,IT,dcrandom,ReLu7,0.2899979927867004,694
1695,0.37237924833819486,perceptual,IT,dcrandom,ReLu7,0.17558761087745514,695
1696,0.4173031691938217,perceptual,IT,dcrandom,ReLu7,0.18508737431050915,696
1697,0.30482744760798314,perceptual,IT,dcrandom,ReLu7,0.12396805192941815,697
1698,0.40262779038272484,perceptual,IT,dcrandom,ReLu7,0.21309491320921461,698
1699,0.49091936291452043,perceptual,IT,dcrandom,ReLu7,0.2101095711084074,699
1700,0.4852067230259058,perceptual,IT,dcrandom,ReLu7,0.1956505458480725,700
1701,0.31381604526870743,perceptual,IT,dcrandom,ReLu7,0.1712143208302705,701
1702,0.3473571173336007,perceptual,IT,dcrandom,ReLu7,0.18977987025817183,702
1703,0.29058830223519017,perceptual,IT,dcrandom,ReLu7,0.13216505637094955,703
1704,0.40115302332025327,perceptual,IT,dcrandom,ReLu7,0.2272818292900869,704
1705,0.4887122012420526,perceptual,IT,dcrandom,ReLu7,0.25873337668635416,705
1706,0.3117536355533655,perceptual,IT,dcrandom,ReLu7,0.15622774864201067,706
1707,0.40641294314198906,perceptual,IT,dcrandom,ReLu7,0.169120441756975,707
1708,0.3765907138821917,perceptual,IT,dcrandom,ReLu7,0.20448301005315053,708
1709,0.5013486754765678,perceptual,IT,dcrandom,ReLu7,0.24589737181327256,709
1710,0.24645940360608687,perceptual,IT,dcrandom,ReLu7,0.09840725245590778,710
1711,0.36800652289539304,perceptual,IT,dcrandom,ReLu7,0.16996664781423604,711
1712,0.3835873972172324,perceptual,IT,dcrandom,ReLu7,0.1951844208905622,712
1713,0.47941045120591497,perceptual,IT,dcrandom,ReLu7,0.22755709512018624,713
1714,0.4010265930848807,perceptual,IT,dcrandom,ReLu7,0.2016942289592091,714
1715,0.3869184747382943,perceptual,IT,dcrandom,ReLu7,0.1848938234357017,715
1716,0.4486604959900109,perceptual,IT,dcrandom,ReLu7,0.20336010559402287,716
1717,0.4508308975819162,perceptual,IT,dcrandom,ReLu7,0.19595422277784236,717
1718,0.35099876136936636,perceptual,IT,dcrandom,ReLu7,0.16593119098902254,718
1719,0.44654235269339326,perceptual,IT,dcrandom,ReLu7,0.179014161593842,719
1720,0.4530277197734806,perceptual,IT,dcrandom,ReLu7,0.3011053024381659,720
1721,0.5132503141670651,perceptual,IT,dcrandom,ReLu7,0.2060398162132615,721
1722,0.3408612201482222,perceptual,IT,dcrandom,ReLu7,0.13857995248626725,722
1723,0.48059754666100934,perceptual,IT,dcrandom,ReLu7,0.21951896581976332,723
1724,0.3634607210273075,perceptual,IT,dcrandom,ReLu7,0.16970132531957133,724
1725,0.47956138714728225,perceptual,IT,dcrandom,ReLu7,0.21499718734056483,725
1726,0.4451391865584944,perceptual,IT,dcrandom,ReLu7,0.2030305211491237,726
1727,0.4535307054653669,perceptual,IT,dcrandom,ReLu7,0.20859779603976597,727
1728,0.5343465512254408,perceptual,IT,dcrandom,ReLu7,0.22053219448943653,728
1729,0.41293102265581083,perceptual,IT,dcrandom,ReLu7,0.23296946581408046,729
1730,0.46212641498997403,perceptual,IT,dcrandom,ReLu7,0.2300887378331422,730
1731,0.36099085389542407,perceptual,IT,dcrandom,ReLu7,0.17867059876502883,731
1732,0.43174944998752385,perceptual,IT,dcrandom,ReLu7,0.2226756575315051,732
1733,0.45521241665761386,perceptual,IT,dcrandom,ReLu7,0.19699779316569976,733
1734,0.40186255888594646,perceptual,IT,dcrandom,ReLu7,0.19272957086031223,734
1735,0.38458554147499896,perceptual,IT,dcrandom,ReLu7,0.20595374417265078,735
1736,0.47664386231700095,perceptual,IT,dcrandom,ReLu7,0.20892711731004476,736
1737,0.47642511082103406,perceptual,IT,dcrandom,ReLu7,0.19732612025923138,737
1738,0.4940490591776081,perceptual,IT,dcrandom,ReLu7,0.25465959689714757,738
1739,0.4767846075439034,perceptual,IT,dcrandom,ReLu7,0.21115030162433018,739
1740,0.4645328314862367,perceptual,IT,dcrandom,ReLu7,0.25731600290244383,740
1741,0.5264727592592736,perceptual,IT,dcrandom,ReLu7,0.2708910474072693,741
1742,0.4919023576927603,perceptual,IT,dcrandom,ReLu7,0.2265480782450487,742
1743,0.37530349854433687,perceptual,IT,dcrandom,ReLu7,0.16467211054409817,743
1744,0.4824194619837758,perceptual,IT,dcrandom,ReLu7,0.2504090825099954,744
1745,0.2988371315550738,perceptual,IT,dcrandom,ReLu7,0.118862384118231,745
1746,0.36513661272917236,perceptual,IT,dcrandom,ReLu7,0.2829598070111271,746
1747,0.32689665120277384,perceptual,IT,dcrandom,ReLu7,0.17543220976610496,747
1748,0.4487069697918547,perceptual,IT,dcrandom,ReLu7,0.1956189061349759,748
1749,0.3805600228564683,perceptual,IT,dcrandom,ReLu7,0.2099636162324052,749
1750,0.5116053877531761,perceptual,IT,dcrandom,ReLu7,0.2304270466733827,750
1751,0.4489446333469133,perceptual,IT,dcrandom,ReLu7,0.2494535673356174,751
1752,0.3835650451047054,perceptual,IT,dcrandom,ReLu7,0.21395861062138233,752
1753,0.572758810027899,perceptual,IT,dcrandom,ReLu7,0.23774724185839585,753
1754,0.39676278030450285,perceptual,IT,dcrandom,ReLu7,0.17839265833639006,754
1755,0.5371528722717055,perceptual,IT,dcrandom,ReLu7,0.2460344996516487,755
1756,0.4091810577177193,perceptual,IT,dcrandom,ReLu7,0.18990171275197892,756
1757,0.4350842522851138,perceptual,IT,dcrandom,ReLu7,0.22005662983572655,757
1758,0.40373868160645027,perceptual,IT,dcrandom,ReLu7,0.20322739003157123,758
1759,0.40187233471796385,perceptual,IT,dcrandom,ReLu7,0.16129450215620814,759
1760,0.5553087642434074,perceptual,IT,dcrandom,ReLu7,0.22781877026806863,760
1761,0.3862810423979396,perceptual,IT,dcrandom,ReLu7,0.20074559138383055,761
1762,0.41381786827350475,perceptual,IT,dcrandom,ReLu7,0.15646993067922238,762
1763,0.35492176782532386,perceptual,IT,dcrandom,ReLu7,0.11305679745934478,763
1764,0.39278082860497576,perceptual,IT,dcrandom,ReLu7,0.213199467857867,764
1765,0.46134548233778344,perceptual,IT,dcrandom,ReLu7,0.2575309804440391,765
1766,0.4228500734976037,perceptual,IT,dcrandom,ReLu7,0.18611626948525212,766
1767,0.4859232243697769,perceptual,IT,dcrandom,ReLu7,0.207948892195115,767
1768,0.33985036248978995,perceptual,IT,dcrandom,ReLu7,0.16614716242576466,768
1769,0.48688343867675765,perceptual,IT,dcrandom,ReLu7,0.2797163534270352,769
1770,0.5250051268857693,perceptual,IT,dcrandom,ReLu7,0.2002434956952644,770
1771,0.4835784220448791,perceptual,IT,dcrandom,ReLu7,0.23361843998949697,771
1772,0.3679007930707992,perceptual,IT,dcrandom,ReLu7,0.23093736612662918,772
1773,0.44940493632845446,perceptual,IT,dcrandom,ReLu7,0.22078008422814227,773
1774,0.4336300909852588,perceptual,IT,dcrandom,ReLu7,0.17233505268949084,774
1775,0.44065353258708934,perceptual,IT,dcrandom,ReLu7,0.2418134677129566,775
1776,0.434209617664162,perceptual,IT,dcrandom,ReLu7,0.22821866157589255,776
1777,0.5475059551760758,perceptual,IT,dcrandom,ReLu7,0.21495013541501196,777
1778,0.3705711506899975,perceptual,IT,dcrandom,ReLu7,0.13940144582204242,778
1779,0.43171837086277803,perceptual,IT,dcrandom,ReLu7,0.20638913436229694,779
1780,0.2695140137652503,perceptual,IT,dcrandom,ReLu7,0.1132284843498497,780
1781,0.37892034996296253,perceptual,IT,dcrandom,ReLu7,0.18201165415910192,781
1782,0.31697220303334694,perceptual,IT,dcrandom,ReLu7,0.17391436493398021,782
1783,0.4359514646874721,perceptual,IT,dcrandom,ReLu7,0.25057456323653976,783
1784,0.3656265973966867,perceptual,IT,dcrandom,ReLu7,0.15685915131871137,784
1785,0.43660192640133483,perceptual,IT,dcrandom,ReLu7,0.2522542254310462,785
1786,0.4012970162971264,perceptual,IT,dcrandom,ReLu7,0.1450897499525426,786
1787,0.4482266739127084,perceptual,IT,dcrandom,ReLu7,0.2123528222847425,787
1788,0.3438536372089825,perceptual,IT,dcrandom,ReLu7,0.18597586807366007,788
1789,0.3820229643766382,perceptual,IT,dcrandom,ReLu7,0.15275518029162088,789
1790,0.4589394708442613,perceptual,IT,dcrandom,ReLu7,0.1930604963907463,790
1791,0.40237773260799425,perceptual,IT,dcrandom,ReLu7,0.15610641412626022,791
1792,0.4095723323857779,perceptual,IT,dcrandom,ReLu7,0.19077241887382257,792
1793,0.4389619456136507,perceptual,IT,dcrandom,ReLu7,0.2200540616430333,793
1794,0.496873124105161,perceptual,IT,dcrandom,ReLu7,0.2576982971910115,794
1795,0.391902560788836,perceptual,IT,dcrandom,ReLu7,0.22078443582547821,795
1796,0.3510153268127671,perceptual,IT,dcrandom,ReLu7,0.22670908085954236,796
1797,0.24774646672534492,perceptual,IT,dcrandom,ReLu7,0.10581115496722514,797
1798,0.424971470726556,perceptual,IT,dcrandom,ReLu7,0.19643330251197508,798
1799,0.5237140170707159,perceptual,IT,dcrandom,ReLu7,0.22675031638115578,799
1800,0.3934243409478631,perceptual,IT,dcrandom,ReLu7,0.2415355640428799,800
1801,0.44591146711606283,perceptual,IT,dcrandom,ReLu7,0.2210477554368016,801
1802,0.48918380659555105,perceptual,IT,dcrandom,ReLu7,0.16677880626767036,802
1803,0.4260738589060796,perceptual,IT,dcrandom,ReLu7,0.18424623506720178,803
1804,0.5058456584568912,perceptual,IT,dcrandom,ReLu7,0.28882328856316,804
1805,0.5189046979125115,perceptual,IT,dcrandom,ReLu7,0.24577547165857971,805
1806,0.5050039033108343,perceptual,IT,dcrandom,ReLu7,0.2422222134545014,806
1807,0.3786079414798439,perceptual,IT,dcrandom,ReLu7,0.15162441901351914,807
1808,0.44480287449096456,perceptual,IT,dcrandom,ReLu7,0.18917101730925254,808
1809,0.46866747899560113,perceptual,IT,dcrandom,ReLu7,0.21951048299636086,809
1810,0.3244287933063444,perceptual,IT,dcrandom,ReLu7,0.12381504351084328,810
1811,0.38511894039212236,perceptual,IT,dcrandom,ReLu7,0.1840304524427721,811
1812,0.45862821039233825,perceptual,IT,dcrandom,ReLu7,0.24226149214049442,812
1813,0.4634573267462228,perceptual,IT,dcrandom,ReLu7,0.2342215800069605,813
1814,0.45009665426182643,perceptual,IT,dcrandom,ReLu7,0.1924091501007586,814
1815,0.2571395549916757,perceptual,IT,dcrandom,ReLu7,0.09017619039577598,815
1816,0.3690303731361958,perceptual,IT,dcrandom,ReLu7,0.20918311830532108,816
1817,0.3737278741044003,perceptual,IT,dcrandom,ReLu7,0.1383748356388687,817
1818,0.41098183739873645,perceptual,IT,dcrandom,ReLu7,0.1591522038495975,818
1819,0.47079546584305126,perceptual,IT,dcrandom,ReLu7,0.21364185647438738,819
1820,0.49545275631121655,perceptual,IT,dcrandom,ReLu7,0.2101446939288889,820
1821,0.41840866443138963,perceptual,IT,dcrandom,ReLu7,0.215594713505103,821
1822,0.5259594690761896,perceptual,IT,dcrandom,ReLu7,0.22915233601679558,822
1823,0.4448837918606756,perceptual,IT,dcrandom,ReLu7,0.2125435708081999,823
1824,0.48813396331988274,perceptual,IT,dcrandom,ReLu7,0.2151204566861578,824
1825,0.4457238202508777,perceptual,IT,dcrandom,ReLu7,0.21769055138729498,825
1826,0.4947630794168415,perceptual,IT,dcrandom,ReLu7,0.21086782243570645,826
1827,0.44293402326494175,perceptual,IT,dcrandom,ReLu7,0.20592825018536334,827
1828,0.45183591272188983,perceptual,IT,dcrandom,ReLu7,0.23520742672142503,828
1829,0.6119373803920102,perceptual,IT,dcrandom,ReLu7,0.21141888165447803,829
1830,0.41317916952312844,perceptual,IT,dcrandom,ReLu7,0.18508456373316193,830
1831,0.41815220209096443,perceptual,IT,dcrandom,ReLu7,0.17542048337206742,831
1832,0.4454504449400106,perceptual,IT,dcrandom,ReLu7,0.2591568117176515,832
1833,0.44643910435143447,perceptual,IT,dcrandom,ReLu7,0.22306423794904967,833
1834,0.3792151414694813,perceptual,IT,dcrandom,ReLu7,0.25306650724494617,834
1835,0.40569944511094264,perceptual,IT,dcrandom,ReLu7,0.2409734714853688,835
1836,0.5194077842197308,perceptual,IT,dcrandom,ReLu7,0.19643227276251357,836
1837,0.4320780100563245,perceptual,IT,dcrandom,ReLu7,0.2686805320966058,837
1838,0.3556753705999449,perceptual,IT,dcrandom,ReLu7,0.17695445279325858,838
1839,0.43372551005663557,perceptual,IT,dcrandom,ReLu7,0.22334856159630323,839
1840,0.4218368939552175,perceptual,IT,dcrandom,ReLu7,0.2038274393245608,840
1841,0.4347828626628596,perceptual,IT,dcrandom,ReLu7,0.20748503862910123,841
1842,0.4325860856587342,perceptual,IT,dcrandom,ReLu7,0.21209161126981055,842
1843,0.36975916189121893,perceptual,IT,dcrandom,ReLu7,0.18255715120336746,843
1844,0.39522411200764,perceptual,IT,dcrandom,ReLu7,0.2070849818767865,844
1845,0.3745544217791206,perceptual,IT,dcrandom,ReLu7,0.1763020164581101,845
1846,0.4230752883774779,perceptual,IT,dcrandom,ReLu7,0.2296092644906132,846
1847,0.36951858385207914,perceptual,IT,dcrandom,ReLu7,0.14792908633515497,847
1848,0.39153203910062473,perceptual,IT,dcrandom,ReLu7,0.17065061244607932,848
1849,0.4369857629959207,perceptual,IT,dcrandom,ReLu7,0.2631478992670432,849
1850,0.45629302092594964,perceptual,IT,dcrandom,ReLu7,0.22133477080819763,850
1851,0.4763495785935831,perceptual,IT,dcrandom,ReLu7,0.2264772393104787,851
1852,0.41380357347236413,perceptual,IT,dcrandom,ReLu7,0.2119075536440262,852
1853,0.42662374677764614,perceptual,IT,dcrandom,ReLu7,0.20096561478968816,853
1854,0.4293165860330817,perceptual,IT,dcrandom,ReLu7,0.23909502094692828,854
1855,0.49930374916425246,perceptual,IT,dcrandom,ReLu7,0.17843944286208924,855
1856,0.478223413955996,perceptual,IT,dcrandom,ReLu7,0.1951451418002888,856
1857,0.42728421841995234,perceptual,IT,dcrandom,ReLu7,0.2999730752319096,857
1858,0.3826712739133444,perceptual,IT,dcrandom,ReLu7,0.19806041999543966,858
1859,0.4649092359019786,perceptual,IT,dcrandom,ReLu7,0.2269565576511563,859
1860,0.3927514740019829,perceptual,IT,dcrandom,ReLu7,0.18456438949418802,860
1861,0.3651401839116342,perceptual,IT,dcrandom,ReLu7,0.17915123564301408,861
1862,0.45100267929569327,perceptual,IT,dcrandom,ReLu7,0.16962897559690066,862
1863,0.43879590190734546,perceptual,IT,dcrandom,ReLu7,0.17521262107692503,863
1864,0.3120197208966657,perceptual,IT,dcrandom,ReLu7,0.1336357348054326,864
1865,0.448018089082231,perceptual,IT,dcrandom,ReLu7,0.23101147787851345,865
1866,0.5309849345044222,perceptual,IT,dcrandom,ReLu7,0.21527274075864528,866
1867,0.4649552674631829,perceptual,IT,dcrandom,ReLu7,0.19438492782312933,867
1868,0.3870278654894656,perceptual,IT,dcrandom,ReLu7,0.16398374026840576,868
1869,0.3640479311232945,perceptual,IT,dcrandom,ReLu7,0.22686452005465618,869
1870,0.4086440102577741,perceptual,IT,dcrandom,ReLu7,0.16674289380766114,870
1871,0.43543754309669996,perceptual,IT,dcrandom,ReLu7,0.1952027004856074,871
1872,0.387858009137426,perceptual,IT,dcrandom,ReLu7,0.1915031725831745,872
1873,0.3861671726628459,perceptual,IT,dcrandom,ReLu7,0.20279068876889217,873
1874,0.4641111733930649,perceptual,IT,dcrandom,ReLu7,0.2315599108974448,874
1875,0.4678894201628336,perceptual,IT,dcrandom,ReLu7,0.21665618531941,875
1876,0.48366667349510556,perceptual,IT,dcrandom,ReLu7,0.2413734300741877,876
1877,0.40931191224986413,perceptual,IT,dcrandom,ReLu7,0.19753799286316992,877
1878,0.46794452079395016,perceptual,IT,dcrandom,ReLu7,0.18706191403368372,878
1879,0.4686169001690435,perceptual,IT,dcrandom,ReLu7,0.22716868207109647,879
1880,0.4271637389299154,perceptual,IT,dcrandom,ReLu7,0.2056625606776346,880
1881,0.4504578027309458,perceptual,IT,dcrandom,ReLu7,0.21489557964887512,881
1882,0.4722202149828648,perceptual,IT,dcrandom,ReLu7,0.23936541681846774,882
1883,0.3357951301903978,perceptual,IT,dcrandom,ReLu7,0.12966868864345601,883
1884,0.43548032182398183,perceptual,IT,dcrandom,ReLu7,0.19817312203076992,884
1885,0.4517084442472208,perceptual,IT,dcrandom,ReLu7,0.13371289694462712,885
1886,0.4482086225376508,perceptual,IT,dcrandom,ReLu7,0.23341520357906553,886
1887,0.4165046096136806,perceptual,IT,dcrandom,ReLu7,0.19782032293007007,887
1888,0.47542372711750286,perceptual,IT,dcrandom,ReLu7,0.19963493020956924,888
1889,0.5040149396520605,perceptual,IT,dcrandom,ReLu7,0.22454535539509374,889
1890,0.41520363887672096,perceptual,IT,dcrandom,ReLu7,0.2050855368941783,890
1891,0.40220899596149806,perceptual,IT,dcrandom,ReLu7,0.17892886020116314,891
1892,0.39357619672337707,perceptual,IT,dcrandom,ReLu7,0.20846460262568386,892
1893,0.36760060999724425,perceptual,IT,dcrandom,ReLu7,0.22737726612160927,893
1894,0.3933188479648245,perceptual,IT,dcrandom,ReLu7,0.18769222627291898,894
1895,0.33313248828509606,perceptual,IT,dcrandom,ReLu7,0.17954424600059676,895
1896,0.3042953863452509,perceptual,IT,dcrandom,ReLu7,0.17342486907825838,896
1897,0.34439367067582344,perceptual,IT,dcrandom,ReLu7,0.15011576277250488,897
1898,0.5014570432284234,perceptual,IT,dcrandom,ReLu7,0.22044623380060122,898
1899,0.4685900436332176,perceptual,IT,dcrandom,ReLu7,0.21341216907120664,899
1900,0.43787536991915166,perceptual,IT,dcrandom,ReLu7,0.2797199003576598,900
1901,0.38898762711546697,perceptual,IT,dcrandom,ReLu7,0.1838647633639138,901
1902,0.3658741034127229,perceptual,IT,dcrandom,ReLu7,0.20847373352594206,902
1903,0.36766792052541053,perceptual,IT,dcrandom,ReLu7,0.14993119243819245,903
1904,0.4228232439108067,perceptual,IT,dcrandom,ReLu7,0.20981113726469258,904
1905,0.42638123401122957,perceptual,IT,dcrandom,ReLu7,0.17621842825546685,905
1906,0.45720312461567425,perceptual,IT,dcrandom,ReLu7,0.21604752330780308,906
1907,0.42925368000378933,perceptual,IT,dcrandom,ReLu7,0.22188329217073693,907
1908,0.4389292036735184,perceptual,IT,dcrandom,ReLu7,0.24250777405160118,908
1909,0.349614428968495,perceptual,IT,dcrandom,ReLu7,0.20029031509902134,909
1910,0.4705229851931559,perceptual,IT,dcrandom,ReLu7,0.23151633978571617,910
1911,0.43827877758078326,perceptual,IT,dcrandom,ReLu7,0.21584966701777258,911
1912,0.4736638296036112,perceptual,IT,dcrandom,ReLu7,0.19640452239677963,912
1913,0.43423734499000394,perceptual,IT,dcrandom,ReLu7,0.17537746384661962,913
1914,0.42622579278998407,perceptual,IT,dcrandom,ReLu7,0.20778053914777833,914
1915,0.6099730584185952,perceptual,IT,dcrandom,ReLu7,0.2132709060658788,915
1916,0.4319213853945248,perceptual,IT,dcrandom,ReLu7,0.17719920750419915,916
1917,0.5024105051607991,perceptual,IT,dcrandom,ReLu7,0.2064920964303345,917
1918,0.3298532088617438,perceptual,IT,dcrandom,ReLu7,0.13880712719613714,918
1919,0.375292337351701,perceptual,IT,dcrandom,ReLu7,0.22039885581640745,919
1920,0.34610035492930485,perceptual,IT,dcrandom,ReLu7,0.15880974566416578,920
1921,0.3944439398272722,perceptual,IT,dcrandom,ReLu7,0.1549047756648957,921
1922,0.4873412659128813,perceptual,IT,dcrandom,ReLu7,0.2725078752476643,922
1923,0.3949104305035532,perceptual,IT,dcrandom,ReLu7,0.168650502904805,923
1924,0.44308448175664517,perceptual,IT,dcrandom,ReLu7,0.1800008147413492,924
1925,0.38406356896048,perceptual,IT,dcrandom,ReLu7,0.16900168778077979,925
1926,0.26607417023633984,perceptual,IT,dcrandom,ReLu7,0.12227530018084065,926
1927,0.3840861471243657,perceptual,IT,dcrandom,ReLu7,0.21791719092825518,927
1928,0.3977372002545484,perceptual,IT,dcrandom,ReLu7,0.20846297498113148,928
1929,0.40413424437969275,perceptual,IT,dcrandom,ReLu7,0.18590849602848025,929
1930,0.4501910235196918,perceptual,IT,dcrandom,ReLu7,0.16574162616652854,930
1931,0.3703130414083808,perceptual,IT,dcrandom,ReLu7,0.15205814345135737,931
1932,0.4296948695189516,perceptual,IT,dcrandom,ReLu7,0.1929097914227847,932
1933,0.35294753539321455,perceptual,IT,dcrandom,ReLu7,0.16289873085072434,933
1934,0.44408075271867187,perceptual,IT,dcrandom,ReLu7,0.20465731887075844,934
1935,0.3806681215003409,perceptual,IT,dcrandom,ReLu7,0.13198577585391813,935
1936,0.3986160613472647,perceptual,IT,dcrandom,ReLu7,0.2034755679356503,936
1937,0.4439720345102584,perceptual,IT,dcrandom,ReLu7,0.238958258101219,937
1938,0.4446151078363988,perceptual,IT,dcrandom,ReLu7,0.1676772167315182,938
1939,0.4491253872072689,perceptual,IT,dcrandom,ReLu7,0.21991837229139505,939
1940,0.48420817268863575,perceptual,IT,dcrandom,ReLu7,0.18965295532781773,940
1941,0.40911122350874146,perceptual,IT,dcrandom,ReLu7,0.13223422017938308,941
1942,0.42412804075737015,perceptual,IT,dcrandom,ReLu7,0.17694583536315975,942
1943,0.26315825805750387,perceptual,IT,dcrandom,ReLu7,0.10850638245019788,943
1944,0.43884624387188104,perceptual,IT,dcrandom,ReLu7,0.2903042343712497,944
1945,0.49010605134451607,perceptual,IT,dcrandom,ReLu7,0.23922815832564623,945
1946,0.319746285858444,perceptual,IT,dcrandom,ReLu7,0.11994467498141746,946
1947,0.3122172157288396,perceptual,IT,dcrandom,ReLu7,0.12207145780567877,947
1948,0.421524486149824,perceptual,IT,dcrandom,ReLu7,0.1735276820397463,948
1949,0.41525898228869224,perceptual,IT,dcrandom,ReLu7,0.22861910086716786,949
1950,0.4326729694370733,perceptual,IT,dcrandom,ReLu7,0.21717969403832596,950
1951,0.49894011727277754,perceptual,IT,dcrandom,ReLu7,0.2711450961958824,951
1952,0.5182297792193892,perceptual,IT,dcrandom,ReLu7,0.1968467624489023,952
1953,0.40097630540777396,perceptual,IT,dcrandom,ReLu7,0.14269386317627988,953
1954,0.4127851209529207,perceptual,IT,dcrandom,ReLu7,0.250041379199626,954
1955,0.4548583250309518,perceptual,IT,dcrandom,ReLu7,0.1627129055408318,955
1956,0.37111707512279773,perceptual,IT,dcrandom,ReLu7,0.14468869389936248,956
1957,0.5176504312551119,perceptual,IT,dcrandom,ReLu7,0.20801375272891617,957
1958,0.44084160943780876,perceptual,IT,dcrandom,ReLu7,0.29846623969640435,958
1959,0.34360525886032955,perceptual,IT,dcrandom,ReLu7,0.19235272796326333,959
1960,0.45783510114212433,perceptual,IT,dcrandom,ReLu7,0.2607585683050676,960
1961,0.4029363280151378,perceptual,IT,dcrandom,ReLu7,0.17222559340881546,961
1962,0.3978526219239165,perceptual,IT,dcrandom,ReLu7,0.23712429687339032,962
1963,0.42015228655361775,perceptual,IT,dcrandom,ReLu7,0.20775850703100734,963
1964,0.37814680535990286,perceptual,IT,dcrandom,ReLu7,0.1890461353831298,964
1965,0.395089009564897,perceptual,IT,dcrandom,ReLu7,0.1755111087841626,965
1966,0.39687040614893226,perceptual,IT,dcrandom,ReLu7,0.1881900073323189,966
1967,0.44484121607329696,perceptual,IT,dcrandom,ReLu7,0.1946919773804979,967
1968,0.43026532324966915,perceptual,IT,dcrandom,ReLu7,0.19232072025711222,968
1969,0.4433498139442813,perceptual,IT,dcrandom,ReLu7,0.19759099325528234,969
1970,0.37355312276309605,perceptual,IT,dcrandom,ReLu7,0.1925131084527354,970
1971,0.2913792866670574,perceptual,IT,dcrandom,ReLu7,0.1301579471138408,971
1972,0.3719832316421538,perceptual,IT,dcrandom,ReLu7,0.23414840629850658,972
1973,0.4450637332968643,perceptual,IT,dcrandom,ReLu7,0.21545108331278,973
1974,0.3562383925881084,perceptual,IT,dcrandom,ReLu7,0.2108977937365134,974
1975,0.4431710719588244,perceptual,IT,dcrandom,ReLu7,0.22538121562979313,975
1976,0.34581215282794125,perceptual,IT,dcrandom,ReLu7,0.14562513072691646,976
1977,0.4970743269772685,perceptual,IT,dcrandom,ReLu7,0.15951423900882816,977
1978,0.5242814703084078,perceptual,IT,dcrandom,ReLu7,0.21476297659770263,978
1979,0.29896144997964175,perceptual,IT,dcrandom,ReLu7,0.13493922729668034,979
1980,0.40627718901450666,perceptual,IT,dcrandom,ReLu7,0.27447001893843304,980
1981,0.43801194205272803,perceptual,IT,dcrandom,ReLu7,0.18440224292622737,981
1982,0.4463699854454613,perceptual,IT,dcrandom,ReLu7,0.23336366408149772,982
1983,0.49993347061944093,perceptual,IT,dcrandom,ReLu7,0.24417251971673154,983
1984,0.3441303533127185,perceptual,IT,dcrandom,ReLu7,0.2109903116172859,984
1985,0.3659798711104333,perceptual,IT,dcrandom,ReLu7,0.1723671970073525,985
1986,0.4633085338949317,perceptual,IT,dcrandom,ReLu7,0.19938840013089554,986
1987,0.4526543582912811,perceptual,IT,dcrandom,ReLu7,0.18400198211092222,987
1988,0.3540718191051134,perceptual,IT,dcrandom,ReLu7,0.20216938003305723,988
1989,0.44917668908702063,perceptual,IT,dcrandom,ReLu7,0.19520632452878012,989
1990,0.4211477595007897,perceptual,IT,dcrandom,ReLu7,0.20886847662470392,990
1991,0.3631488456336224,perceptual,IT,dcrandom,ReLu7,0.19970013915166773,991
1992,0.3618673576080039,perceptual,IT,dcrandom,ReLu7,0.15355383810283746,992
1993,0.41758886399118345,perceptual,IT,dcrandom,ReLu7,0.14655724285944008,993
1994,0.4053518255933795,perceptual,IT,dcrandom,ReLu7,0.201252559358358,994
1995,0.46355247530238597,perceptual,IT,dcrandom,ReLu7,0.2397633928752142,995
1996,0.3444242500819091,perceptual,IT,dcrandom,ReLu7,0.1328608985615032,996
1997,0.35587422740356345,perceptual,IT,dcrandom,ReLu7,0.16245625549933607,997
1998,0.36969809520840563,perceptual,IT,dcrandom,ReLu7,0.16430656587356723,998
1999,0.4011031793481451,perceptual,IT,dcrandom,ReLu7,0.15776038112083846,999
2000,0.44154882110846466,perceptual,IT,dctrained,ReLu2,0.024801593938038078,0
2001,0.468837149102695,perceptual,IT,dctrained,ReLu2,0.03070995834712227,1
2002,0.816498299511521,perceptual,IT,dctrained,ReLu2,0.050339610748018356,2
2003,0.5346809552536597,perceptual,IT,dctrained,ReLu2,0.0341860467881521,3
2004,0.7034491600405279,perceptual,IT,dctrained,ReLu2,0.024308731779094345,4
2005,0.49556875178986876,perceptual,IT,dctrained,ReLu2,0.041451334669504215,5
2006,0.5287667465881548,perceptual,IT,dctrained,ReLu2,0.04424652795217077,6
2007,0.6774653172933721,perceptual,IT,dctrained,ReLu2,0.053580887068320565,7
2008,0.7367662631186611,perceptual,IT,dctrained,ReLu2,0.0357152561730498,8
2009,0.5811358784475885,perceptual,IT,dctrained,ReLu2,0.04166280392143962,9
2010,0.48287387997966985,perceptual,IT,dctrained,ReLu2,0.06211187477881204,10
2011,0.5652189969696808,perceptual,IT,dctrained,ReLu2,0.044721053764035276,11
2012,0.44036938513569424,perceptual,IT,dctrained,ReLu2,0.02501847086440412,12
2013,0.8364578144962023,perceptual,IT,dctrained,ReLu2,0.060826871415580866,13
2014,0.6088118336523083,perceptual,IT,dctrained,ReLu2,0.04340602770500718,14
2015,0.6540975331172368,perceptual,IT,dctrained,ReLu2,0.04205656843224221,15
2016,0.3955332566949429,perceptual,IT,dctrained,ReLu2,0.029806979555428555,16
2017,0.6525237462067475,perceptual,IT,dctrained,ReLu2,0.0668339288421787,17
2018,0.7671898478136452,perceptual,IT,dctrained,ReLu2,0.04517348987401515,18
2019,0.6697479228215241,perceptual,IT,dctrained,ReLu2,0.03825271281316382,19
2020,0.7957539572217807,perceptual,IT,dctrained,ReLu2,0.0507601969582379,20
2021,0.531553274367457,perceptual,IT,dctrained,ReLu2,0.04467658161177333,21
2022,0.4967262630901106,perceptual,IT,dctrained,ReLu2,0.019989269425129887,22
2023,1.3289954703310436,perceptual,IT,dctrained,ReLu2,0.039086430696787675,23
2024,0.8067313651737108,perceptual,IT,dctrained,ReLu2,0.046716168119983775,24
2025,0.5083114358049159,perceptual,IT,dctrained,ReLu2,0.03901396141482039,25
2026,0.7622970519070872,perceptual,IT,dctrained,ReLu2,0.04708618827790829,26
2027,0.6291711307431188,perceptual,IT,dctrained,ReLu2,0.03296782759734633,27
2028,0.6132548862722228,perceptual,IT,dctrained,ReLu2,0.05371358883156465,28
2029,0.6243086110296595,perceptual,IT,dctrained,ReLu2,0.04794967278128365,29
2030,0.6311807320010618,perceptual,IT,dctrained,ReLu2,0.04344982207021179,30
2031,0.4124003849147103,perceptual,IT,dctrained,ReLu2,0.035334019434279926,31
2032,0.6823397581362718,perceptual,IT,dctrained,ReLu2,0.03711572684464232,32
2033,0.5237669746058348,perceptual,IT,dctrained,ReLu2,0.030501977186148603,33
2034,0.4533578046566055,perceptual,IT,dctrained,ReLu2,0.03455269025927915,34
2035,0.5790037221828015,perceptual,IT,dctrained,ReLu2,0.038467922040665056,35
2036,0.5644912098317979,perceptual,IT,dctrained,ReLu2,0.04933238523370202,36
2037,0.7831547740066978,perceptual,IT,dctrained,ReLu2,0.04151381880375933,37
2038,0.5573311712607495,perceptual,IT,dctrained,ReLu2,0.032619611700295176,38
2039,0.6309010277093449,perceptual,IT,dctrained,ReLu2,0.03709752591837214,39
2040,0.6613725384765768,perceptual,IT,dctrained,ReLu2,0.028100866851594235,40
2041,0.5689861981922161,perceptual,IT,dctrained,ReLu2,0.04338819992218421,41
2042,0.7867189811429005,perceptual,IT,dctrained,ReLu2,0.05124093739901639,42
2043,0.3792115466153743,perceptual,IT,dctrained,ReLu2,0.026471491310123024,43
2044,0.4345981142348834,perceptual,IT,dctrained,ReLu2,0.039721838868740936,44
2045,1.4841915510712003,perceptual,IT,dctrained,ReLu2,0.06295827530003797,45
2046,0.46002736346647377,perceptual,IT,dctrained,ReLu2,0.023244150901117637,46
2047,0.9399330067483599,perceptual,IT,dctrained,ReLu2,0.06537099952004494,47
2048,0.5799853556759068,perceptual,IT,dctrained,ReLu2,0.046913976078759516,48
2049,1.0815409532482683,perceptual,IT,dctrained,ReLu2,0.03203534814347638,49
2050,1.053194861285189,perceptual,IT,dctrained,ReLu2,0.04147174820755459,50
2051,0.9003931474926029,perceptual,IT,dctrained,ReLu2,0.03745123673904023,51
2052,0.43008800198409763,perceptual,IT,dctrained,ReLu2,0.020679291635436303,52
2053,0.6476042132355528,perceptual,IT,dctrained,ReLu2,0.05144947013459954,53
2054,0.5929340559546488,perceptual,IT,dctrained,ReLu2,0.04654230229342247,54
2055,1.0585043350942267,perceptual,IT,dctrained,ReLu2,0.03758196503845575,55
2056,0.6593698742161905,perceptual,IT,dctrained,ReLu2,0.0426750873755409,56
2057,0.5167058103513317,perceptual,IT,dctrained,ReLu2,0.02628417364234368,57
2058,0.5777071493809036,perceptual,IT,dctrained,ReLu2,0.04239169901457045,58
2059,0.4794725606691003,perceptual,IT,dctrained,ReLu2,0.028787881230016195,59
2060,0.5819475733177276,perceptual,IT,dctrained,ReLu2,0.029912880952675053,60
2061,0.7098867945877648,perceptual,IT,dctrained,ReLu2,0.04117912180514627,61
2062,0.6373587428436074,perceptual,IT,dctrained,ReLu2,0.04796332305495046,62
2063,0.5395237504981917,perceptual,IT,dctrained,ReLu2,0.0303149940708601,63
2064,0.4173027181107955,perceptual,IT,dctrained,ReLu2,0.03489797300731191,64
2065,0.7138979892869545,perceptual,IT,dctrained,ReLu2,0.06242744830575399,65
2066,0.8900984754692406,perceptual,IT,dctrained,ReLu2,0.047898223882986805,66
2067,0.7205201463312875,perceptual,IT,dctrained,ReLu2,0.042041819884169385,67
2068,1.352320151029067,perceptual,IT,dctrained,ReLu2,0.03384133064938159,68
2069,1.556912771353369,perceptual,IT,dctrained,ReLu2,0.026068655297217205,69
2070,0.6294580932954046,perceptual,IT,dctrained,ReLu2,0.05415374849794896,70
2071,0.6034561068895121,perceptual,IT,dctrained,ReLu2,0.04196377110152898,71
2072,0.6208099110325195,perceptual,IT,dctrained,ReLu2,0.05133359375800943,72
2073,0.7062362364297892,perceptual,IT,dctrained,ReLu2,0.036174239923983,73
2074,0.5870189095190067,perceptual,IT,dctrained,ReLu2,0.0570440403631939,74
2075,0.922609722382387,perceptual,IT,dctrained,ReLu2,0.0498374214934429,75
2076,0.8804105054315435,perceptual,IT,dctrained,ReLu2,0.040945493811198684,76
2077,0.6353545504216279,perceptual,IT,dctrained,ReLu2,0.03438092691174706,77
2078,0.4571106317054425,perceptual,IT,dctrained,ReLu2,0.047408907414379114,78
2079,0.51205308480491,perceptual,IT,dctrained,ReLu2,0.03370439168950304,79
2080,0.40078790094109795,perceptual,IT,dctrained,ReLu2,0.03286123213805901,80
2081,0.4173619813565686,perceptual,IT,dctrained,ReLu2,0.025802634825401773,81
2082,0.5087653131539539,perceptual,IT,dctrained,ReLu2,0.022253628188728378,82
2083,1.0836081783642248,perceptual,IT,dctrained,ReLu2,0.05289823367384154,83
2084,0.814145491465088,perceptual,IT,dctrained,ReLu2,0.03277625289667453,84
2085,0.7926654409220424,perceptual,IT,dctrained,ReLu2,0.04440019438562995,85
2086,0.48078620917671566,perceptual,IT,dctrained,ReLu2,0.03429144991620099,86
2087,0.6405398296090001,perceptual,IT,dctrained,ReLu2,0.035422999716602274,87
2088,0.6846094475334628,perceptual,IT,dctrained,ReLu2,0.04622405300225991,88
2089,1.147824508743088,perceptual,IT,dctrained,ReLu2,0.03606026961133615,89
2090,0.5988671655546336,perceptual,IT,dctrained,ReLu2,0.026014754291828562,90
2091,0.5791103521134048,perceptual,IT,dctrained,ReLu2,0.040385597331428984,91
2092,0.5652289353777474,perceptual,IT,dctrained,ReLu2,0.0361380619508224,92
2093,0.8720515045024394,perceptual,IT,dctrained,ReLu2,0.056355512150297424,93
2094,0.3641368252500322,perceptual,IT,dctrained,ReLu2,0.0449538069604844,94
2095,0.6984984012575793,perceptual,IT,dctrained,ReLu2,0.05014953770380927,95
2096,0.591328078576993,perceptual,IT,dctrained,ReLu2,0.03693203859249955,96
2097,0.49096675165114395,perceptual,IT,dctrained,ReLu2,0.033449355071199026,97
2098,0.6686331407013409,perceptual,IT,dctrained,ReLu2,0.021150136891607895,98
2099,0.5197541434754825,perceptual,IT,dctrained,ReLu2,0.041741043353066436,99
2100,0.5599155148269751,perceptual,IT,dctrained,ReLu2,0.039512994886102215,100
2101,0.7046646414170424,perceptual,IT,dctrained,ReLu2,0.020641035360587538,101
2102,0.85254967219994,perceptual,IT,dctrained,ReLu2,0.0467612556078323,102
2103,1.0114724514479667,perceptual,IT,dctrained,ReLu2,0.025742895330577824,103
2104,0.5479634228723411,perceptual,IT,dctrained,ReLu2,0.0358765593626662,104
2105,0.44280352129493294,perceptual,IT,dctrained,ReLu2,0.04505539018541484,105
2106,1.0147639491678335,perceptual,IT,dctrained,ReLu2,0.040887338195148296,106
2107,0.7360381965617392,perceptual,IT,dctrained,ReLu2,0.047871314774285134,107
2108,0.4131376295524981,perceptual,IT,dctrained,ReLu2,0.023421106460434615,108
2109,0.3990155578481486,perceptual,IT,dctrained,ReLu2,0.03070021261378233,109
2110,0.761936127513021,perceptual,IT,dctrained,ReLu2,0.04524720900991944,110
2111,0.4647490906887783,perceptual,IT,dctrained,ReLu2,0.04782347360746284,111
2112,0.5808811855585779,perceptual,IT,dctrained,ReLu2,0.03928650769498868,112
2113,0.8126300445184276,perceptual,IT,dctrained,ReLu2,0.04142649371163703,113
2114,0.5540890642101093,perceptual,IT,dctrained,ReLu2,0.04335670103372656,114
2115,0.4819132749999303,perceptual,IT,dctrained,ReLu2,0.036596592130380884,115
2116,1.123433605460579,perceptual,IT,dctrained,ReLu2,0.040450750414716456,116
2117,0.5977176484810256,perceptual,IT,dctrained,ReLu2,0.03939289333899544,117
2118,0.3743614062088914,perceptual,IT,dctrained,ReLu2,0.038681474432371965,118
2119,0.5264228714068839,perceptual,IT,dctrained,ReLu2,0.029750423323924937,119
2120,0.9234544586457158,perceptual,IT,dctrained,ReLu2,0.05538483087703196,120
2121,0.6356979213902237,perceptual,IT,dctrained,ReLu2,0.04379732047362282,121
2122,0.7076263337408641,perceptual,IT,dctrained,ReLu2,0.05766768802669759,122
2123,0.6078408521694718,perceptual,IT,dctrained,ReLu2,0.030996661167972766,123
2124,0.42096761290423007,perceptual,IT,dctrained,ReLu2,0.0289053943109839,124
2125,0.7294440234939064,perceptual,IT,dctrained,ReLu2,0.0457108721114269,125
2126,0.6258466800522602,perceptual,IT,dctrained,ReLu2,0.06219069241806169,126
2127,0.48858550704977854,perceptual,IT,dctrained,ReLu2,0.03257524891328187,127
2128,1.0603184393765457,perceptual,IT,dctrained,ReLu2,0.051451951233223284,128
2129,0.7858210553683291,perceptual,IT,dctrained,ReLu2,0.03003424353986039,129
2130,0.5414050453729492,perceptual,IT,dctrained,ReLu2,0.036669014959961915,130
2131,0.6120666178958579,perceptual,IT,dctrained,ReLu2,0.03837612251068946,131
2132,0.5027607698338022,perceptual,IT,dctrained,ReLu2,0.042766938025236456,132
2133,0.7528428298102389,perceptual,IT,dctrained,ReLu2,0.040775063552346086,133
2134,0.4842490207013409,perceptual,IT,dctrained,ReLu2,0.04044808715362351,134
2135,0.4883489223352238,perceptual,IT,dctrained,ReLu2,0.03736171429273117,135
2136,2.49778668742344,perceptual,IT,dctrained,ReLu2,0.044294299198137536,136
2137,0.5770188049756456,perceptual,IT,dctrained,ReLu2,0.0446934660800771,137
2138,0.5067925699613003,perceptual,IT,dctrained,ReLu2,0.03911879148919632,138
2139,0.6872509729685986,perceptual,IT,dctrained,ReLu2,0.0313089603797172,139
2140,0.6542383271480444,perceptual,IT,dctrained,ReLu2,0.048984765890033775,140
2141,0.5990917448303378,perceptual,IT,dctrained,ReLu2,0.04850930484952543,141
2142,0.9516705680170747,perceptual,IT,dctrained,ReLu2,0.039864924001573696,142
2143,0.5686965265877731,perceptual,IT,dctrained,ReLu2,0.038903484338972644,143
2144,0.445683873610935,perceptual,IT,dctrained,ReLu2,0.03102318097258637,144
2145,0.5071797629434553,perceptual,IT,dctrained,ReLu2,0.04119755363882985,145
2146,1.2329102350874561,perceptual,IT,dctrained,ReLu2,0.04542519761900242,146
2147,0.7288332581852972,perceptual,IT,dctrained,ReLu2,0.04879450204680402,147
2148,0.7943665471600433,perceptual,IT,dctrained,ReLu2,0.052420635414208924,148
2149,0.4765984902825183,perceptual,IT,dctrained,ReLu2,0.03548301420182554,149
2150,0.5050129527031411,perceptual,IT,dctrained,ReLu2,0.02864174502774432,150
2151,0.6253707921783868,perceptual,IT,dctrained,ReLu2,0.033868466548029,151
2152,0.35598241298567024,perceptual,IT,dctrained,ReLu2,0.01591897868787591,152
2153,0.44446627827991475,perceptual,IT,dctrained,ReLu2,0.03817332617664102,153
2154,0.833381141736089,perceptual,IT,dctrained,ReLu2,0.03754515268073118,154
2155,0.5660199535056297,perceptual,IT,dctrained,ReLu2,0.028035889331945684,155
2156,0.5578429758993423,perceptual,IT,dctrained,ReLu2,0.046361041647510086,156
2157,0.5274030895608227,perceptual,IT,dctrained,ReLu2,0.04026533858441797,157
2158,0.7928557424725446,perceptual,IT,dctrained,ReLu2,0.05516798294161588,158
2159,0.4056271854757056,perceptual,IT,dctrained,ReLu2,0.040970766036189,159
2160,0.7508684579175391,perceptual,IT,dctrained,ReLu2,0.03952952926213448,160
2161,0.5314728364906047,perceptual,IT,dctrained,ReLu2,0.04224065390214042,161
2162,0.6387174415120236,perceptual,IT,dctrained,ReLu2,0.04599741707100725,162
2163,0.5228335038910792,perceptual,IT,dctrained,ReLu2,0.030215680108244942,163
2164,0.8003615928351493,perceptual,IT,dctrained,ReLu2,0.038967639562536384,164
2165,0.504196635421488,perceptual,IT,dctrained,ReLu2,0.020579494669972328,165
2166,0.9159079246796431,perceptual,IT,dctrained,ReLu2,0.04540209682627312,166
2167,0.6576943000031948,perceptual,IT,dctrained,ReLu2,0.048654174220478644,167
2168,1.0953157247365706,perceptual,IT,dctrained,ReLu2,0.05120210778802502,168
2169,0.8666536120514241,perceptual,IT,dctrained,ReLu2,0.048437212348921975,169
2170,0.9331585134255355,perceptual,IT,dctrained,ReLu2,0.04818886101571837,170
2171,0.5900114018420504,perceptual,IT,dctrained,ReLu2,0.05031223196120827,171
2172,0.4874751425161055,perceptual,IT,dctrained,ReLu2,0.040824862447175814,172
2173,0.7339416987625622,perceptual,IT,dctrained,ReLu2,0.04688950416335,173
2174,0.8121860252543716,perceptual,IT,dctrained,ReLu2,0.03645087016367587,174
2175,0.5116140268814806,perceptual,IT,dctrained,ReLu2,0.036987492439584393,175
2176,0.5358606592180533,perceptual,IT,dctrained,ReLu2,0.04182814943052211,176
2177,0.6265692494163755,perceptual,IT,dctrained,ReLu2,0.05008671430303059,177
2178,0.5153841548476873,perceptual,IT,dctrained,ReLu2,0.030085324234757724,178
2179,0.5572547012641725,perceptual,IT,dctrained,ReLu2,0.0399491096706162,179
2180,0.5405540032832257,perceptual,IT,dctrained,ReLu2,0.03675267287525114,180
2181,0.8052962903771044,perceptual,IT,dctrained,ReLu2,0.03367621305813911,181
2182,0.5051921981110657,perceptual,IT,dctrained,ReLu2,0.032449010638839905,182
2183,0.5575883215359951,perceptual,IT,dctrained,ReLu2,0.04086951626617258,183
2184,0.6667641259942187,perceptual,IT,dctrained,ReLu2,0.023719067748982685,184
2185,0.6607816170706229,perceptual,IT,dctrained,ReLu2,0.029343369761412323,185
2186,0.6312467942551635,perceptual,IT,dctrained,ReLu2,0.035868978438545716,186
2187,0.8630195648891662,perceptual,IT,dctrained,ReLu2,0.06152211214052372,187
2188,0.9390193755264775,perceptual,IT,dctrained,ReLu2,0.048760088172776585,188
2189,0.664030333246736,perceptual,IT,dctrained,ReLu2,0.04148392354381522,189
2190,0.5593732099103219,perceptual,IT,dctrained,ReLu2,0.053519315739479184,190
2191,0.8601757877570401,perceptual,IT,dctrained,ReLu2,0.03327385260438219,191
2192,0.638594217979507,perceptual,IT,dctrained,ReLu2,0.04994075888858774,192
2193,0.8818022358370318,perceptual,IT,dctrained,ReLu2,0.05757014522708157,193
2194,0.45428891570706087,perceptual,IT,dctrained,ReLu2,0.033459268177154666,194
2195,0.45704134889041836,perceptual,IT,dctrained,ReLu2,0.05248043986904456,195
2196,0.8770366686578756,perceptual,IT,dctrained,ReLu2,0.05568624733503945,196
2197,0.4760117852618299,perceptual,IT,dctrained,ReLu2,0.038466980186531725,197
2198,0.5040356805188062,perceptual,IT,dctrained,ReLu2,0.02400465201857564,198
2199,0.7822262572011771,perceptual,IT,dctrained,ReLu2,0.05377995846923551,199
2200,0.5109699508898957,perceptual,IT,dctrained,ReLu2,0.03841691586693805,200
2201,0.322537681480679,perceptual,IT,dctrained,ReLu2,0.025336873473210793,201
2202,0.4326371500968451,perceptual,IT,dctrained,ReLu2,0.04189562077428288,202
2203,0.52059084105876,perceptual,IT,dctrained,ReLu2,0.03000134449219425,203
2204,0.45654375030063965,perceptual,IT,dctrained,ReLu2,0.03685551790669565,204
2205,0.6381966406268983,perceptual,IT,dctrained,ReLu2,0.041208146145878824,205
2206,0.8564153381110302,perceptual,IT,dctrained,ReLu2,0.042471377167230324,206
2207,0.6246889162570541,perceptual,IT,dctrained,ReLu2,0.04536023461073933,207
2208,0.773810466870944,perceptual,IT,dctrained,ReLu2,0.04368042759942549,208
2209,1.0426047512404786,perceptual,IT,dctrained,ReLu2,0.033702400010837304,209
2210,0.3899700582570373,perceptual,IT,dctrained,ReLu2,0.032174156867709434,210
2211,0.4418889845661934,perceptual,IT,dctrained,ReLu2,0.038064240577287634,211
2212,0.9476027647876912,perceptual,IT,dctrained,ReLu2,0.057788425295386414,212
2213,0.6707669592843154,perceptual,IT,dctrained,ReLu2,0.055727953927175215,213
2214,1.1389746811267076,perceptual,IT,dctrained,ReLu2,0.022035177523231864,214
2215,0.5988228531308891,perceptual,IT,dctrained,ReLu2,0.058403998391559846,215
2216,0.8217867932600668,perceptual,IT,dctrained,ReLu2,0.03346746309575446,216
2217,0.6817788805714851,perceptual,IT,dctrained,ReLu2,0.055999317525010896,217
2218,0.9101820233078072,perceptual,IT,dctrained,ReLu2,0.02876592290622758,218
2219,0.6939743897590263,perceptual,IT,dctrained,ReLu2,0.022839543670826745,219
2220,0.5826683223046808,perceptual,IT,dctrained,ReLu2,0.036153136699658805,220
2221,0.8877801661963635,perceptual,IT,dctrained,ReLu2,0.06003203710944714,221
2222,0.5496635535848298,perceptual,IT,dctrained,ReLu2,0.037394364220908465,222
2223,0.4799500429899149,perceptual,IT,dctrained,ReLu2,0.0405295193741322,223
2224,0.8697659650154393,perceptual,IT,dctrained,ReLu2,0.04182429288854976,224
2225,0.6665726234153837,perceptual,IT,dctrained,ReLu2,0.04103459385172848,225
2226,0.6370848518269944,perceptual,IT,dctrained,ReLu2,0.053506597588723843,226
2227,0.6865259983879389,perceptual,IT,dctrained,ReLu2,0.048205978964578594,227
2228,0.7954987796719498,perceptual,IT,dctrained,ReLu2,0.043357204659038126,228
2229,0.5992754628963756,perceptual,IT,dctrained,ReLu2,0.03700580969916504,229
2230,0.5826067060363969,perceptual,IT,dctrained,ReLu2,0.05639814396995068,230
2231,0.4706982957854517,perceptual,IT,dctrained,ReLu2,0.027175662568616747,231
2232,0.6856464745352119,perceptual,IT,dctrained,ReLu2,0.039025915536614914,232
2233,0.8429255556056551,perceptual,IT,dctrained,ReLu2,0.04167039143559548,233
2234,0.5560006573127116,perceptual,IT,dctrained,ReLu2,0.03527531298741563,234
2235,0.6083009354578114,perceptual,IT,dctrained,ReLu2,0.038056707241500565,235
2236,0.6623371046013916,perceptual,IT,dctrained,ReLu2,0.041489529235021014,236
2237,0.5961912560675666,perceptual,IT,dctrained,ReLu2,0.030572820183578136,237
2238,0.6058927263686591,perceptual,IT,dctrained,ReLu2,0.04164083934707053,238
2239,0.5061730218946207,perceptual,IT,dctrained,ReLu2,0.040367505373558175,239
2240,0.38471920221950207,perceptual,IT,dctrained,ReLu2,0.023204026532762254,240
2241,0.5411556922910912,perceptual,IT,dctrained,ReLu2,0.03590803095475913,241
2242,0.4858225758162201,perceptual,IT,dctrained,ReLu2,0.0331208345699848,242
2243,0.4120003710353698,perceptual,IT,dctrained,ReLu2,0.029837112790891712,243
2244,0.8451594268924053,perceptual,IT,dctrained,ReLu2,0.04880210170464119,244
2245,0.7377693091572046,perceptual,IT,dctrained,ReLu2,0.028019113446024854,245
2246,0.6112626538921346,perceptual,IT,dctrained,ReLu2,0.035240139326142984,246
2247,0.8342291325517561,perceptual,IT,dctrained,ReLu2,0.026771781450797255,247
2248,0.44578596470041115,perceptual,IT,dctrained,ReLu2,0.02836465385115077,248
2249,0.5477431723134747,perceptual,IT,dctrained,ReLu2,0.05931625366949707,249
2250,0.9412459531608797,perceptual,IT,dctrained,ReLu2,0.04871137903695348,250
2251,0.615477633297375,perceptual,IT,dctrained,ReLu2,0.03377286927887041,251
2252,0.557178297205652,perceptual,IT,dctrained,ReLu2,0.04734975377137053,252
2253,0.6535915372425181,perceptual,IT,dctrained,ReLu2,0.036906821824184366,253
2254,0.6109245033893529,perceptual,IT,dctrained,ReLu2,0.034514327449268474,254
2255,0.3804672212765648,perceptual,IT,dctrained,ReLu2,0.02184112641111676,255
2256,0.5810862319183209,perceptual,IT,dctrained,ReLu2,0.056950480427998953,256
2257,0.5973270093764594,perceptual,IT,dctrained,ReLu2,0.03715435142339187,257
2258,0.756941016062835,perceptual,IT,dctrained,ReLu2,0.05206221776363825,258
2259,0.6942399775879738,perceptual,IT,dctrained,ReLu2,0.029814891677627277,259
2260,0.7561767208728639,perceptual,IT,dctrained,ReLu2,0.03368065398977396,260
2261,0.9189950428175263,perceptual,IT,dctrained,ReLu2,0.038286186354209745,261
2262,0.39111336442190725,perceptual,IT,dctrained,ReLu2,0.02299875030924154,262
2263,0.705027509059732,perceptual,IT,dctrained,ReLu2,0.058779563279151695,263
2264,0.6806693061275273,perceptual,IT,dctrained,ReLu2,0.04359429573479438,264
2265,0.4547247073064053,perceptual,IT,dctrained,ReLu2,0.02045154305859527,265
2266,0.6843687927464156,perceptual,IT,dctrained,ReLu2,0.04223576331861134,266
2267,0.7872963036182384,perceptual,IT,dctrained,ReLu2,0.031140198705236696,267
2268,0.6214951861598029,perceptual,IT,dctrained,ReLu2,0.03883490909739514,268
2269,0.563173558463634,perceptual,IT,dctrained,ReLu2,0.05779545081088175,269
2270,0.926506717823752,perceptual,IT,dctrained,ReLu2,0.02595447628778743,270
2271,0.9391594640751375,perceptual,IT,dctrained,ReLu2,0.04178294204687044,271
2272,0.4969418481183198,perceptual,IT,dctrained,ReLu2,0.03032504281308045,272
2273,1.0107238748785077,perceptual,IT,dctrained,ReLu2,0.057560100214472616,273
2274,0.7396330819811368,perceptual,IT,dctrained,ReLu2,0.04565602605084661,274
2275,0.6774336552604567,perceptual,IT,dctrained,ReLu2,0.053226174661998464,275
2276,0.7634048507764761,perceptual,IT,dctrained,ReLu2,0.0506839805677626,276
2277,0.3573994289586242,perceptual,IT,dctrained,ReLu2,0.027652911849606686,277
2278,0.48319792662879835,perceptual,IT,dctrained,ReLu2,0.03511194978622934,278
2279,0.6347985395077507,perceptual,IT,dctrained,ReLu2,0.029794852784104316,279
2280,0.40882079661842674,perceptual,IT,dctrained,ReLu2,0.033579641727870466,280
2281,0.6121807755826589,perceptual,IT,dctrained,ReLu2,0.03477351885846381,281
2282,0.5531722346517527,perceptual,IT,dctrained,ReLu2,0.033805272611294915,282
2283,0.508471926726684,perceptual,IT,dctrained,ReLu2,0.04753052051576957,283
2284,0.4976014960268427,perceptual,IT,dctrained,ReLu2,0.02882404153710335,284
2285,0.9949393051879093,perceptual,IT,dctrained,ReLu2,0.05850602348301255,285
2286,0.7502703291566473,perceptual,IT,dctrained,ReLu2,0.046245667705051056,286
2287,0.5971705203772248,perceptual,IT,dctrained,ReLu2,0.035534146904936295,287
2288,0.5758797457470054,perceptual,IT,dctrained,ReLu2,0.03826656931384734,288
2289,1.1425731163524004,perceptual,IT,dctrained,ReLu2,0.04878406900592423,289
2290,0.7993225327130283,perceptual,IT,dctrained,ReLu2,0.06445166546538729,290
2291,0.2999308263783729,perceptual,IT,dctrained,ReLu2,0.023905273544789583,291
2292,0.4470193341783682,perceptual,IT,dctrained,ReLu2,0.01759875660581469,292
2293,0.5670871430841448,perceptual,IT,dctrained,ReLu2,0.03555590048034668,293
2294,0.7711264227714375,perceptual,IT,dctrained,ReLu2,0.039980032070476,294
2295,0.48361096729012476,perceptual,IT,dctrained,ReLu2,0.034020044881980425,295
2296,0.7267524536102987,perceptual,IT,dctrained,ReLu2,0.06142728349916584,296
2297,0.27715338753368146,perceptual,IT,dctrained,ReLu2,0.027006017030051774,297
2298,0.40846851268942574,perceptual,IT,dctrained,ReLu2,0.024199123339643525,298
2299,0.973780706570473,perceptual,IT,dctrained,ReLu2,0.029023527632848843,299
2300,0.5950653239751479,perceptual,IT,dctrained,ReLu2,0.038838561961817425,300
2301,0.5439431085439624,perceptual,IT,dctrained,ReLu2,0.0456555682107858,301
2302,0.6878499157580992,perceptual,IT,dctrained,ReLu2,0.05077630805838699,302
2303,0.6883039065036135,perceptual,IT,dctrained,ReLu2,0.04751934015506757,303
2304,0.3620619025307065,perceptual,IT,dctrained,ReLu2,0.03241668177778271,304
2305,0.7339640162443113,perceptual,IT,dctrained,ReLu2,0.04000097451140151,305
2306,0.5419157555022793,perceptual,IT,dctrained,ReLu2,0.04295731991618635,306
2307,0.9097231921286163,perceptual,IT,dctrained,ReLu2,0.03105012114262544,307
2308,0.5106993556645585,perceptual,IT,dctrained,ReLu2,0.038768184023531264,308
2309,0.5789134131759943,perceptual,IT,dctrained,ReLu2,0.029854081598898796,309
2310,0.6771800999223897,perceptual,IT,dctrained,ReLu2,0.04513724909853972,310
2311,0.4134521835826808,perceptual,IT,dctrained,ReLu2,0.02630143707414522,311
2312,0.6308350948106863,perceptual,IT,dctrained,ReLu2,0.03554763600075366,312
2313,1.031726177207285,perceptual,IT,dctrained,ReLu2,0.045751208129109086,313
2314,0.8596673966105033,perceptual,IT,dctrained,ReLu2,0.049782160063939436,314
2315,0.7027550122665633,perceptual,IT,dctrained,ReLu2,0.046009693135424856,315
2316,0.4864584861354889,perceptual,IT,dctrained,ReLu2,0.04406823002612974,316
2317,0.8162529476669086,perceptual,IT,dctrained,ReLu2,0.049387702983946305,317
2318,0.6793662812598635,perceptual,IT,dctrained,ReLu2,0.04313657911566236,318
2319,0.7702965861719899,perceptual,IT,dctrained,ReLu2,0.04944715196199285,319
2320,0.9082423844428859,perceptual,IT,dctrained,ReLu2,0.06215989935566045,320
2321,0.8258459213022943,perceptual,IT,dctrained,ReLu2,0.04613530444342684,321
2322,0.3175550870682549,perceptual,IT,dctrained,ReLu2,0.027154365278746005,322
2323,0.43448939034077166,perceptual,IT,dctrained,ReLu2,0.041490365704598006,323
2324,0.8749819234535537,perceptual,IT,dctrained,ReLu2,0.05012785228119096,324
2325,0.48157536300071185,perceptual,IT,dctrained,ReLu2,0.025511387590640425,325
2326,0.6401607584741439,perceptual,IT,dctrained,ReLu2,0.05903912424929988,326
2327,0.6935305009428503,perceptual,IT,dctrained,ReLu2,0.04540264066561115,327
2328,0.5393309561396783,perceptual,IT,dctrained,ReLu2,0.03875587613088239,328
2329,0.4032405952293196,perceptual,IT,dctrained,ReLu2,0.02096421212075513,329
2330,0.5034642956650701,perceptual,IT,dctrained,ReLu2,0.02728056560144611,330
2331,0.6644884449983834,perceptual,IT,dctrained,ReLu2,0.05771585169826962,331
2332,0.3851116146078083,perceptual,IT,dctrained,ReLu2,0.028807343627895107,332
2333,0.68027639239165,perceptual,IT,dctrained,ReLu2,0.04317115475136783,333
2334,0.4182354878937966,perceptual,IT,dctrained,ReLu2,0.035374535094977275,334
2335,0.6248811771342628,perceptual,IT,dctrained,ReLu2,0.04899099548782719,335
2336,0.571301503868715,perceptual,IT,dctrained,ReLu2,0.054945640989111394,336
2337,0.5090803583955182,perceptual,IT,dctrained,ReLu2,0.0535094650037963,337
2338,0.42552645540935924,perceptual,IT,dctrained,ReLu2,0.03112991383996164,338
2339,0.8517964544960431,perceptual,IT,dctrained,ReLu2,0.047972084385821276,339
2340,0.7343810120998975,perceptual,IT,dctrained,ReLu2,0.05875659554976821,340
2341,0.7273556072444682,perceptual,IT,dctrained,ReLu2,0.03779246510315916,341
2342,0.7673153312498144,perceptual,IT,dctrained,ReLu2,0.04155997036851151,342
2343,0.54945800052657,perceptual,IT,dctrained,ReLu2,0.035307398687775264,343
2344,0.5076507159695697,perceptual,IT,dctrained,ReLu2,0.03132880359422079,344
2345,0.5487114770896611,perceptual,IT,dctrained,ReLu2,0.050366512130438995,345
2346,0.5822184791109966,perceptual,IT,dctrained,ReLu2,0.04068350885750015,346
2347,0.6179526847347558,perceptual,IT,dctrained,ReLu2,0.034842533526273776,347
2348,0.4378379814168741,perceptual,IT,dctrained,ReLu2,0.045487967138802536,348
2349,0.5605566258256054,perceptual,IT,dctrained,ReLu2,0.040930322852336984,349
2350,0.534794803153832,perceptual,IT,dctrained,ReLu2,0.043247376989029404,350
2351,0.8572628212035508,perceptual,IT,dctrained,ReLu2,0.05576386793841655,351
2352,0.4271272259994355,perceptual,IT,dctrained,ReLu2,0.030678339486608672,352
2353,0.3476608984204018,perceptual,IT,dctrained,ReLu2,0.024521027326907294,353
2354,0.6815400108303555,perceptual,IT,dctrained,ReLu2,0.0474655429185258,354
2355,0.47325791725309785,perceptual,IT,dctrained,ReLu2,0.030103617231429035,355
2356,0.8876520692221639,perceptual,IT,dctrained,ReLu2,0.055209585469004036,356
2357,0.7508439877267956,perceptual,IT,dctrained,ReLu2,0.061606728455700296,357
2358,0.55234145003123,perceptual,IT,dctrained,ReLu2,0.045427543056904385,358
2359,0.6069054562297115,perceptual,IT,dctrained,ReLu2,0.02939665616476617,359
2360,0.7621039928789091,perceptual,IT,dctrained,ReLu2,0.05225347935645413,360
2361,0.38931631014514023,perceptual,IT,dctrained,ReLu2,0.02619647568195664,361
2362,0.7683946807395325,perceptual,IT,dctrained,ReLu2,0.024999934740868094,362
2363,0.624844178519255,perceptual,IT,dctrained,ReLu2,0.03202385640918223,363
2364,0.5303913917927863,perceptual,IT,dctrained,ReLu2,0.03351867472796011,364
2365,0.875400830590802,perceptual,IT,dctrained,ReLu2,0.05611332564402539,365
2366,0.6950030724192654,perceptual,IT,dctrained,ReLu2,0.050296891443874565,366
2367,0.5539900651184542,perceptual,IT,dctrained,ReLu2,0.03570885178155926,367
2368,0.4861225176471198,perceptual,IT,dctrained,ReLu2,0.03851114689166252,368
2369,0.5274056111586656,perceptual,IT,dctrained,ReLu2,0.05291037372220492,369
2370,0.4581331459891101,perceptual,IT,dctrained,ReLu2,0.03544382570133599,370
2371,0.5716245177572995,perceptual,IT,dctrained,ReLu2,0.03787842949206953,371
2372,0.637064839312053,perceptual,IT,dctrained,ReLu2,0.04736059815754086,372
2373,0.660403852301409,perceptual,IT,dctrained,ReLu2,0.05149542524651225,373
2374,0.7566563346169899,perceptual,IT,dctrained,ReLu2,0.05665392588768164,374
2375,0.5477177536103116,perceptual,IT,dctrained,ReLu2,0.037612007188888234,375
2376,0.7105831090163149,perceptual,IT,dctrained,ReLu2,0.05351836615140529,376
2377,0.5049936211518263,perceptual,IT,dctrained,ReLu2,0.04104867762419266,377
2378,0.9940633541247,perceptual,IT,dctrained,ReLu2,0.027716864227141175,378
2379,0.5861284720795825,perceptual,IT,dctrained,ReLu2,0.045083079349488304,379
2380,0.6220069225863526,perceptual,IT,dctrained,ReLu2,0.04903634212567734,380
2381,0.3823630935817926,perceptual,IT,dctrained,ReLu2,0.02490816348878632,381
2382,1.2161071597311703,perceptual,IT,dctrained,ReLu2,0.03542512998656712,382
2383,0.8447742852709379,perceptual,IT,dctrained,ReLu2,0.03768110113392165,383
2384,0.5650438573051562,perceptual,IT,dctrained,ReLu2,0.033391947876281386,384
2385,0.420378353458865,perceptual,IT,dctrained,ReLu2,0.03475842685773713,385
2386,0.7017848821513994,perceptual,IT,dctrained,ReLu2,0.03885779400172694,386
2387,0.8573084582789727,perceptual,IT,dctrained,ReLu2,0.03898295729993917,387
2388,0.6840504886786656,perceptual,IT,dctrained,ReLu2,0.05579261226662864,388
2389,0.6325751799414583,perceptual,IT,dctrained,ReLu2,0.04649775199884355,389
2390,1.1242278973482303,perceptual,IT,dctrained,ReLu2,0.05651368557841046,390
2391,0.5990281609094451,perceptual,IT,dctrained,ReLu2,0.037203638196613646,391
2392,0.3606045156246432,perceptual,IT,dctrained,ReLu2,0.03213525629885708,392
2393,1.3383326411960437,perceptual,IT,dctrained,ReLu2,0.04301720945191827,393
2394,0.4769923228699088,perceptual,IT,dctrained,ReLu2,0.04038047434365762,394
2395,0.5654216053393414,perceptual,IT,dctrained,ReLu2,0.036940862606920775,395
2396,0.39713676071873,perceptual,IT,dctrained,ReLu2,0.03356967104103407,396
2397,0.5542510932247339,perceptual,IT,dctrained,ReLu2,0.04120081498899856,397
2398,0.718030876399086,perceptual,IT,dctrained,ReLu2,0.0460363599353962,398
2399,0.5498764043880578,perceptual,IT,dctrained,ReLu2,0.038470999063437525,399
2400,0.4108774333010759,perceptual,IT,dctrained,ReLu2,0.04549532841759938,400
2401,0.6678346721104873,perceptual,IT,dctrained,ReLu2,0.03829903396402218,401
2402,0.9528778970248843,perceptual,IT,dctrained,ReLu2,0.050827469111456976,402
2403,0.5108828405895941,perceptual,IT,dctrained,ReLu2,0.018104513379285037,403
2404,0.9789210397088376,perceptual,IT,dctrained,ReLu2,0.032081344760784086,404
2405,0.32643362965655903,perceptual,IT,dctrained,ReLu2,0.019605569747862896,405
2406,0.46955568023613903,perceptual,IT,dctrained,ReLu2,0.028607692405264236,406
2407,0.7372800143252197,perceptual,IT,dctrained,ReLu2,0.045444642989204996,407
2408,1.2106391383960244,perceptual,IT,dctrained,ReLu2,0.05058636751993925,408
2409,0.665656456613987,perceptual,IT,dctrained,ReLu2,0.04280310247560107,409
2410,0.609203735522862,perceptual,IT,dctrained,ReLu2,0.025883999474336374,410
2411,0.7292488761138085,perceptual,IT,dctrained,ReLu2,0.061491563546186345,411
2412,0.9039626617941903,perceptual,IT,dctrained,ReLu2,0.04388513428916475,412
2413,0.7104028482462895,perceptual,IT,dctrained,ReLu2,0.03852661506278683,413
2414,0.8732210464899405,perceptual,IT,dctrained,ReLu2,0.037368577550190976,414
2415,0.49988688601600023,perceptual,IT,dctrained,ReLu2,0.04250616690138641,415
2416,0.6320685786740665,perceptual,IT,dctrained,ReLu2,0.04355060994926642,416
2417,0.6494526120412288,perceptual,IT,dctrained,ReLu2,0.03270618585805764,417
2418,1.6284184699152555,perceptual,IT,dctrained,ReLu2,0.05816335228625581,418
2419,0.23436750809249748,perceptual,IT,dctrained,ReLu2,0.020878102166079875,419
2420,0.4967998980313483,perceptual,IT,dctrained,ReLu2,0.042255932241770766,420
2421,0.9361140811314566,perceptual,IT,dctrained,ReLu2,0.0385315018610369,421
2422,1.1278931273311275,perceptual,IT,dctrained,ReLu2,0.05575994718783989,422
2423,0.5951645046474513,perceptual,IT,dctrained,ReLu2,0.048758550118454765,423
2424,1.0744208074788746,perceptual,IT,dctrained,ReLu2,0.035999367910242615,424
2425,0.547152069401776,perceptual,IT,dctrained,ReLu2,0.045148889894710956,425
2426,0.4414973512821225,perceptual,IT,dctrained,ReLu2,0.039559190972006275,426
2427,0.6953911547361937,perceptual,IT,dctrained,ReLu2,0.05669186357443983,427
2428,0.6222943346691593,perceptual,IT,dctrained,ReLu2,0.048472881761018355,428
2429,0.5442519219216876,perceptual,IT,dctrained,ReLu2,0.029907749729577167,429
2430,0.41352627835382266,perceptual,IT,dctrained,ReLu2,0.037419900330064905,430
2431,0.6202261549865087,perceptual,IT,dctrained,ReLu2,0.04415317821713757,431
2432,0.3911453440828617,perceptual,IT,dctrained,ReLu2,0.03908610659293861,432
2433,0.552654462797307,perceptual,IT,dctrained,ReLu2,0.049854746398748075,433
2434,0.7753663333213181,perceptual,IT,dctrained,ReLu2,0.03891736520314205,434
2435,0.4282868387515498,perceptual,IT,dctrained,ReLu2,0.031972906938754556,435
2436,0.667793517844969,perceptual,IT,dctrained,ReLu2,0.05217375829525162,436
2437,0.5724401107286821,perceptual,IT,dctrained,ReLu2,0.04765079216552135,437
2438,0.48077305216145394,perceptual,IT,dctrained,ReLu2,0.03256338714359668,438
2439,0.8050485768148563,perceptual,IT,dctrained,ReLu2,0.03900543198419969,439
2440,0.6246488069583586,perceptual,IT,dctrained,ReLu2,0.05567447879919395,440
2441,0.7073085617744673,perceptual,IT,dctrained,ReLu2,0.05435138596344642,441
2442,0.5368406440867766,perceptual,IT,dctrained,ReLu2,0.029256208669945685,442
2443,0.5229727770099972,perceptual,IT,dctrained,ReLu2,0.03189672346704375,443
2444,0.7196684361592997,perceptual,IT,dctrained,ReLu2,0.06768577399451597,444
2445,0.9142119912911147,perceptual,IT,dctrained,ReLu2,0.03675615052977391,445
2446,1.006861781551973,perceptual,IT,dctrained,ReLu2,0.06517800808396428,446
2447,0.6900437345699371,perceptual,IT,dctrained,ReLu2,0.04380877698241522,447
2448,0.7852359094950845,perceptual,IT,dctrained,ReLu2,0.021969310714723557,448
2449,0.8291716771772034,perceptual,IT,dctrained,ReLu2,0.03957422423680268,449
2450,0.32767881844499186,perceptual,IT,dctrained,ReLu2,0.02236610653862249,450
2451,0.8227945187506838,perceptual,IT,dctrained,ReLu2,0.0586870363524705,451
2452,0.961317219577443,perceptual,IT,dctrained,ReLu2,0.03618734460514099,452
2453,0.3976749884216137,perceptual,IT,dctrained,ReLu2,0.03169192522287817,453
2454,0.4493149357243295,perceptual,IT,dctrained,ReLu2,0.022182707490152637,454
2455,0.6410539840031163,perceptual,IT,dctrained,ReLu2,0.05800829875214137,455
2456,0.29589771145633575,perceptual,IT,dctrained,ReLu2,0.02246486889619394,456
2457,0.7089415869923664,perceptual,IT,dctrained,ReLu2,0.047410340726969896,457
2458,0.6805273831093721,perceptual,IT,dctrained,ReLu2,0.023511739831753815,458
2459,0.5184390132044627,perceptual,IT,dctrained,ReLu2,0.048253179760219526,459
2460,0.49225684526503793,perceptual,IT,dctrained,ReLu2,0.03847642726047953,460
2461,0.7616831964933396,perceptual,IT,dctrained,ReLu2,0.025433004745911765,461
2462,0.5750243833489649,perceptual,IT,dctrained,ReLu2,0.05027712584692731,462
2463,1.0286158520314819,perceptual,IT,dctrained,ReLu2,0.0490704283218948,463
2464,0.477123808913218,perceptual,IT,dctrained,ReLu2,0.015537541839045042,464
2465,1.1233503161142024,perceptual,IT,dctrained,ReLu2,0.02817649479662557,465
2466,0.6838809863182865,perceptual,IT,dctrained,ReLu2,0.050517865152950925,466
2467,0.6531370669979851,perceptual,IT,dctrained,ReLu2,0.0363968112636683,467
2468,1.1434525774903308,perceptual,IT,dctrained,ReLu2,0.04947444980621633,468
2469,0.28734665995467695,perceptual,IT,dctrained,ReLu2,0.01897982994815598,469
2470,0.7863116238924914,perceptual,IT,dctrained,ReLu2,0.051014841170163874,470
2471,0.6624639725171252,perceptual,IT,dctrained,ReLu2,0.03949294946954728,471
2472,0.5472260362157928,perceptual,IT,dctrained,ReLu2,0.04012150939412911,472
2473,0.5058889284062579,perceptual,IT,dctrained,ReLu2,0.02021174608961822,473
2474,0.6173741761498492,perceptual,IT,dctrained,ReLu2,0.03169325803969779,474
2475,0.5683188991429087,perceptual,IT,dctrained,ReLu2,0.046328778028487956,475
2476,0.5535797901387878,perceptual,IT,dctrained,ReLu2,0.037219592701192745,476
2477,0.6078879253564857,perceptual,IT,dctrained,ReLu2,0.045786912028525806,477
2478,0.735368331630456,perceptual,IT,dctrained,ReLu2,0.05395931244957912,478
2479,0.8170802928000996,perceptual,IT,dctrained,ReLu2,0.025199357446238108,479
2480,0.7591017379611962,perceptual,IT,dctrained,ReLu2,0.0457731511277167,480
2481,0.42152617255706515,perceptual,IT,dctrained,ReLu2,0.04013737251961889,481
2482,0.7668574452031557,perceptual,IT,dctrained,ReLu2,0.04545741277492664,482
2483,0.8570770608965569,perceptual,IT,dctrained,ReLu2,0.05143832066669203,483
2484,0.7185218728827276,perceptual,IT,dctrained,ReLu2,0.0283436744200684,484
2485,0.38372930405070893,perceptual,IT,dctrained,ReLu2,0.034481165116860585,485
2486,0.5133766706384274,perceptual,IT,dctrained,ReLu2,0.02757345160965988,486
2487,0.5717268297391036,perceptual,IT,dctrained,ReLu2,0.025140717213865668,487
2488,0.40380678972721396,perceptual,IT,dctrained,ReLu2,0.031830699416404255,488
2489,0.47309224943464095,perceptual,IT,dctrained,ReLu2,0.048488077908121215,489
2490,0.7665666240321498,perceptual,IT,dctrained,ReLu2,0.05452229337061437,490
2491,1.8726203673981894,perceptual,IT,dctrained,ReLu2,0.03548965130686316,491
2492,0.7729393934271035,perceptual,IT,dctrained,ReLu2,0.03719941643962152,492
2493,0.4550450424289054,perceptual,IT,dctrained,ReLu2,0.0436626285332339,493
2494,0.8096288932189581,perceptual,IT,dctrained,ReLu2,0.03997459911493745,494
2495,1.0134054165494462,perceptual,IT,dctrained,ReLu2,0.03725485967265839,495
2496,0.5012302239045264,perceptual,IT,dctrained,ReLu2,0.03417559666199412,496
2497,0.7700349942182576,perceptual,IT,dctrained,ReLu2,0.028307328524280147,497
2498,0.850262039477636,perceptual,IT,dctrained,ReLu2,0.04230611180907749,498
2499,0.7915571842824088,perceptual,IT,dctrained,ReLu2,0.043804130943841224,499
2500,1.3365480204291111,perceptual,IT,dctrained,ReLu2,0.06749817298310698,500
2501,0.8147513618718921,perceptual,IT,dctrained,ReLu2,0.03768323164053752,501
2502,0.43715885767855645,perceptual,IT,dctrained,ReLu2,0.037075070629573464,502
2503,0.6148727011004433,perceptual,IT,dctrained,ReLu2,0.04484688627195338,503
2504,0.5963575262345032,perceptual,IT,dctrained,ReLu2,0.05396424798596479,504
2505,0.8186485070515055,perceptual,IT,dctrained,ReLu2,0.050076000283962335,505
2506,0.49629250182285106,perceptual,IT,dctrained,ReLu2,0.03518829992524264,506
2507,1.006650465085395,perceptual,IT,dctrained,ReLu2,0.04241129914420369,507
2508,0.597275313939643,perceptual,IT,dctrained,ReLu2,0.04747280968973111,508
2509,0.4044044336166734,perceptual,IT,dctrained,ReLu2,0.05368276434437994,509
2510,0.391371876306017,perceptual,IT,dctrained,ReLu2,0.010445060672407035,510
2511,0.5664111972287116,perceptual,IT,dctrained,ReLu2,0.03678696372592374,511
2512,1.0385762977894992,perceptual,IT,dctrained,ReLu2,0.05148648606137176,512
2513,0.4758018499475857,perceptual,IT,dctrained,ReLu2,0.03206126361791673,513
2514,0.67961626385948,perceptual,IT,dctrained,ReLu2,0.03156890344345199,514
2515,0.4108310193623131,perceptual,IT,dctrained,ReLu2,0.03899328283923505,515
2516,0.5399018252849241,perceptual,IT,dctrained,ReLu2,0.028351000147160757,516
2517,0.43205443637884455,perceptual,IT,dctrained,ReLu2,0.02207659089400996,517
2518,0.8686872784788706,perceptual,IT,dctrained,ReLu2,0.04536271743348405,518
2519,0.1097010950839541,perceptual,IT,dctrained,ReLu2,0.00455694008932143,519
2520,0.9198882382418884,perceptual,IT,dctrained,ReLu2,0.04037635794416382,520
2521,0.6762750738696611,perceptual,IT,dctrained,ReLu2,0.061637280492925606,521
2522,1.0469064675165278,perceptual,IT,dctrained,ReLu2,0.04940782384860099,522
2523,0.47353481013367243,perceptual,IT,dctrained,ReLu2,0.034753117930818075,523
2524,0.6530105121934551,perceptual,IT,dctrained,ReLu2,0.05869458132278213,524
2525,0.8628906335956317,perceptual,IT,dctrained,ReLu2,0.045482536810838255,525
2526,1.6390659036369066,perceptual,IT,dctrained,ReLu2,0.03221127238134496,526
2527,0.8136374785028873,perceptual,IT,dctrained,ReLu2,0.031828549049546205,527
2528,0.5668951144856731,perceptual,IT,dctrained,ReLu2,0.0407501064941746,528
2529,0.48762094753510726,perceptual,IT,dctrained,ReLu2,0.04130075473712895,529
2530,0.66218380778414,perceptual,IT,dctrained,ReLu2,0.035957754305341,530
2531,0.426498457939738,perceptual,IT,dctrained,ReLu2,0.03270541065221549,531
2532,0.6067654878478552,perceptual,IT,dctrained,ReLu2,0.039810604665106185,532
2533,0.5685096757269138,perceptual,IT,dctrained,ReLu2,0.059717734774920254,533
2534,0.4135418530067591,perceptual,IT,dctrained,ReLu2,0.041632623969187516,534
2535,0.6702005179747574,perceptual,IT,dctrained,ReLu2,0.05159472914375138,535
2536,0.8520472962870328,perceptual,IT,dctrained,ReLu2,0.04770618760055402,536
2537,1.1615852508515736,perceptual,IT,dctrained,ReLu2,0.056092065897219795,537
2538,0.4514242900267407,perceptual,IT,dctrained,ReLu2,0.02950845540089983,538
2539,0.9840016603645564,perceptual,IT,dctrained,ReLu2,0.03918805631736117,539
2540,0.8817552218568725,perceptual,IT,dctrained,ReLu2,0.06377464597793288,540
2541,0.22047475977908793,perceptual,IT,dctrained,ReLu2,0.011907003613514818,541
2542,0.30864716396380887,perceptual,IT,dctrained,ReLu2,0.021673475681851188,542
2543,0.6039473954580189,perceptual,IT,dctrained,ReLu2,0.032211921927682005,543
2544,0.5635744014166523,perceptual,IT,dctrained,ReLu2,0.04826996475152173,544
2545,0.8115935740287076,perceptual,IT,dctrained,ReLu2,0.04537627473219049,545
2546,0.31603211235867074,perceptual,IT,dctrained,ReLu2,0.0222454112454461,546
2547,0.726711795464511,perceptual,IT,dctrained,ReLu2,0.051613794880561586,547
2548,0.49034949551894946,perceptual,IT,dctrained,ReLu2,0.02512830288613238,548
2549,0.44142700535950163,perceptual,IT,dctrained,ReLu2,0.031303763504189605,549
2550,0.8007593069305529,perceptual,IT,dctrained,ReLu2,0.05492770241687051,550
2551,0.8413710696801161,perceptual,IT,dctrained,ReLu2,0.03724024300061402,551
2552,0.5514380867672432,perceptual,IT,dctrained,ReLu2,0.03259977243490687,552
2553,0.9047830003655414,perceptual,IT,dctrained,ReLu2,0.04536744234069025,553
2554,0.4891001724381293,perceptual,IT,dctrained,ReLu2,0.022729513471243298,554
2555,0.5582458561442817,perceptual,IT,dctrained,ReLu2,0.036735486416733056,555
2556,0.6328215421745865,perceptual,IT,dctrained,ReLu2,0.046251335337344004,556
2557,0.37968599720617896,perceptual,IT,dctrained,ReLu2,0.027147860007257243,557
2558,0.6263707524819789,perceptual,IT,dctrained,ReLu2,0.049082400831894184,558
2559,0.720776964029847,perceptual,IT,dctrained,ReLu2,0.06339240530565035,559
2560,0.6143782410006294,perceptual,IT,dctrained,ReLu2,0.03188024252876709,560
2561,0.8618708195265731,perceptual,IT,dctrained,ReLu2,0.059295889127021946,561
2562,0.44192169437813333,perceptual,IT,dctrained,ReLu2,0.0374340376944203,562
2563,0.4204232617656336,perceptual,IT,dctrained,ReLu2,0.02871019911322298,563
2564,0.9326586648995235,perceptual,IT,dctrained,ReLu2,0.04492142677533327,564
2565,0.4658314736815799,perceptual,IT,dctrained,ReLu2,0.028844408079008205,565
2566,0.43215345815386913,perceptual,IT,dctrained,ReLu2,0.018704527489360696,566
2567,0.34006020734282527,perceptual,IT,dctrained,ReLu2,0.015850044713507965,567
2568,0.3994262391149097,perceptual,IT,dctrained,ReLu2,0.025968100317656707,568
2569,0.7146414835994057,perceptual,IT,dctrained,ReLu2,0.04882691677415837,569
2570,0.5788498480718774,perceptual,IT,dctrained,ReLu2,0.05269202921109584,570
2571,0.5090455815678105,perceptual,IT,dctrained,ReLu2,0.02729347365474026,571
2572,0.5128531153201682,perceptual,IT,dctrained,ReLu2,0.03581167393974226,572
2573,0.45113944351546476,perceptual,IT,dctrained,ReLu2,0.017515093488922696,573
2574,0.7432312358454414,perceptual,IT,dctrained,ReLu2,0.044718645253217934,574
2575,0.6380906560734233,perceptual,IT,dctrained,ReLu2,0.0437130730573064,575
2576,0.4919307385049079,perceptual,IT,dctrained,ReLu2,0.030611571714648178,576
2577,0.7721555337626933,perceptual,IT,dctrained,ReLu2,0.06088423695272673,577
2578,1.1268796768745188,perceptual,IT,dctrained,ReLu2,0.03854941209053987,578
2579,0.7470964761578344,perceptual,IT,dctrained,ReLu2,0.0321485922094141,579
2580,0.599756874717267,perceptual,IT,dctrained,ReLu2,0.026408805619745842,580
2581,0.5640209352798103,perceptual,IT,dctrained,ReLu2,0.037574621603848966,581
2582,0.823909534425321,perceptual,IT,dctrained,ReLu2,0.05199932251252654,582
2583,0.6236490230185414,perceptual,IT,dctrained,ReLu2,0.03525469674455701,583
2584,0.5356644436396198,perceptual,IT,dctrained,ReLu2,0.04200666286951814,584
2585,0.640018405002772,perceptual,IT,dctrained,ReLu2,0.05417373867918465,585
2586,0.762115182487122,perceptual,IT,dctrained,ReLu2,0.05096564641395005,586
2587,1.0043568607284807,perceptual,IT,dctrained,ReLu2,0.034905178012243625,587
2588,0.7977689088853556,perceptual,IT,dctrained,ReLu2,0.04194820012304304,588
2589,0.4795946934243872,perceptual,IT,dctrained,ReLu2,0.0169358834397624,589
2590,0.5484675838304237,perceptual,IT,dctrained,ReLu2,0.030267710002254766,590
2591,0.4924395839298185,perceptual,IT,dctrained,ReLu2,0.04305535443767032,591
2592,0.5564973598989178,perceptual,IT,dctrained,ReLu2,0.036628757687168806,592
2593,0.7984417166752971,perceptual,IT,dctrained,ReLu2,0.029059345433933403,593
2594,0.6899486333897069,perceptual,IT,dctrained,ReLu2,0.048109329031174417,594
2595,0.46572212197333557,perceptual,IT,dctrained,ReLu2,0.02889001535765407,595
2596,1.114064338541999,perceptual,IT,dctrained,ReLu2,0.04108412234280258,596
2597,0.45020485515739855,perceptual,IT,dctrained,ReLu2,0.030615734251890434,597
2598,1.196331301766615,perceptual,IT,dctrained,ReLu2,0.03292352098222331,598
2599,0.6732140740233986,perceptual,IT,dctrained,ReLu2,0.04128380009063626,599
2600,0.411688574861181,perceptual,IT,dctrained,ReLu2,0.02304245556005504,600
2601,0.5607097533837334,perceptual,IT,dctrained,ReLu2,0.04810704917608796,601
2602,0.7333361025876627,perceptual,IT,dctrained,ReLu2,0.043841384867935186,602
2603,0.7852777487923432,perceptual,IT,dctrained,ReLu2,0.03586723410408035,603
2604,0.842738160264227,perceptual,IT,dctrained,ReLu2,0.054035227022959396,604
2605,0.4780203465264597,perceptual,IT,dctrained,ReLu2,0.028026523293350578,605
2606,0.5674947265840707,perceptual,IT,dctrained,ReLu2,0.04218297225793234,606
2607,0.36658839026979795,perceptual,IT,dctrained,ReLu2,0.0247340821699188,607
2608,0.5334188867790051,perceptual,IT,dctrained,ReLu2,0.03442292946509654,608
2609,0.7327529197884868,perceptual,IT,dctrained,ReLu2,0.04905019658449324,609
2610,0.6790663500297105,perceptual,IT,dctrained,ReLu2,0.03958746239120589,610
2611,0.5507500360080623,perceptual,IT,dctrained,ReLu2,0.04544659731417104,611
2612,0.46961710434132753,perceptual,IT,dctrained,ReLu2,0.02942617429623957,612
2613,1.0750793994205676,perceptual,IT,dctrained,ReLu2,0.04118337991472912,613
2614,0.44653913455458827,perceptual,IT,dctrained,ReLu2,0.02884289892448586,614
2615,0.9109635413976889,perceptual,IT,dctrained,ReLu2,0.03135833251083419,615
2616,0.6118281343826445,perceptual,IT,dctrained,ReLu2,0.04828228444134404,616
2617,0.4505772408782889,perceptual,IT,dctrained,ReLu2,0.019991732550909358,617
2618,0.3215517153138491,perceptual,IT,dctrained,ReLu2,0.03500792516608055,618
2619,0.7183805693111944,perceptual,IT,dctrained,ReLu2,0.05075173053039875,619
2620,0.4722589953882294,perceptual,IT,dctrained,ReLu2,0.03833455737263836,620
2621,0.560888581014986,perceptual,IT,dctrained,ReLu2,0.04621477040992801,621
2622,0.6418591911161943,perceptual,IT,dctrained,ReLu2,0.053890707183901265,622
2623,0.8842387219592813,perceptual,IT,dctrained,ReLu2,0.04972588238185803,623
2624,0.36141450468288017,perceptual,IT,dctrained,ReLu2,0.03876628554806205,624
2625,0.45905535932674446,perceptual,IT,dctrained,ReLu2,0.029515364468213057,625
2626,1.074851712902002,perceptual,IT,dctrained,ReLu2,0.05235674482646754,626
2627,1.1344459201053945,perceptual,IT,dctrained,ReLu2,0.03819640789670841,627
2628,0.5157599936103624,perceptual,IT,dctrained,ReLu2,0.046223223944806005,628
2629,0.4014129150854197,perceptual,IT,dctrained,ReLu2,0.028466726621033136,629
2630,0.5005587373137558,perceptual,IT,dctrained,ReLu2,0.02913722871354016,630
2631,0.8151075285016496,perceptual,IT,dctrained,ReLu2,0.04375902845732198,631
2632,0.6376684241512057,perceptual,IT,dctrained,ReLu2,0.046197248612506965,632
2633,0.7001635637444719,perceptual,IT,dctrained,ReLu2,0.03660046013060422,633
2634,0.4144403513787202,perceptual,IT,dctrained,ReLu2,0.024317394188079947,634
2635,0.9338945740379847,perceptual,IT,dctrained,ReLu2,0.032490886467380645,635
2636,0.39761060556941447,perceptual,IT,dctrained,ReLu2,0.027198175296368043,636
2637,0.6058767516571205,perceptual,IT,dctrained,ReLu2,0.036243479545776086,637
2638,0.47021044829184494,perceptual,IT,dctrained,ReLu2,0.053442500248432764,638
2639,0.3183141695141996,perceptual,IT,dctrained,ReLu2,0.01626145838191576,639
2640,0.3385290314151215,perceptual,IT,dctrained,ReLu2,0.015032979436056054,640
2641,0.9426544291983577,perceptual,IT,dctrained,ReLu2,0.05013930484527179,641
2642,0.8274083868290456,perceptual,IT,dctrained,ReLu2,0.044138563575338734,642
2643,0.5516053364419847,perceptual,IT,dctrained,ReLu2,0.0401687987079527,643
2644,1.0725165104690726,perceptual,IT,dctrained,ReLu2,0.04870784941772795,644
2645,0.5101869657308851,perceptual,IT,dctrained,ReLu2,0.02729523371688063,645
2646,0.6143431266841748,perceptual,IT,dctrained,ReLu2,0.056370234398750094,646
2647,1.0261511458304349,perceptual,IT,dctrained,ReLu2,0.05923284626750421,647
2648,0.7970368291858572,perceptual,IT,dctrained,ReLu2,0.04229793755278485,648
2649,0.6455484983824481,perceptual,IT,dctrained,ReLu2,0.05267500374118691,649
2650,0.36180360189873223,perceptual,IT,dctrained,ReLu2,0.03530041777981982,650
2651,0.4392675061316475,perceptual,IT,dctrained,ReLu2,0.027678283542611183,651
2652,0.6658063139156905,perceptual,IT,dctrained,ReLu2,0.04145058572007071,652
2653,0.49533487271023396,perceptual,IT,dctrained,ReLu2,0.03860595496857356,653
2654,0.5213878868872529,perceptual,IT,dctrained,ReLu2,0.033998732564339,654
2655,0.5887477057400429,perceptual,IT,dctrained,ReLu2,0.04811550402233277,655
2656,0.42002216250055346,perceptual,IT,dctrained,ReLu2,0.03739109960312956,656
2657,0.6394823745813702,perceptual,IT,dctrained,ReLu2,0.03737470046879063,657
2658,0.9067481777710437,perceptual,IT,dctrained,ReLu2,0.04298141360101414,658
2659,0.47670937389683365,perceptual,IT,dctrained,ReLu2,0.030118349074328567,659
2660,0.5307266758785738,perceptual,IT,dctrained,ReLu2,0.04323917679982571,660
2661,0.5739420421921008,perceptual,IT,dctrained,ReLu2,0.04577807570055346,661
2662,0.8239453087655498,perceptual,IT,dctrained,ReLu2,0.04270003989783921,662
2663,0.6161758366922019,perceptual,IT,dctrained,ReLu2,0.037369040420422765,663
2664,0.3698342048490725,perceptual,IT,dctrained,ReLu2,0.02978223236824983,664
2665,0.681392851950688,perceptual,IT,dctrained,ReLu2,0.02985038782855437,665
2666,0.43506605357128875,perceptual,IT,dctrained,ReLu2,0.020462832757174858,666
2667,0.5829778459336313,perceptual,IT,dctrained,ReLu2,0.036246191236128475,667
2668,0.5489627384902248,perceptual,IT,dctrained,ReLu2,0.04862293573184636,668
2669,0.5864471827048665,perceptual,IT,dctrained,ReLu2,0.04292655893015054,669
2670,0.5580761919087751,perceptual,IT,dctrained,ReLu2,0.05752518214736449,670
2671,0.5157366049941506,perceptual,IT,dctrained,ReLu2,0.03064760965276427,671
2672,0.8207925493418092,perceptual,IT,dctrained,ReLu2,0.055940140686119987,672
2673,0.650916626922232,perceptual,IT,dctrained,ReLu2,0.04977003718903973,673
2674,0.8445818626653895,perceptual,IT,dctrained,ReLu2,0.041133713302339725,674
2675,0.5756499870369636,perceptual,IT,dctrained,ReLu2,0.04043744440334342,675
2676,0.4705343504723848,perceptual,IT,dctrained,ReLu2,0.02487781870520034,676
2677,0.6179062502487831,perceptual,IT,dctrained,ReLu2,0.055782988480850684,677
2678,0.66151969892037,perceptual,IT,dctrained,ReLu2,0.060225345343438375,678
2679,1.0021377308506156,perceptual,IT,dctrained,ReLu2,0.04699340462670482,679
2680,1.3010015958034769,perceptual,IT,dctrained,ReLu2,0.03501790770428189,680
2681,0.7591504546820975,perceptual,IT,dctrained,ReLu2,0.05029390316705529,681
2682,0.4581390368907168,perceptual,IT,dctrained,ReLu2,0.042373870131740266,682
2683,0.5658726701433118,perceptual,IT,dctrained,ReLu2,0.04252698272133522,683
2684,0.5811978860310699,perceptual,IT,dctrained,ReLu2,0.04000209630859889,684
2685,0.9077421619569419,perceptual,IT,dctrained,ReLu2,0.03489948613227185,685
2686,0.5182047457233651,perceptual,IT,dctrained,ReLu2,0.04723524908290542,686
2687,0.6495728847680602,perceptual,IT,dctrained,ReLu2,0.032240618192085825,687
2688,1.801833082852567,perceptual,IT,dctrained,ReLu2,0.06716699612772892,688
2689,0.46302910402150255,perceptual,IT,dctrained,ReLu2,0.04044875871993291,689
2690,0.7071513824912742,perceptual,IT,dctrained,ReLu2,0.04446838241535863,690
2691,0.6350707491181492,perceptual,IT,dctrained,ReLu2,0.04288297195493121,691
2692,0.6639521823352963,perceptual,IT,dctrained,ReLu2,0.028548399324950527,692
2693,0.355165607816703,perceptual,IT,dctrained,ReLu2,0.03302180970068499,693
2694,0.49056433173614045,perceptual,IT,dctrained,ReLu2,0.040771946840466755,694
2695,0.9053312172381156,perceptual,IT,dctrained,ReLu2,0.05307619469618338,695
2696,1.2679724452560823,perceptual,IT,dctrained,ReLu2,0.043500781337406244,696
2697,0.5613295138582258,perceptual,IT,dctrained,ReLu2,0.04788563453765653,697
2698,0.43085477670578715,perceptual,IT,dctrained,ReLu2,0.029771023483331105,698
2699,0.570659925177016,perceptual,IT,dctrained,ReLu2,0.02992843590973062,699
2700,0.378653159502141,perceptual,IT,dctrained,ReLu2,0.04127683398903832,700
2701,0.6139173232212192,perceptual,IT,dctrained,ReLu2,0.057560357779129684,701
2702,0.41861046221337517,perceptual,IT,dctrained,ReLu2,0.03131560906082561,702
2703,0.7803615340414106,perceptual,IT,dctrained,ReLu2,0.04656748105549653,703
2704,0.7060413205923065,perceptual,IT,dctrained,ReLu2,0.04828579961405491,704
2705,0.614390326100025,perceptual,IT,dctrained,ReLu2,0.03952882590007574,705
2706,0.5933313837293048,perceptual,IT,dctrained,ReLu2,0.035844611332924506,706
2707,0.36061667964673483,perceptual,IT,dctrained,ReLu2,0.029661321334454777,707
2708,0.9305663092751,perceptual,IT,dctrained,ReLu2,0.04158542722116343,708
2709,0.8610238940597044,perceptual,IT,dctrained,ReLu2,0.04386411260918311,709
2710,0.6495089121564209,perceptual,IT,dctrained,ReLu2,0.028203370837992698,710
2711,0.7073776436822042,perceptual,IT,dctrained,ReLu2,0.05886663828604508,711
2712,0.7947015911394482,perceptual,IT,dctrained,ReLu2,0.0475435137151375,712
2713,0.8333910289739511,perceptual,IT,dctrained,ReLu2,0.04153581468211561,713
2714,0.6424205067697193,perceptual,IT,dctrained,ReLu2,0.0375461551481895,714
2715,0.42528442163162394,perceptual,IT,dctrained,ReLu2,0.04287380954553041,715
2716,0.6505034391295699,perceptual,IT,dctrained,ReLu2,0.03441162456964843,716
2717,0.6966110525214304,perceptual,IT,dctrained,ReLu2,0.06457544329981424,717
2718,0.4082403132971115,perceptual,IT,dctrained,ReLu2,0.021072650469085432,718
2719,0.49807364775865687,perceptual,IT,dctrained,ReLu2,0.032325942919490674,719
2720,1.1311072794072152,perceptual,IT,dctrained,ReLu2,0.04658340758407807,720
2721,0.7564916959686598,perceptual,IT,dctrained,ReLu2,0.04712160283933893,721
2722,0.851545963910857,perceptual,IT,dctrained,ReLu2,0.028200465979592935,722
2723,0.8493156241519991,perceptual,IT,dctrained,ReLu2,0.03689288140734405,723
2724,0.683962494772394,perceptual,IT,dctrained,ReLu2,0.04384881798045992,724
2725,0.4464650637330463,perceptual,IT,dctrained,ReLu2,0.00815822261373749,725
2726,0.31192816532819095,perceptual,IT,dctrained,ReLu2,0.026252658846576425,726
2727,0.528466698778784,perceptual,IT,dctrained,ReLu2,0.038774598748852286,727
2728,1.1558407402456408,perceptual,IT,dctrained,ReLu2,0.032196336976525256,728
2729,0.8488882172366874,perceptual,IT,dctrained,ReLu2,0.03597867877057343,729
2730,0.5347992385547703,perceptual,IT,dctrained,ReLu2,0.04450295905385815,730
2731,0.9236076621303806,perceptual,IT,dctrained,ReLu2,0.0690694236030509,731
2732,0.5033701262540008,perceptual,IT,dctrained,ReLu2,0.03470047318044678,732
2733,0.7216976211014988,perceptual,IT,dctrained,ReLu2,0.0378855250143462,733
2734,0.535660927315149,perceptual,IT,dctrained,ReLu2,0.028636828309195204,734
2735,1.1228073601813566,perceptual,IT,dctrained,ReLu2,0.01839475995718167,735
2736,0.32149800266455364,perceptual,IT,dctrained,ReLu2,0.01323099544628797,736
2737,0.6080227037152073,perceptual,IT,dctrained,ReLu2,0.03176933751719535,737
2738,0.4653876720327353,perceptual,IT,dctrained,ReLu2,0.04514576483143798,738
2739,0.7832569880503195,perceptual,IT,dctrained,ReLu2,0.03988610130394352,739
2740,0.3677860846663884,perceptual,IT,dctrained,ReLu2,0.032404042329316034,740
2741,0.5593635287124743,perceptual,IT,dctrained,ReLu2,0.03930890859837236,741
2742,0.9577964392116919,perceptual,IT,dctrained,ReLu2,0.04301234366038331,742
2743,0.6671510175125179,perceptual,IT,dctrained,ReLu2,0.05125996586609619,743
2744,0.5981622890311538,perceptual,IT,dctrained,ReLu2,0.044196374969763204,744
2745,0.5320702637412333,perceptual,IT,dctrained,ReLu2,0.03421986692669077,745
2746,0.6318227121549373,perceptual,IT,dctrained,ReLu2,0.0627869371914469,746
2747,1.090510921468272,perceptual,IT,dctrained,ReLu2,0.0547913771918645,747
2748,0.8182531355737921,perceptual,IT,dctrained,ReLu2,0.04469331953655358,748
2749,0.7615318785802186,perceptual,IT,dctrained,ReLu2,0.02611107788145349,749
2750,0.6769809432869867,perceptual,IT,dctrained,ReLu2,0.05111786783446853,750
2751,0.5807594866668905,perceptual,IT,dctrained,ReLu2,0.03716982834066248,751
2752,0.5497838484629411,perceptual,IT,dctrained,ReLu2,0.04208621977542528,752
2753,0.6272086824635782,perceptual,IT,dctrained,ReLu2,0.04258640539962372,753
2754,0.6346325913478589,perceptual,IT,dctrained,ReLu2,0.04065793889528673,754
2755,0.6711288447152025,perceptual,IT,dctrained,ReLu2,0.03697143012014231,755
2756,0.41667107567403805,perceptual,IT,dctrained,ReLu2,0.03562664568586414,756
2757,0.5942719483861711,perceptual,IT,dctrained,ReLu2,0.037903343242370706,757
2758,0.5029645437991237,perceptual,IT,dctrained,ReLu2,0.03551396406503248,758
2759,0.5952094984418866,perceptual,IT,dctrained,ReLu2,0.042032712568596045,759
2760,0.47019672495934317,perceptual,IT,dctrained,ReLu2,0.031223504170743252,760
2761,0.6538445293385489,perceptual,IT,dctrained,ReLu2,0.03205671243802981,761
2762,0.8082117549572428,perceptual,IT,dctrained,ReLu2,0.0358807780769413,762
2763,0.5585251703482597,perceptual,IT,dctrained,ReLu2,0.03912547624631682,763
2764,0.5054090097450048,perceptual,IT,dctrained,ReLu2,0.03275960426377266,764
2765,0.7313020365315088,perceptual,IT,dctrained,ReLu2,0.043763384243263065,765
2766,0.5498570313196501,perceptual,IT,dctrained,ReLu2,0.034108082736134034,766
2767,0.2389286865944879,perceptual,IT,dctrained,ReLu2,0.01874958838804362,767
2768,0.5047318126222,perceptual,IT,dctrained,ReLu2,0.04476073469895905,768
2769,0.4344845301649258,perceptual,IT,dctrained,ReLu2,0.034086509539211544,769
2770,0.5586026116930917,perceptual,IT,dctrained,ReLu2,0.036715961230746046,770
2771,0.40555885560442284,perceptual,IT,dctrained,ReLu2,0.02618330460818838,771
2772,0.8599760739914453,perceptual,IT,dctrained,ReLu2,0.03545014225014788,772
2773,0.6952208209993509,perceptual,IT,dctrained,ReLu2,0.04993993661352424,773
2774,1.0768945386155806,perceptual,IT,dctrained,ReLu2,0.0682016119550947,774
2775,0.7351439902928184,perceptual,IT,dctrained,ReLu2,0.02475288757182553,775
2776,1.1274659744517253,perceptual,IT,dctrained,ReLu2,0.046266397498542,776
2777,0.6869090399370203,perceptual,IT,dctrained,ReLu2,0.046226315307593774,777
2778,0.5148188706581338,perceptual,IT,dctrained,ReLu2,0.04379696775916463,778
2779,0.8773265251482707,perceptual,IT,dctrained,ReLu2,0.025623013582529372,779
2780,0.504253742539721,perceptual,IT,dctrained,ReLu2,0.04076541101396217,780
2781,0.6218077094769101,perceptual,IT,dctrained,ReLu2,0.0356666402144931,781
2782,0.45719074977231655,perceptual,IT,dctrained,ReLu2,0.03189417665790299,782
2783,0.9663828577396874,perceptual,IT,dctrained,ReLu2,0.051722807756155904,783
2784,0.4488620085981377,perceptual,IT,dctrained,ReLu2,0.04943619081920185,784
2785,0.6333375567784275,perceptual,IT,dctrained,ReLu2,0.04408614997093603,785
2786,0.4884266543502416,perceptual,IT,dctrained,ReLu2,0.03632080481163807,786
2787,0.4819681459254041,perceptual,IT,dctrained,ReLu2,0.04343985758513369,787
2788,0.37326481201609396,perceptual,IT,dctrained,ReLu2,0.024670213743027063,788
2789,0.5242441813214754,perceptual,IT,dctrained,ReLu2,0.035963859011903195,789
2790,0.39167297233769116,perceptual,IT,dctrained,ReLu2,0.033176208040989634,790
2791,0.8188663539844692,perceptual,IT,dctrained,ReLu2,0.031621328341442115,791
2792,0.7131141625371642,perceptual,IT,dctrained,ReLu2,0.03470399069468025,792
2793,1.2189333786103707,perceptual,IT,dctrained,ReLu2,0.03408372385006775,793
2794,0.5575065003023846,perceptual,IT,dctrained,ReLu2,0.038049057201954006,794
2795,0.31948470963607223,perceptual,IT,dctrained,ReLu2,0.014829591101386241,795
2796,0.7402584148042405,perceptual,IT,dctrained,ReLu2,0.03845804893846844,796
2797,0.5732939505110585,perceptual,IT,dctrained,ReLu2,0.05535743868693917,797
2798,0.545656268687808,perceptual,IT,dctrained,ReLu2,0.04055338255618379,798
2799,0.6212413576338923,perceptual,IT,dctrained,ReLu2,0.06941119865409542,799
2800,0.8979590000239898,perceptual,IT,dctrained,ReLu2,0.04521688099950895,800
2801,0.620000661029728,perceptual,IT,dctrained,ReLu2,0.04548223528183191,801
2802,0.5998700612083704,perceptual,IT,dctrained,ReLu2,0.04266893308189462,802
2803,0.4399147510881402,perceptual,IT,dctrained,ReLu2,0.029542243620278165,803
2804,0.5086386810447934,perceptual,IT,dctrained,ReLu2,0.03793112698305778,804
2805,0.5391226478192702,perceptual,IT,dctrained,ReLu2,0.0587845859534708,805
2806,0.6304133042362993,perceptual,IT,dctrained,ReLu2,0.04143672932253704,806
2807,0.7544964008827704,perceptual,IT,dctrained,ReLu2,0.04654790964598008,807
2808,0.6923335068092625,perceptual,IT,dctrained,ReLu2,0.03307824748994061,808
2809,0.8008106140352927,perceptual,IT,dctrained,ReLu2,0.0455933325594005,809
2810,0.7844800172460603,perceptual,IT,dctrained,ReLu2,0.047836583708222115,810
2811,0.5215967415569884,perceptual,IT,dctrained,ReLu2,0.043649878721322755,811
2812,0.5283984755431237,perceptual,IT,dctrained,ReLu2,0.026263965432803817,812
2813,0.6920247543197057,perceptual,IT,dctrained,ReLu2,0.02431791692961342,813
2814,0.6091723681590828,perceptual,IT,dctrained,ReLu2,0.04040654777286336,814
2815,0.7197294026436624,perceptual,IT,dctrained,ReLu2,0.06358282809534271,815
2816,0.6709883900336191,perceptual,IT,dctrained,ReLu2,0.04003697736038694,816
2817,0.6425543643332575,perceptual,IT,dctrained,ReLu2,0.031966992133086077,817
2818,1.050304934936063,perceptual,IT,dctrained,ReLu2,0.05743504622242997,818
2819,0.8035393817158939,perceptual,IT,dctrained,ReLu2,0.04087710642790474,819
2820,0.5977631428798847,perceptual,IT,dctrained,ReLu2,0.04975487414799059,820
2821,0.6981941577283113,perceptual,IT,dctrained,ReLu2,0.026489409683519354,821
2822,0.5761063047799884,perceptual,IT,dctrained,ReLu2,0.039803123048919815,822
2823,0.48067511810757885,perceptual,IT,dctrained,ReLu2,0.02799668307239372,823
2824,0.5024884307200004,perceptual,IT,dctrained,ReLu2,0.05330246713413658,824
2825,0.4665521112361412,perceptual,IT,dctrained,ReLu2,0.039438853431713695,825
2826,0.57773617434232,perceptual,IT,dctrained,ReLu2,0.043734551148179195,826
2827,0.5818446810396094,perceptual,IT,dctrained,ReLu2,0.041893474912840206,827
2828,0.9407546577178351,perceptual,IT,dctrained,ReLu2,0.03481685780266281,828
2829,0.4874320251717856,perceptual,IT,dctrained,ReLu2,0.03438085687779141,829
2830,0.9538958060611025,perceptual,IT,dctrained,ReLu2,0.033111274971400324,830
2831,1.1363505200384079,perceptual,IT,dctrained,ReLu2,0.05004152139186761,831
2832,0.6246662105391345,perceptual,IT,dctrained,ReLu2,0.058420462417808745,832
2833,0.8775601262211569,perceptual,IT,dctrained,ReLu2,0.027706873630749782,833
2834,0.513507554268886,perceptual,IT,dctrained,ReLu2,0.05437766941610307,834
2835,4.856293656580551,perceptual,IT,dctrained,ReLu2,0.037021649487673586,835
2836,0.8476737143641642,perceptual,IT,dctrained,ReLu2,0.050764409344020774,836
2837,1.4489566482142286,perceptual,IT,dctrained,ReLu2,0.05392195214553139,837
2838,0.49464799831736467,perceptual,IT,dctrained,ReLu2,0.03876601516514821,838
2839,0.9015998860998623,perceptual,IT,dctrained,ReLu2,0.06304457915135148,839
2840,0.5360216705867865,perceptual,IT,dctrained,ReLu2,0.03614784347129105,840
2841,0.42344474662473286,perceptual,IT,dctrained,ReLu2,0.026761826658539434,841
2842,0.7639814485845517,perceptual,IT,dctrained,ReLu2,0.05536055616578418,842
2843,0.742324875832507,perceptual,IT,dctrained,ReLu2,0.038655310537574754,843
2844,0.6889366934148815,perceptual,IT,dctrained,ReLu2,0.05357893479560463,844
2845,0.8754048439130342,perceptual,IT,dctrained,ReLu2,0.03895693568265213,845
2846,1.2378574067156718,perceptual,IT,dctrained,ReLu2,0.05625822248168716,846
2847,0.3301548399218,perceptual,IT,dctrained,ReLu2,0.0168122877581056,847
2848,0.5635436034359388,perceptual,IT,dctrained,ReLu2,0.041305559725138614,848
2849,0.2986542193092693,perceptual,IT,dctrained,ReLu2,0.019706780548803766,849
2850,0.4998774023256969,perceptual,IT,dctrained,ReLu2,0.035010855347922254,850
2851,0.6018252069216853,perceptual,IT,dctrained,ReLu2,0.033346873492175536,851
2852,0.7808034511373076,perceptual,IT,dctrained,ReLu2,0.036087345283151766,852
2853,0.6466587961052888,perceptual,IT,dctrained,ReLu2,0.05215192767426004,853
2854,0.6116823116735771,perceptual,IT,dctrained,ReLu2,0.028170617120591906,854
2855,0.7328685713959792,perceptual,IT,dctrained,ReLu2,0.03195107049137461,855
2856,0.5465837606190689,perceptual,IT,dctrained,ReLu2,0.030574671118431842,856
2857,0.3085332606230507,perceptual,IT,dctrained,ReLu2,0.021719686535627093,857
2858,0.613970555512172,perceptual,IT,dctrained,ReLu2,0.04273336859888844,858
2859,0.742339361829339,perceptual,IT,dctrained,ReLu2,0.03887405669253632,859
2860,0.8975339475512707,perceptual,IT,dctrained,ReLu2,0.035140922309578784,860
2861,0.8739890933518205,perceptual,IT,dctrained,ReLu2,0.06182420477537402,861
2862,1.1158403848807674,perceptual,IT,dctrained,ReLu2,0.04065388675456601,862
2863,0.4455518078792168,perceptual,IT,dctrained,ReLu2,0.03920436920618593,863
2864,0.5279765275493261,perceptual,IT,dctrained,ReLu2,0.043479383889518095,864
2865,1.2227521881925563,perceptual,IT,dctrained,ReLu2,0.04645923255902007,865
2866,0.48013592608792593,perceptual,IT,dctrained,ReLu2,0.038390681643719296,866
2867,0.45093228986535633,perceptual,IT,dctrained,ReLu2,0.03477532016954824,867
2868,1.2341835041802085,perceptual,IT,dctrained,ReLu2,0.0504339733989066,868
2869,1.8326327273543626,perceptual,IT,dctrained,ReLu2,0.02965613126531095,869
2870,1.0071493023372196,perceptual,IT,dctrained,ReLu2,0.046022037033169004,870
2871,0.5378695764365481,perceptual,IT,dctrained,ReLu2,0.03599122784453605,871
2872,0.5447271939213453,perceptual,IT,dctrained,ReLu2,0.04316463240357433,872
2873,0.3834669123567515,perceptual,IT,dctrained,ReLu2,0.027717687202296226,873
2874,0.5385537880170813,perceptual,IT,dctrained,ReLu2,0.023021152161236194,874
2875,0.5332056704183443,perceptual,IT,dctrained,ReLu2,0.03511622047729038,875
2876,0.40645014815236913,perceptual,IT,dctrained,ReLu2,0.03221383001494335,876
2877,0.5503683862005426,perceptual,IT,dctrained,ReLu2,0.030858814920153493,877
2878,0.7581692667230004,perceptual,IT,dctrained,ReLu2,0.03270646246520868,878
2879,0.9475125035260186,perceptual,IT,dctrained,ReLu2,0.05759342801349752,879
2880,0.763559840288811,perceptual,IT,dctrained,ReLu2,0.039709569291989294,880
2881,0.4823108295290009,perceptual,IT,dctrained,ReLu2,0.03804039049611418,881
2882,0.3656724846356083,perceptual,IT,dctrained,ReLu2,0.024091709182076718,882
2883,0.7505482288215387,perceptual,IT,dctrained,ReLu2,0.04355008971885468,883
2884,0.4044459109077262,perceptual,IT,dctrained,ReLu2,0.045680886420725764,884
2885,1.2930492979535324,perceptual,IT,dctrained,ReLu2,0.04368623729944121,885
2886,0.46227874247662537,perceptual,IT,dctrained,ReLu2,0.03785429100939164,886
2887,0.5204052773912804,perceptual,IT,dctrained,ReLu2,0.03245175964119925,887
2888,0.6364238989632494,perceptual,IT,dctrained,ReLu2,0.050269826398621494,888
2889,0.5326932125117205,perceptual,IT,dctrained,ReLu2,0.03213189600839582,889
2890,0.3984580963051879,perceptual,IT,dctrained,ReLu2,0.0317985037100759,890
2891,0.6194685338693096,perceptual,IT,dctrained,ReLu2,0.030864237942777737,891
2892,0.671372655123489,perceptual,IT,dctrained,ReLu2,0.03713939018611028,892
2893,0.5305819803508889,perceptual,IT,dctrained,ReLu2,0.02589698993889998,893
2894,0.5272259352222015,perceptual,IT,dctrained,ReLu2,0.04559720758360089,894
2895,0.5740189595856721,perceptual,IT,dctrained,ReLu2,0.03553365310822758,895
2896,0.36167772710861623,perceptual,IT,dctrained,ReLu2,0.01682617917120384,896
2897,0.4160992053405991,perceptual,IT,dctrained,ReLu2,0.02472073961494111,897
2898,0.4879863694171809,perceptual,IT,dctrained,ReLu2,0.03305526890771961,898
2899,0.6159688445856788,perceptual,IT,dctrained,ReLu2,0.05036224451402385,899
2900,0.5572881999261949,perceptual,IT,dctrained,ReLu2,0.028864579891950716,900
2901,0.5620999121874499,perceptual,IT,dctrained,ReLu2,0.04403510030530733,901
2902,0.8376790909335894,perceptual,IT,dctrained,ReLu2,0.05275613472732538,902
2903,0.4163776915011776,perceptual,IT,dctrained,ReLu2,0.020269606652149465,903
2904,0.6015797336782092,perceptual,IT,dctrained,ReLu2,0.04264017985167556,904
2905,0.7043098172687682,perceptual,IT,dctrained,ReLu2,0.04666577856731665,905
2906,0.6636364271375965,perceptual,IT,dctrained,ReLu2,0.05726559690618939,906
2907,0.913067006317372,perceptual,IT,dctrained,ReLu2,0.039631233427002394,907
2908,0.6187724793005158,perceptual,IT,dctrained,ReLu2,0.03869980060171934,908
2909,0.5434260490628712,perceptual,IT,dctrained,ReLu2,0.032449404342384594,909
2910,0.31748073936642607,perceptual,IT,dctrained,ReLu2,0.023832639144972464,910
2911,0.6522600121198373,perceptual,IT,dctrained,ReLu2,0.051793669824928265,911
2912,0.5131969715736434,perceptual,IT,dctrained,ReLu2,0.02184340967184082,912
2913,1.100989206739986,perceptual,IT,dctrained,ReLu2,0.06365243959685127,913
2914,0.49823440675031305,perceptual,IT,dctrained,ReLu2,0.047868320579191076,914
2915,0.8052317954202721,perceptual,IT,dctrained,ReLu2,0.032644437799832234,915
2916,0.7673666604343287,perceptual,IT,dctrained,ReLu2,0.03551103648926846,916
2917,0.8672735701342815,perceptual,IT,dctrained,ReLu2,0.05128125372922056,917
2918,0.5054406827572451,perceptual,IT,dctrained,ReLu2,0.03415163104024578,918
2919,0.6953062403999297,perceptual,IT,dctrained,ReLu2,0.04269304486763216,919
2920,1.099630045432883,perceptual,IT,dctrained,ReLu2,0.04855681174266793,920
2921,0.5153415757591809,perceptual,IT,dctrained,ReLu2,0.03549686155248113,921
2922,0.748527066621835,perceptual,IT,dctrained,ReLu2,0.03530462145448038,922
2923,0.5314302842596494,perceptual,IT,dctrained,ReLu2,0.04987597524694801,923
2924,0.3831674325363041,perceptual,IT,dctrained,ReLu2,0.033142580914527334,924
2925,1.0117052753665967,perceptual,IT,dctrained,ReLu2,0.052270762978790186,925
2926,0.6514906906980583,perceptual,IT,dctrained,ReLu2,0.04144070331496484,926
2927,0.672570659573841,perceptual,IT,dctrained,ReLu2,0.05733860051156874,927
2928,0.5354171214778204,perceptual,IT,dctrained,ReLu2,0.04220541884711844,928
2929,0.4170356106622414,perceptual,IT,dctrained,ReLu2,0.025095399150367917,929
2930,0.7662925587316571,perceptual,IT,dctrained,ReLu2,0.05365601559536457,930
2931,0.6998812804696375,perceptual,IT,dctrained,ReLu2,0.03655328138640821,931
2932,0.5480865441542493,perceptual,IT,dctrained,ReLu2,0.03569301879527442,932
2933,0.6127028031490337,perceptual,IT,dctrained,ReLu2,0.040923054647207836,933
2934,1.0123043129852234,perceptual,IT,dctrained,ReLu2,0.04330164571057389,934
2935,0.7061335266097511,perceptual,IT,dctrained,ReLu2,0.02483275667895639,935
2936,0.799787024281571,perceptual,IT,dctrained,ReLu2,0.06000121533809559,936
2937,0.5872821860452483,perceptual,IT,dctrained,ReLu2,0.04459576757808725,937
2938,0.34559432531885187,perceptual,IT,dctrained,ReLu2,0.02345251480554898,938
2939,0.5066534714027795,perceptual,IT,dctrained,ReLu2,0.04153124285373694,939
2940,0.5604071767058486,perceptual,IT,dctrained,ReLu2,0.03656332541350783,940
2941,0.3509088194602118,perceptual,IT,dctrained,ReLu2,0.030879645564536443,941
2942,0.45290192640042604,perceptual,IT,dctrained,ReLu2,0.04506710769393652,942
2943,0.6690567603033764,perceptual,IT,dctrained,ReLu2,0.07054738200711719,943
2944,0.5366877508390187,perceptual,IT,dctrained,ReLu2,0.036082328234202404,944
2945,0.39682908396524713,perceptual,IT,dctrained,ReLu2,0.02762026808911153,945
2946,0.303549256714035,perceptual,IT,dctrained,ReLu2,0.024848132031450025,946
2947,0.5872734488843755,perceptual,IT,dctrained,ReLu2,0.03179059788418092,947
2948,0.764489634176171,perceptual,IT,dctrained,ReLu2,0.03203587761750994,948
2949,0.6939377055914916,perceptual,IT,dctrained,ReLu2,0.05976590268826524,949
2950,0.41597583993863824,perceptual,IT,dctrained,ReLu2,0.028937892064429635,950
2951,0.5157109838570925,perceptual,IT,dctrained,ReLu2,0.03564235393101147,951
2952,0.41874499070557014,perceptual,IT,dctrained,ReLu2,0.04846643404162371,952
2953,0.6254556678176896,perceptual,IT,dctrained,ReLu2,0.04370652555477968,953
2954,0.6622094550920543,perceptual,IT,dctrained,ReLu2,0.03718190314724722,954
2955,0.5098861145871405,perceptual,IT,dctrained,ReLu2,0.036211519174421954,955
2956,0.891803967022426,perceptual,IT,dctrained,ReLu2,0.0396178119679847,956
2957,0.7908185215199364,perceptual,IT,dctrained,ReLu2,0.03806057068216817,957
2958,0.6932501136216437,perceptual,IT,dctrained,ReLu2,0.035119145997681483,958
2959,0.5903609034357379,perceptual,IT,dctrained,ReLu2,0.03068997365552017,959
2960,0.6388742519782461,perceptual,IT,dctrained,ReLu2,0.033865849544447775,960
2961,0.7162353368772817,perceptual,IT,dctrained,ReLu2,0.05020835231572392,961
2962,0.43253952016465946,perceptual,IT,dctrained,ReLu2,0.034908213597863794,962
2963,0.6893851497738459,perceptual,IT,dctrained,ReLu2,0.03658306354597922,963
2964,0.6941304664460891,perceptual,IT,dctrained,ReLu2,0.04428397388411489,964
2965,0.447700346695565,perceptual,IT,dctrained,ReLu2,0.035299597900876695,965
2966,0.4347726221404111,perceptual,IT,dctrained,ReLu2,0.046949580533841906,966
2967,0.5092188777557262,perceptual,IT,dctrained,ReLu2,0.02810892628572111,967
2968,0.5842375590873216,perceptual,IT,dctrained,ReLu2,0.04542534322782395,968
2969,0.4185954555290613,perceptual,IT,dctrained,ReLu2,0.02011472948133809,969
2970,0.5659845809944869,perceptual,IT,dctrained,ReLu2,0.038522597828909835,970
2971,0.7898504638383088,perceptual,IT,dctrained,ReLu2,0.04087151789619441,971
2972,0.6969777825958969,perceptual,IT,dctrained,ReLu2,0.036602542237031445,972
2973,0.6977725628363837,perceptual,IT,dctrained,ReLu2,0.04523232025792512,973
2974,0.8845657465307054,perceptual,IT,dctrained,ReLu2,0.04268092276965,974
2975,0.69839003313913,perceptual,IT,dctrained,ReLu2,0.04980630010133761,975
2976,0.45509412453938786,perceptual,IT,dctrained,ReLu2,0.0379965509862409,976
2977,0.5779272371630835,perceptual,IT,dctrained,ReLu2,0.037496357053056685,977
2978,0.8145857564088124,perceptual,IT,dctrained,ReLu2,0.051572955985530015,978
2979,0.5658576194612671,perceptual,IT,dctrained,ReLu2,0.02527446680478083,979
2980,0.5905828659303942,perceptual,IT,dctrained,ReLu2,0.04493989708971975,980
2981,0.7760261459383139,perceptual,IT,dctrained,ReLu2,0.032741382684901545,981
2982,0.6883131325581615,perceptual,IT,dctrained,ReLu2,0.05043588911075319,982
2983,0.5564131608392895,perceptual,IT,dctrained,ReLu2,0.025977813649488344,983
2984,0.377821124374915,perceptual,IT,dctrained,ReLu2,0.035102453136498464,984
2985,0.7014675865352387,perceptual,IT,dctrained,ReLu2,0.051361445520211234,985
2986,0.44209929948409743,perceptual,IT,dctrained,ReLu2,0.03141516314248251,986
2987,0.43430636759761915,perceptual,IT,dctrained,ReLu2,0.02389784081728544,987
2988,0.8308487339131809,perceptual,IT,dctrained,ReLu2,0.04658638369852099,988
2989,0.4568791313927399,perceptual,IT,dctrained,ReLu2,0.03448302187407781,989
2990,0.5170368967656096,perceptual,IT,dctrained,ReLu2,0.0561541884277966,990
2991,0.8992651555629856,perceptual,IT,dctrained,ReLu2,0.053642915867468784,991
2992,0.5998361931901289,perceptual,IT,dctrained,ReLu2,0.057836130637846775,992
2993,0.4089848402966063,perceptual,IT,dctrained,ReLu2,0.03168433598855304,993
2994,0.49384536689622216,perceptual,IT,dctrained,ReLu2,0.04746959317915112,994
2995,0.5457610971634753,perceptual,IT,dctrained,ReLu2,0.04145791027792063,995
2996,0.6118090571581639,perceptual,IT,dctrained,ReLu2,0.04194740407025858,996
2997,0.6325593329705131,perceptual,IT,dctrained,ReLu2,0.036622262262487035,997
2998,0.7063993233628187,perceptual,IT,dctrained,ReLu2,0.033817270222166254,998
2999,0.8703990722952587,perceptual,IT,dctrained,ReLu2,0.03589796559682152,999
3000,0.030594485804585275,perceptual,IT,dctrained,ReLu7,0.008740308830200369,0
3001,0.0011905970698407385,perceptual,IT,dctrained,ReLu7,0.0002493996804669302,1
3002,-0.0737079979101314,perceptual,IT,dctrained,ReLu7,-0.009513586819539845,2
3003,0.014094841412385713,perceptual,IT,dctrained,ReLu7,0.002331936498600272,3
3004,0.016352671821134725,perceptual,IT,dctrained,ReLu7,0.0025877197205230462,4
3005,-0.018893329119116075,perceptual,IT,dctrained,ReLu7,-0.003660150276297897,5
3006,0.06342652118550804,perceptual,IT,dctrained,ReLu7,0.011970980945557576,6
3007,0.05816475699630464,perceptual,IT,dctrained,ReLu7,0.009015205188097671,7
3008,0.06555677350502045,perceptual,IT,dctrained,ReLu7,0.008473093927888385,8
3009,-0.07324235833519743,perceptual,IT,dctrained,ReLu7,-0.0073257158572142995,9
3010,-0.03142692875332578,perceptual,IT,dctrained,ReLu7,-0.005065484309883142,10
3011,0.20772515636444266,perceptual,IT,dctrained,ReLu7,0.028658024717593125,11
3012,0.036578881457148334,perceptual,IT,dctrained,ReLu7,0.004218162393288542,12
3013,-0.05431387173625228,perceptual,IT,dctrained,ReLu7,-0.009067965452000726,13
3014,-0.0007381916510148087,perceptual,IT,dctrained,ReLu7,-0.00013537162172522904,14
3015,0.02622370541747563,perceptual,IT,dctrained,ReLu7,0.00497356488072281,15
3016,0.02677743538020717,perceptual,IT,dctrained,ReLu7,0.003759611802256646,16
3017,0.11890262462081577,perceptual,IT,dctrained,ReLu7,0.01964765654794123,17
3018,-0.03383734488235377,perceptual,IT,dctrained,ReLu7,-0.004653422090147111,18
3019,-0.007615937633999117,perceptual,IT,dctrained,ReLu7,-0.0015937417456167446,19
3020,0.039837259940917094,perceptual,IT,dctrained,ReLu7,0.0033601439970808444,20
3021,-0.08589091066215053,perceptual,IT,dctrained,ReLu7,-0.014222063075895445,21
3022,0.030938792117360055,perceptual,IT,dctrained,ReLu7,0.0048051322500818165,22
3023,-0.021127046969394117,perceptual,IT,dctrained,ReLu7,-0.0054998962571667954,23
3024,0.04541389225073055,perceptual,IT,dctrained,ReLu7,0.007522248613104767,24
3025,0.009779242149900471,perceptual,IT,dctrained,ReLu7,0.0018009452614648376,25
3026,0.006972932873250272,perceptual,IT,dctrained,ReLu7,0.0011135271183748165,26
3027,-0.004373659464971808,perceptual,IT,dctrained,ReLu7,-0.0006966263785549431,27
3028,0.011091975963201776,perceptual,IT,dctrained,ReLu7,0.0013590801895597797,28
3029,0.026130273824964283,perceptual,IT,dctrained,ReLu7,0.004414637244895072,29
3030,0.04488392036922549,perceptual,IT,dctrained,ReLu7,0.009091283796561073,30
3031,0.06646441159727916,perceptual,IT,dctrained,ReLu7,0.011041103261163001,31
3032,0.05226935855068741,perceptual,IT,dctrained,ReLu7,0.008446766532004504,32
3033,0.07941532891317409,perceptual,IT,dctrained,ReLu7,0.013159779808957172,33
3034,0.0020627776089874633,perceptual,IT,dctrained,ReLu7,0.0004128764763382496,34
3035,-0.009673607641993664,perceptual,IT,dctrained,ReLu7,-0.001358750796423041,35
3036,-0.05503419796347901,perceptual,IT,dctrained,ReLu7,-0.006741699782660265,36
3037,-0.0029090228245909244,perceptual,IT,dctrained,ReLu7,-0.0005862099949450958,37
3038,-0.005784174250132643,perceptual,IT,dctrained,ReLu7,-0.0010079385531826697,38
3039,-0.09713413889340732,perceptual,IT,dctrained,ReLu7,-0.015881755153898162,39
3040,-0.03458124843491373,perceptual,IT,dctrained,ReLu7,-0.005593097525925125,40
3041,0.001594673365151182,perceptual,IT,dctrained,ReLu7,0.0003446323204278484,41
3042,-0.06126215936944488,perceptual,IT,dctrained,ReLu7,-0.009152421831344973,42
3043,-0.03908834687039856,perceptual,IT,dctrained,ReLu7,-0.00773297871427666,43
3044,0.0007917898268600157,perceptual,IT,dctrained,ReLu7,0.0001675761408265579,44
3045,-0.06258837812477389,perceptual,IT,dctrained,ReLu7,-0.009223132221079483,45
3046,0.0206757610127184,perceptual,IT,dctrained,ReLu7,0.004333299234097518,46
3047,-0.0712369301148388,perceptual,IT,dctrained,ReLu7,-0.012281100362848152,47
3048,0.04853784332415009,perceptual,IT,dctrained,ReLu7,0.010598239500796868,48
3049,-0.019831706742684037,perceptual,IT,dctrained,ReLu7,-0.00299160720646347,49
3050,0.022814203467833433,perceptual,IT,dctrained,ReLu7,0.0035942237613608465,50
3051,0.029130235819427388,perceptual,IT,dctrained,ReLu7,0.006078182631935693,51
3052,0.011391666271814914,perceptual,IT,dctrained,ReLu7,0.0018848827761383472,52
3053,0.03213474526607076,perceptual,IT,dctrained,ReLu7,0.00541344635627922,53
3054,0.048767756921665774,perceptual,IT,dctrained,ReLu7,0.01058219037857053,54
3055,-0.02987505150502088,perceptual,IT,dctrained,ReLu7,-0.004066478699453422,55
3056,-0.04784587591105693,perceptual,IT,dctrained,ReLu7,-0.005654145083569874,56
3057,0.026668639344369926,perceptual,IT,dctrained,ReLu7,0.004478700875899001,57
3058,0.047615092552693875,perceptual,IT,dctrained,ReLu7,0.006225826575520262,58
3059,-0.01491289269607592,perceptual,IT,dctrained,ReLu7,-0.0022881287609195326,59
3060,0.0633726977052039,perceptual,IT,dctrained,ReLu7,0.013985743580119676,60
3061,-0.00015872750428755247,perceptual,IT,dctrained,ReLu7,-2.866431686247145e-05,61
3062,0.024480062596263116,perceptual,IT,dctrained,ReLu7,0.00439664426767741,62
3063,0.012305869090611855,perceptual,IT,dctrained,ReLu7,0.002075576502820274,63
3064,0.0013953887461171717,perceptual,IT,dctrained,ReLu7,0.0002673534437995194,64
3065,-0.023019869069794037,perceptual,IT,dctrained,ReLu7,-0.003045688302536837,65
3066,-0.07175998606951466,perceptual,IT,dctrained,ReLu7,-0.010226481600884739,66
3067,0.014108801575460376,perceptual,IT,dctrained,ReLu7,0.0022152428955540433,67
3068,0.013562178148334927,perceptual,IT,dctrained,ReLu7,0.0020612004891973554,68
3069,0.05931675339239324,perceptual,IT,dctrained,ReLu7,0.009354013453936324,69
3070,-0.0013689527961797323,perceptual,IT,dctrained,ReLu7,-0.00024413691933106857,70
3071,-0.01182315954230162,perceptual,IT,dctrained,ReLu7,-0.001669552004774543,71
3072,0.02674898511993294,perceptual,IT,dctrained,ReLu7,0.004735072949139583,72
3073,0.03221332708422942,perceptual,IT,dctrained,ReLu7,0.005722147320464922,73
3074,0.009457838473047934,perceptual,IT,dctrained,ReLu7,0.0017562923839446708,74
3075,-0.027941415954045895,perceptual,IT,dctrained,ReLu7,-0.004639738494665046,75
3076,-0.051698474597919944,perceptual,IT,dctrained,ReLu7,-0.007793356592439751,76
3077,0.05002453978652603,perceptual,IT,dctrained,ReLu7,0.009488959881955542,77
3078,0.016208856987780896,perceptual,IT,dctrained,ReLu7,0.0025400415781246834,78
3079,0.0553602718321129,perceptual,IT,dctrained,ReLu7,0.011335337074846595,79
3080,0.002162283006279744,perceptual,IT,dctrained,ReLu7,0.0003122324711301583,80
3081,0.03542155180139824,perceptual,IT,dctrained,ReLu7,0.007736052787745362,81
3082,0.014139228118175941,perceptual,IT,dctrained,ReLu7,0.002103080891474247,82
3083,0.052237331479374746,perceptual,IT,dctrained,ReLu7,0.008052706728122201,83
3084,0.09675393683680124,perceptual,IT,dctrained,ReLu7,0.017985966375029395,84
3085,0.07738427527350318,perceptual,IT,dctrained,ReLu7,0.011858986368426652,85
3086,0.021696585792733786,perceptual,IT,dctrained,ReLu7,0.00427187463621544,86
3087,0.02897369151575186,perceptual,IT,dctrained,ReLu7,0.005505925596073959,87
3088,0.06718770893995887,perceptual,IT,dctrained,ReLu7,0.010832200111974156,88
3089,0.049683600382194666,perceptual,IT,dctrained,ReLu7,0.007456328759161968,89
3090,-0.038709807594952204,perceptual,IT,dctrained,ReLu7,-0.005881806156474946,90
3091,0.054652463364140765,perceptual,IT,dctrained,ReLu7,0.012685354614061763,91
3092,-0.009470375188207392,perceptual,IT,dctrained,ReLu7,-0.0019909285141967853,92
3093,0.08042421856170023,perceptual,IT,dctrained,ReLu7,0.01653789317712674,93
3094,0.021921370487113567,perceptual,IT,dctrained,ReLu7,0.0036822232028965174,94
3095,0.002643292497132771,perceptual,IT,dctrained,ReLu7,0.00034800217095765085,95
3096,-0.04906711195473192,perceptual,IT,dctrained,ReLu7,-0.008651732288289752,96
3097,-0.012334598587006702,perceptual,IT,dctrained,ReLu7,-0.0022656475591776686,97
3098,0.016986669369110283,perceptual,IT,dctrained,ReLu7,0.0021083065342244606,98
3099,0.0369892924112449,perceptual,IT,dctrained,ReLu7,0.006779039303780217,99
3100,-0.010679100088588068,perceptual,IT,dctrained,ReLu7,-0.0016060544105275763,100
3101,-0.0008624745980918342,perceptual,IT,dctrained,ReLu7,-0.0001719039568832438,101
3102,-0.0922770670812378,perceptual,IT,dctrained,ReLu7,-0.015577104360085286,102
3103,0.0049014472199684555,perceptual,IT,dctrained,ReLu7,0.0008443232998129983,103
3104,-0.03559380236343277,perceptual,IT,dctrained,ReLu7,-0.0042883484137444085,104
3105,0.09990648521482368,perceptual,IT,dctrained,ReLu7,0.014380709220010078,105
3106,0.018828080006654188,perceptual,IT,dctrained,ReLu7,0.003065301803702715,106
3107,0.002509169160333437,perceptual,IT,dctrained,ReLu7,0.00032837159313526057,107
3108,-0.0054830456105102576,perceptual,IT,dctrained,ReLu7,-0.0007254834988062626,108
3109,0.022056361222417917,perceptual,IT,dctrained,ReLu7,0.003642998898411673,109
3110,0.01894029298187805,perceptual,IT,dctrained,ReLu7,0.00300646855597032,110
3111,0.015096445845155794,perceptual,IT,dctrained,ReLu7,0.002673966100711262,111
3112,0.054707722024048236,perceptual,IT,dctrained,ReLu7,0.008577922623348307,112
3113,0.03624923387628656,perceptual,IT,dctrained,ReLu7,0.005599539758545449,113
3114,0.10889030911375772,perceptual,IT,dctrained,ReLu7,0.01741436187173409,114
3115,-0.008757549514691494,perceptual,IT,dctrained,ReLu7,-0.001325778353798792,115
3116,-0.01648184620883022,perceptual,IT,dctrained,ReLu7,-0.002394059309248165,116
3117,-0.03006660981659461,perceptual,IT,dctrained,ReLu7,-0.004871887669714681,117
3118,0.08770696797663143,perceptual,IT,dctrained,ReLu7,0.014408388263077974,118
3119,-0.05050845829730476,perceptual,IT,dctrained,ReLu7,-0.00922468908603456,119
3120,0.018579687703817033,perceptual,IT,dctrained,ReLu7,0.0030605575203575958,120
3121,0.06294949153365856,perceptual,IT,dctrained,ReLu7,0.011631750186972364,121
3122,-0.040368854164116,perceptual,IT,dctrained,ReLu7,-0.005964291937926167,122
3123,-0.0031398930975596023,perceptual,IT,dctrained,ReLu7,-0.000790215436358925,123
3124,-0.08434352653454269,perceptual,IT,dctrained,ReLu7,-0.01904769788037308,124
3125,0.03842027237523458,perceptual,IT,dctrained,ReLu7,0.008510622350199566,125
3126,-0.06369073726687403,perceptual,IT,dctrained,ReLu7,-0.014243731244014459,126
3127,0.031080777950298313,perceptual,IT,dctrained,ReLu7,0.005426804138367269,127
3128,0.0353266179369479,perceptual,IT,dctrained,ReLu7,0.007169668132292334,128
3129,0.050881023411764405,perceptual,IT,dctrained,ReLu7,0.00846652149039959,129
3130,-0.004068359967790555,perceptual,IT,dctrained,ReLu7,-0.0006204271403461095,130
3131,-0.07487684860524699,perceptual,IT,dctrained,ReLu7,-0.008973165395353528,131
3132,-0.03665380261212219,perceptual,IT,dctrained,ReLu7,-0.0066977791527409215,132
3133,0.05823588817750959,perceptual,IT,dctrained,ReLu7,0.01167911096001384,133
3134,0.04856277549202585,perceptual,IT,dctrained,ReLu7,0.009254597841978757,134
3135,0.056144734891374795,perceptual,IT,dctrained,ReLu7,0.00865112574873356,135
3136,-0.03049618111688965,perceptual,IT,dctrained,ReLu7,-0.00596977273631915,136
3137,-0.014061236285098762,perceptual,IT,dctrained,ReLu7,-0.0020069780780974968,137
3138,0.049489222444803804,perceptual,IT,dctrained,ReLu7,0.010315329471988516,138
3139,0.010832932525186818,perceptual,IT,dctrained,ReLu7,0.0022461296904729908,139
3140,-0.02657362930812007,perceptual,IT,dctrained,ReLu7,-0.0034789640333539942,140
3141,0.042512651993170114,perceptual,IT,dctrained,ReLu7,0.0063492483330046985,141
3142,-0.10940407489148928,perceptual,IT,dctrained,ReLu7,-0.01689977812893072,142
3143,0.07332411338947975,perceptual,IT,dctrained,ReLu7,0.013511211719483121,143
3144,-0.015748805398404772,perceptual,IT,dctrained,ReLu7,-0.0029873654325839674,144
3145,0.011419015197440529,perceptual,IT,dctrained,ReLu7,0.0016702899263005035,145
3146,-0.0435410050958887,perceptual,IT,dctrained,ReLu7,-0.0067939102821474185,146
3147,0.04115976764314253,perceptual,IT,dctrained,ReLu7,0.007344358547936768,147
3148,0.02621446945847937,perceptual,IT,dctrained,ReLu7,0.004796805220235012,148
3149,-0.005636197224558026,perceptual,IT,dctrained,ReLu7,-0.0008797856487370408,149
3150,0.04339424323090969,perceptual,IT,dctrained,ReLu7,0.007472966718464431,150
3151,-0.022861418331092037,perceptual,IT,dctrained,ReLu7,-0.003252056397551901,151
3152,0.06631061362162204,perceptual,IT,dctrained,ReLu7,0.010100442160086234,152
3153,-0.012705752135347024,perceptual,IT,dctrained,ReLu7,-0.0015388634965890734,153
3154,0.04510844247701769,perceptual,IT,dctrained,ReLu7,0.007733497711330858,154
3155,0.08098935646005877,perceptual,IT,dctrained,ReLu7,0.011798477046289866,155
3156,0.010049973503251965,perceptual,IT,dctrained,ReLu7,0.0016849539271178125,156
3157,-0.026106592917896073,perceptual,IT,dctrained,ReLu7,-0.00485652837186192,157
3158,-0.025305978691155473,perceptual,IT,dctrained,ReLu7,-0.005267226453246388,158
3159,0.10211268204515159,perceptual,IT,dctrained,ReLu7,0.016002662313727916,159
3160,0.021333096131772738,perceptual,IT,dctrained,ReLu7,0.003749198859272985,160
3161,-0.02954214162604833,perceptual,IT,dctrained,ReLu7,-0.005603152541898547,161
3162,0.055557715471063335,perceptual,IT,dctrained,ReLu7,0.007578638625859764,162
3163,0.06146533616287556,perceptual,IT,dctrained,ReLu7,0.012163147143416087,163
3164,-0.022197126430237298,perceptual,IT,dctrained,ReLu7,-0.004061415473846749,164
3165,-0.10553205814876597,perceptual,IT,dctrained,ReLu7,-0.013888298495842142,165
3166,0.02532335319856646,perceptual,IT,dctrained,ReLu7,0.004327602802271346,166
3167,-0.05691935170145866,perceptual,IT,dctrained,ReLu7,-0.009435876219677366,167
3168,-0.022352501537470332,perceptual,IT,dctrained,ReLu7,-0.003406031325807895,168
3169,0.0013883415350608506,perceptual,IT,dctrained,ReLu7,0.0002046273637961414,169
3170,0.010439030831764284,perceptual,IT,dctrained,ReLu7,0.0015814447298964016,170
3171,-0.006291346972340544,perceptual,IT,dctrained,ReLu7,-0.0011088362402094654,171
3172,0.07809751413810448,perceptual,IT,dctrained,ReLu7,0.013643784710745316,172
3173,0.040759490250528725,perceptual,IT,dctrained,ReLu7,0.006106017396955994,173
3174,-0.047726499055108895,perceptual,IT,dctrained,ReLu7,-0.00642991026873364,174
3175,0.12707705637732478,perceptual,IT,dctrained,ReLu7,0.017111299053498105,175
3176,-0.007907671017613454,perceptual,IT,dctrained,ReLu7,-0.001631435976930752,176
3177,-0.06605928799433772,perceptual,IT,dctrained,ReLu7,-0.011780750097184689,177
3178,0.024686615623905544,perceptual,IT,dctrained,ReLu7,0.004430611552787452,178
3179,-0.048929506630661555,perceptual,IT,dctrained,ReLu7,-0.006995203370045628,179
3180,0.006684607595702031,perceptual,IT,dctrained,ReLu7,0.0007971354585459244,180
3181,-0.03448699613832382,perceptual,IT,dctrained,ReLu7,-0.0053306069887462185,181
3182,0.020130726715453247,perceptual,IT,dctrained,ReLu7,0.0038042988779590156,182
3183,0.07886357006489195,perceptual,IT,dctrained,ReLu7,0.015411369850476048,183
3184,-0.006581879368073991,perceptual,IT,dctrained,ReLu7,-0.0011518563330500074,184
3185,-0.02719061928587507,perceptual,IT,dctrained,ReLu7,-0.0043046495538524784,185
3186,0.029447577633074054,perceptual,IT,dctrained,ReLu7,0.0065576957562155196,186
3187,-0.009752861725799113,perceptual,IT,dctrained,ReLu7,-0.001886718347410797,187
3188,0.02351644276224136,perceptual,IT,dctrained,ReLu7,0.0030945886369725534,188
3189,0.057489620891115895,perceptual,IT,dctrained,ReLu7,0.0070866263862654055,189
3190,0.05265252265100373,perceptual,IT,dctrained,ReLu7,0.010046013846854003,190
3191,0.02895523602374332,perceptual,IT,dctrained,ReLu7,0.005395745916919128,191
3192,-0.09348238156458061,perceptual,IT,dctrained,ReLu7,-0.01513097272101914,192
3193,0.004488207615246927,perceptual,IT,dctrained,ReLu7,0.0007262111769362235,193
3194,-0.00037709953375193766,perceptual,IT,dctrained,ReLu7,-5.7220676227261874e-05,194
3195,-0.07965472627568078,perceptual,IT,dctrained,ReLu7,-0.014186995218514603,195
3196,0.015085357680881739,perceptual,IT,dctrained,ReLu7,0.002758634407379782,196
3197,0.07338587004885012,perceptual,IT,dctrained,ReLu7,0.013566341151131533,197
3198,0.03216697293343588,perceptual,IT,dctrained,ReLu7,0.004839845227545735,198
3199,0.005757804471779783,perceptual,IT,dctrained,ReLu7,0.000936062269217712,199
3200,-0.009066988304172612,perceptual,IT,dctrained,ReLu7,-0.0010804570618111395,200
3201,0.10346562107100812,perceptual,IT,dctrained,ReLu7,0.01809456931958374,201
3202,0.011905915506678051,perceptual,IT,dctrained,ReLu7,0.0019960123207037692,202
3203,0.0044606827527901,perceptual,IT,dctrained,ReLu7,0.0009033193556136423,203
3204,0.022917033169761562,perceptual,IT,dctrained,ReLu7,0.003884831879535377,204
3205,-0.030114065696605376,perceptual,IT,dctrained,ReLu7,-0.004865497047345834,205
3206,-0.00276167931213045,perceptual,IT,dctrained,ReLu7,-0.00032871803360327856,206
3207,0.026782032675871006,perceptual,IT,dctrained,ReLu7,0.005343920838740548,207
3208,0.011699853007306376,perceptual,IT,dctrained,ReLu7,0.0026617567353190846,208
3209,-0.020995037010468547,perceptual,IT,dctrained,ReLu7,-0.003219526509909469,209
3210,-0.03157967070249302,perceptual,IT,dctrained,ReLu7,-0.005074291025035753,210
3211,5.405127725656414e-05,perceptual,IT,dctrained,ReLu7,9.828314391963772e-06,211
3212,-0.05922264441826269,perceptual,IT,dctrained,ReLu7,-0.006971769612325271,212
3213,0.03347821012279529,perceptual,IT,dctrained,ReLu7,0.003455842089640667,213
3214,0.0994825421241912,perceptual,IT,dctrained,ReLu7,0.015907935200422288,214
3215,0.08605413557794303,perceptual,IT,dctrained,ReLu7,0.011488464891327049,215
3216,-0.052432691155075206,perceptual,IT,dctrained,ReLu7,-0.0065933709770588066,216
3217,0.0010149473424274742,perceptual,IT,dctrained,ReLu7,0.00016552987324583608,217
3218,0.015917114874399226,perceptual,IT,dctrained,ReLu7,0.0019453618067552664,218
3219,0.09801166335962566,perceptual,IT,dctrained,ReLu7,0.01238213394667245,219
3220,0.0332009087992183,perceptual,IT,dctrained,ReLu7,0.006637935491249532,220
3221,-0.018560668648680567,perceptual,IT,dctrained,ReLu7,-0.0030018690485631994,221
3222,-0.013344381019782409,perceptual,IT,dctrained,ReLu7,-0.0025824909826724363,222
3223,0.01407150088432169,perceptual,IT,dctrained,ReLu7,0.002372869859019522,223
3224,-0.037068852787743495,perceptual,IT,dctrained,ReLu7,-0.005579384007858667,224
3225,0.023903544067521338,perceptual,IT,dctrained,ReLu7,0.004387174625419998,225
3226,-0.03164243321081218,perceptual,IT,dctrained,ReLu7,-0.004904157443814526,226
3227,0.021589829667528905,perceptual,IT,dctrained,ReLu7,0.003950182900089704,227
3228,-0.016182247856404767,perceptual,IT,dctrained,ReLu7,-0.00295390375446538,228
3229,-0.03500492855461294,perceptual,IT,dctrained,ReLu7,-0.0059868710498092725,229
3230,0.03428467845817268,perceptual,IT,dctrained,ReLu7,0.005495214121281587,230
3231,0.06870835021770044,perceptual,IT,dctrained,ReLu7,0.013278702253860242,231
3232,-0.028901149979110054,perceptual,IT,dctrained,ReLu7,-0.005606814579635119,232
3233,0.05442608054419816,perceptual,IT,dctrained,ReLu7,0.00910872035491139,233
3234,0.020756008628706548,perceptual,IT,dctrained,ReLu7,0.0027485541369775823,234
3235,-6.749581347168758e-05,perceptual,IT,dctrained,ReLu7,-1.0136628893903099e-05,235
3236,-0.003200073289842664,perceptual,IT,dctrained,ReLu7,-0.0005201957967851389,236
3237,0.07356404161749613,perceptual,IT,dctrained,ReLu7,0.0163978338957989,237
3238,0.020464686629880633,perceptual,IT,dctrained,ReLu7,0.003195738207300243,238
3239,0.03523877716884403,perceptual,IT,dctrained,ReLu7,0.006111874418671143,239
3240,-0.03718723227143536,perceptual,IT,dctrained,ReLu7,-0.006366354335706242,240
3241,0.019516275172814103,perceptual,IT,dctrained,ReLu7,0.0036994610348521154,241
3242,0.0939471851967018,perceptual,IT,dctrained,ReLu7,0.012737901840587295,242
3243,0.10241146405723067,perceptual,IT,dctrained,ReLu7,0.016530350933526325,243
3244,0.023557809502463275,perceptual,IT,dctrained,ReLu7,0.0033922082439780954,244
3245,0.19124655131509685,perceptual,IT,dctrained,ReLu7,0.02810648547857664,245
3246,-0.009792024767070466,perceptual,IT,dctrained,ReLu7,-0.0012756834928784981,246
3247,0.027628250640675894,perceptual,IT,dctrained,ReLu7,0.006134992888413689,247
3248,0.031445119648096286,perceptual,IT,dctrained,ReLu7,0.003337158520492319,248
3249,0.020676910309297178,perceptual,IT,dctrained,ReLu7,0.003184873018839428,249
3250,0.05878139973418851,perceptual,IT,dctrained,ReLu7,0.006810639234756364,250
3251,-0.007022173269155497,perceptual,IT,dctrained,ReLu7,-0.001245955304175532,251
3252,-0.008562842958903886,perceptual,IT,dctrained,ReLu7,-0.0012109547730161374,252
3253,0.05235722451490556,perceptual,IT,dctrained,ReLu7,0.009251021458965539,253
3254,-0.016651595270679453,perceptual,IT,dctrained,ReLu7,-0.003287226743011882,254
3255,0.01759777794429666,perceptual,IT,dctrained,ReLu7,0.003949864183639067,255
3256,0.008855385878061756,perceptual,IT,dctrained,ReLu7,0.0014494599736209202,256
3257,-0.054001599680570965,perceptual,IT,dctrained,ReLu7,-0.011455548280092384,257
3258,0.03247540789926264,perceptual,IT,dctrained,ReLu7,0.004987545710442666,258
3259,0.016428828253226672,perceptual,IT,dctrained,ReLu7,0.0026477599436464105,259
3260,0.009421648291835212,perceptual,IT,dctrained,ReLu7,0.0012020593535537645,260
3261,0.0069420718928635515,perceptual,IT,dctrained,ReLu7,0.001268869787441472,261
3262,0.04972608620270357,perceptual,IT,dctrained,ReLu7,0.008109871319722196,262
3263,0.022128965345863956,perceptual,IT,dctrained,ReLu7,0.003379714744925353,263
3264,0.08513560083782194,perceptual,IT,dctrained,ReLu7,0.016748452012504488,264
3265,0.06641454661678134,perceptual,IT,dctrained,ReLu7,0.01163372791496551,265
3266,0.07079949776351142,perceptual,IT,dctrained,ReLu7,0.008374890591201252,266
3267,0.020092024630868982,perceptual,IT,dctrained,ReLu7,0.002850851224620546,267
3268,-0.08751893818028994,perceptual,IT,dctrained,ReLu7,-0.011726770313410503,268
3269,0.0901917989645565,perceptual,IT,dctrained,ReLu7,0.015934422491417497,269
3270,0.06016596523084604,perceptual,IT,dctrained,ReLu7,0.00844211883724674,270
3271,0.027628842584690748,perceptual,IT,dctrained,ReLu7,0.004991588634600717,271
3272,-0.05220125061852628,perceptual,IT,dctrained,ReLu7,-0.008041179189290737,272
3273,0.0939094279526552,perceptual,IT,dctrained,ReLu7,0.013576994339530885,273
3274,0.058927853171822385,perceptual,IT,dctrained,ReLu7,0.0126019021953219,274
3275,-0.05760826949841526,perceptual,IT,dctrained,ReLu7,-0.0066301082685443595,275
3276,0.022075409364811026,perceptual,IT,dctrained,ReLu7,0.003805582252768124,276
3277,0.052286488536267564,perceptual,IT,dctrained,ReLu7,0.009869218246658276,277
3278,0.09931933828673396,perceptual,IT,dctrained,ReLu7,0.017356603688793656,278
3279,0.03891033704537179,perceptual,IT,dctrained,ReLu7,0.005409550964709034,279
3280,-0.013596760385979973,perceptual,IT,dctrained,ReLu7,-0.0022737982841073354,280
3281,0.06244506687281738,perceptual,IT,dctrained,ReLu7,0.009553125888079102,281
3282,0.05338318889976257,perceptual,IT,dctrained,ReLu7,0.011025136459876482,282
3283,0.05265493994084459,perceptual,IT,dctrained,ReLu7,0.009405730211463327,283
3284,0.08716993698028201,perceptual,IT,dctrained,ReLu7,0.01669302265867079,284
3285,-0.03406946148311103,perceptual,IT,dctrained,ReLu7,-0.0049854307710608375,285
3286,0.007689673408078049,perceptual,IT,dctrained,ReLu7,0.001424235864331748,286
3287,-0.08159618762543881,perceptual,IT,dctrained,ReLu7,-0.01242093536122449,287
3288,-0.0043262319499041925,perceptual,IT,dctrained,ReLu7,-0.0008479885975193786,288
3289,0.11171539057771131,perceptual,IT,dctrained,ReLu7,0.014025331294770387,289
3290,-0.003339267908942698,perceptual,IT,dctrained,ReLu7,-0.0005557362881251186,290
3291,0.06835339611233872,perceptual,IT,dctrained,ReLu7,0.009019925321954461,291
3292,-0.0023005398996877,perceptual,IT,dctrained,ReLu7,-0.00036621946836056657,292
3293,0.005560102461324431,perceptual,IT,dctrained,ReLu7,0.0012402888043583672,293
3294,0.025187009721602285,perceptual,IT,dctrained,ReLu7,0.004351239018587548,294
3295,-0.03166769087765997,perceptual,IT,dctrained,ReLu7,-0.006797731043020162,295
3296,-0.06333348473831059,perceptual,IT,dctrained,ReLu7,-0.01081923253530604,296
3297,0.03375883321859984,perceptual,IT,dctrained,ReLu7,0.005840845314982704,297
3298,0.07907416277780228,perceptual,IT,dctrained,ReLu7,0.0134066651106855,298
3299,0.02929149377956859,perceptual,IT,dctrained,ReLu7,0.0048455548199717174,299
3300,-0.0009788121823112387,perceptual,IT,dctrained,ReLu7,-0.00018970150975366334,300
3301,0.10731684166829783,perceptual,IT,dctrained,ReLu7,0.02580646027767728,301
3302,-0.002523174613050356,perceptual,IT,dctrained,ReLu7,-0.0005241732544612864,302
3303,0.012220986740787056,perceptual,IT,dctrained,ReLu7,0.0018687349382630648,303
3304,-0.12503655640098904,perceptual,IT,dctrained,ReLu7,-0.018042141152973753,304
3305,-0.07049384056016354,perceptual,IT,dctrained,ReLu7,-0.010389283964970353,305
3306,-0.016291347895799925,perceptual,IT,dctrained,ReLu7,-0.0025992171417568953,306
3307,-0.010988246339181497,perceptual,IT,dctrained,ReLu7,-0.00178360623037261,307
3308,-0.0030433767104433612,perceptual,IT,dctrained,ReLu7,-0.0006080344331232598,308
3309,0.005223598803901321,perceptual,IT,dctrained,ReLu7,0.000725388051836787,309
3310,-0.024490080989012637,perceptual,IT,dctrained,ReLu7,-0.004133038126749818,310
3311,0.061403320427870486,perceptual,IT,dctrained,ReLu7,0.011498387017209646,311
3312,-0.019304390841400326,perceptual,IT,dctrained,ReLu7,-0.003473157953944133,312
3313,0.04620066150731228,perceptual,IT,dctrained,ReLu7,0.010304551357977677,313
3314,0.07481717999183157,perceptual,IT,dctrained,ReLu7,0.009762761715951359,314
3315,0.01993196634157333,perceptual,IT,dctrained,ReLu7,0.00447262347441485,315
3316,0.00013452461669245295,perceptual,IT,dctrained,ReLu7,3.005198079600313e-05,316
3317,0.07559224289678507,perceptual,IT,dctrained,ReLu7,0.0114198495786373,317
3318,0.10593897472607183,perceptual,IT,dctrained,ReLu7,0.01708091817978457,318
3319,-0.02192231215123231,perceptual,IT,dctrained,ReLu7,-0.004614765098290122,319
3320,-0.03285930481876626,perceptual,IT,dctrained,ReLu7,-0.004966226036326984,320
3321,0.01634694094482642,perceptual,IT,dctrained,ReLu7,0.002761307582960032,321
3322,0.0035897033607208465,perceptual,IT,dctrained,ReLu7,0.0007255887165763704,322
3323,0.02168111776591588,perceptual,IT,dctrained,ReLu7,0.004114128049676483,323
3324,0.05548445916010309,perceptual,IT,dctrained,ReLu7,0.007593861524866019,324
3325,0.0271006865625306,perceptual,IT,dctrained,ReLu7,0.005038023049133505,325
3326,0.037713078789842445,perceptual,IT,dctrained,ReLu7,0.005624989528956365,326
3327,-0.0063895517005151305,perceptual,IT,dctrained,ReLu7,-0.0010075361927422664,327
3328,0.009431023448471855,perceptual,IT,dctrained,ReLu7,0.0020247405583608616,328
3329,-0.0029934007683492824,perceptual,IT,dctrained,ReLu7,-0.0005058606927107988,329
3330,0.02376286113199761,perceptual,IT,dctrained,ReLu7,0.0038670938728620173,330
3331,0.02875199942351088,perceptual,IT,dctrained,ReLu7,0.005960914735988716,331
3332,-0.0026979680953816885,perceptual,IT,dctrained,ReLu7,-0.00040384885125312187,332
3333,0.022838010126163672,perceptual,IT,dctrained,ReLu7,0.003736848596867612,333
3334,-0.014896412658194956,perceptual,IT,dctrained,ReLu7,-0.0020998897123206822,334
3335,-0.09235689197791554,perceptual,IT,dctrained,ReLu7,-0.013156817898521269,335
3336,0.041789870983116435,perceptual,IT,dctrained,ReLu7,0.00818719686523672,336
3337,0.021096898952424628,perceptual,IT,dctrained,ReLu7,0.003577438007759226,337
3338,0.018493386356450817,perceptual,IT,dctrained,ReLu7,0.0028286267269490364,338
3339,0.05327375256260653,perceptual,IT,dctrained,ReLu7,0.01025965328515521,339
3340,-0.062245014036902746,perceptual,IT,dctrained,ReLu7,-0.013368570233861904,340
3341,-0.005841724527833984,perceptual,IT,dctrained,ReLu7,-0.001089913610599881,341
3342,0.11259822197549983,perceptual,IT,dctrained,ReLu7,0.01686502162430672,342
3343,0.07553767000720862,perceptual,IT,dctrained,ReLu7,0.008133432535115045,343
3344,0.013511178786474188,perceptual,IT,dctrained,ReLu7,0.0015390757142612326,344
3345,-0.014467858493281749,perceptual,IT,dctrained,ReLu7,-0.002870526819266205,345
3346,0.049212570004752154,perceptual,IT,dctrained,ReLu7,0.008372931366530568,346
3347,0.04715814086182171,perceptual,IT,dctrained,ReLu7,0.008936994942223782,347
3348,0.05496614048366846,perceptual,IT,dctrained,ReLu7,0.008780292855190643,348
3349,0.03697923817591573,perceptual,IT,dctrained,ReLu7,0.005146274837435369,349
3350,0.020331416494366202,perceptual,IT,dctrained,ReLu7,0.0029486892267226797,350
3351,-0.1010592957813231,perceptual,IT,dctrained,ReLu7,-0.017335635560128945,351
3352,-0.08005442441852309,perceptual,IT,dctrained,ReLu7,-0.012671865656664918,352
3353,-0.005068906885229954,perceptual,IT,dctrained,ReLu7,-0.0009483745628538452,353
3354,-0.09899806085564987,perceptual,IT,dctrained,ReLu7,-0.014908438902813192,354
3355,-0.05865604123044041,perceptual,IT,dctrained,ReLu7,-0.008493134221056957,355
3356,0.03548412011883407,perceptual,IT,dctrained,ReLu7,0.005918259656432421,356
3357,0.08641114929848054,perceptual,IT,dctrained,ReLu7,0.015005742494443808,357
3358,-0.0640437485630491,perceptual,IT,dctrained,ReLu7,-0.005628037606816644,358
3359,-0.0399286497809625,perceptual,IT,dctrained,ReLu7,-0.0062865678567663764,359
3360,0.0590187463619042,perceptual,IT,dctrained,ReLu7,0.00955708900320442,360
3361,-0.04941041978593615,perceptual,IT,dctrained,ReLu7,-0.007426921843234928,361
3362,-0.03723302010875138,perceptual,IT,dctrained,ReLu7,-0.007612424863782344,362
3363,-0.009768563467900747,perceptual,IT,dctrained,ReLu7,-0.0015011452158833673,363
3364,0.09780472914460754,perceptual,IT,dctrained,ReLu7,0.012821097973779477,364
3365,-0.014792142127006993,perceptual,IT,dctrained,ReLu7,-0.0020787854209651305,365
3366,0.046890629910735324,perceptual,IT,dctrained,ReLu7,0.007666742931946632,366
3367,-0.019998974206579867,perceptual,IT,dctrained,ReLu7,-0.003357954832961439,367
3368,-0.04434919651336191,perceptual,IT,dctrained,ReLu7,-0.007894056608501341,368
3369,-0.07006704035104797,perceptual,IT,dctrained,ReLu7,-0.008044558817305732,369
3370,0.09498611364679557,perceptual,IT,dctrained,ReLu7,0.011117070968964127,370
3371,-0.05372205773836282,perceptual,IT,dctrained,ReLu7,-0.0084021616642593,371
3372,0.05030924773664193,perceptual,IT,dctrained,ReLu7,0.007309535448279624,372
3373,-0.040354414376391826,perceptual,IT,dctrained,ReLu7,-0.0053655559918474715,373
3374,0.028922007949409908,perceptual,IT,dctrained,ReLu7,0.00437461418838718,374
3375,0.002042194163183024,perceptual,IT,dctrained,ReLu7,0.0004485610063636354,375
3376,-0.004946582857210376,perceptual,IT,dctrained,ReLu7,-0.0007070747213687827,376
3377,0.003104969150844251,perceptual,IT,dctrained,ReLu7,0.0003511548091042864,377
3378,0.05852521887150449,perceptual,IT,dctrained,ReLu7,0.010227638886125535,378
3379,0.0008034173924032208,perceptual,IT,dctrained,ReLu7,0.00018262965940192555,379
3380,-0.0009638369785339558,perceptual,IT,dctrained,ReLu7,-0.00012010898228534753,380
3381,0.06878190566353552,perceptual,IT,dctrained,ReLu7,0.009711123965846294,381
3382,-0.05644049585586233,perceptual,IT,dctrained,ReLu7,-0.010160543671483009,382
3383,-0.05400429288736263,perceptual,IT,dctrained,ReLu7,-0.009190003276875316,383
3384,-0.11348974374488473,perceptual,IT,dctrained,ReLu7,-0.016812411856886197,384
3385,-0.006238972291467933,perceptual,IT,dctrained,ReLu7,-0.0011435381078696398,385
3386,-0.03694965525059568,perceptual,IT,dctrained,ReLu7,-0.005496174077908366,386
3387,0.05100472534408943,perceptual,IT,dctrained,ReLu7,0.009373482230168616,387
3388,-0.07032105926038121,perceptual,IT,dctrained,ReLu7,-0.011924294852794556,388
3389,-0.03011838711548888,perceptual,IT,dctrained,ReLu7,-0.005480730700272378,389
3390,0.03148148778236242,perceptual,IT,dctrained,ReLu7,0.006044603517706658,390
3391,0.03954280726882057,perceptual,IT,dctrained,ReLu7,0.005668238594210756,391
3392,0.01519750945094157,perceptual,IT,dctrained,ReLu7,0.0016338219195829173,392
3393,-0.07047166669759088,perceptual,IT,dctrained,ReLu7,-0.00996918094217332,393
3394,0.012301287339965859,perceptual,IT,dctrained,ReLu7,0.002147013046062334,394
3395,-0.0525760477013587,perceptual,IT,dctrained,ReLu7,-0.008941366919978563,395
3396,-0.06846391698369116,perceptual,IT,dctrained,ReLu7,-0.014432755555450484,396
3397,0.1090822068136866,perceptual,IT,dctrained,ReLu7,0.015364640995985624,397
3398,0.009514356239382423,perceptual,IT,dctrained,ReLu7,0.0019016602283039724,398
3399,0.006961457265317673,perceptual,IT,dctrained,ReLu7,0.001078527639428499,399
3400,0.07046544064288864,perceptual,IT,dctrained,ReLu7,0.013497497309209848,400
3401,0.033402316664317686,perceptual,IT,dctrained,ReLu7,0.006451945424341188,401
3402,-0.002703188379376451,perceptual,IT,dctrained,ReLu7,-0.00033340103186661925,402
3403,0.05850755383210062,perceptual,IT,dctrained,ReLu7,0.009451609052972067,403
3404,-0.012317781886104223,perceptual,IT,dctrained,ReLu7,-0.002049922555811507,404
3405,-0.03595805394737044,perceptual,IT,dctrained,ReLu7,-0.00688229774532409,405
3406,-0.09552765669147219,perceptual,IT,dctrained,ReLu7,-0.014239438065821591,406
3407,-0.08903620531072029,perceptual,IT,dctrained,ReLu7,-0.010041465555731143,407
3408,-0.006311827160107563,perceptual,IT,dctrained,ReLu7,-0.0009186804053730145,408
3409,-0.004055704250528943,perceptual,IT,dctrained,ReLu7,-0.0008299149644532336,409
3410,0.10396484383381457,perceptual,IT,dctrained,ReLu7,0.012895171685125034,410
3411,-0.02532716160270168,perceptual,IT,dctrained,ReLu7,-0.005181704338326272,411
3412,0.10879367951736028,perceptual,IT,dctrained,ReLu7,0.012896723662128726,412
3413,-0.04909767817527742,perceptual,IT,dctrained,ReLu7,-0.009205378164769386,413
3414,0.024019578384984478,perceptual,IT,dctrained,ReLu7,0.004072527077495211,414
3415,0.02608496111428303,perceptual,IT,dctrained,ReLu7,0.00531221658068514,415
3416,-0.01000670026453701,perceptual,IT,dctrained,ReLu7,-0.0015364071413503828,416
3417,0.01829921250462126,perceptual,IT,dctrained,ReLu7,0.0034361399955684727,417
3418,0.025403906241040875,perceptual,IT,dctrained,ReLu7,0.005697583898952134,418
3419,0.056677953320119524,perceptual,IT,dctrained,ReLu7,0.008616187391963577,419
3420,-0.036823852938893877,perceptual,IT,dctrained,ReLu7,-0.005770434485872901,420
3421,0.02669969734945124,perceptual,IT,dctrained,ReLu7,0.00421682343716203,421
3422,-0.017922966258138145,perceptual,IT,dctrained,ReLu7,-0.0030691028190889223,422
3423,-0.0017174358064691187,perceptual,IT,dctrained,ReLu7,-0.00020570582441380159,423
3424,0.09326552807898572,perceptual,IT,dctrained,ReLu7,0.01584294434326606,424
3425,-0.03362714990932149,perceptual,IT,dctrained,ReLu7,-0.005498684701117241,425
3426,0.049852291136684636,perceptual,IT,dctrained,ReLu7,0.007080502248498544,426
3427,-0.0041115818499402115,perceptual,IT,dctrained,ReLu7,-0.0007066182858349868,427
3428,0.056781798532922804,perceptual,IT,dctrained,ReLu7,0.010512003348011896,428
3429,-0.0071765297893915305,perceptual,IT,dctrained,ReLu7,-0.0010758071773982782,429
3430,0.00941359360234754,perceptual,IT,dctrained,ReLu7,0.001623075587497979,430
3431,0.06855701351651264,perceptual,IT,dctrained,ReLu7,0.01364896614907253,431
3432,-0.023380503498132144,perceptual,IT,dctrained,ReLu7,-0.003954470502865792,432
3433,0.004957041073857023,perceptual,IT,dctrained,ReLu7,0.0006979285911464551,433
3434,-0.04174583199484165,perceptual,IT,dctrained,ReLu7,-0.007001467810203735,434
3435,-0.00035871479031543576,perceptual,IT,dctrained,ReLu7,-7.394994306544195e-05,435
3436,0.037539539605445454,perceptual,IT,dctrained,ReLu7,0.008164166422139255,436
3437,-0.021463988571360282,perceptual,IT,dctrained,ReLu7,-0.003470160178015231,437
3438,-0.02617478488237408,perceptual,IT,dctrained,ReLu7,-0.005616570244651634,438
3439,0.042145336164445164,perceptual,IT,dctrained,ReLu7,0.006632960413022557,439
3440,-0.05876085600624241,perceptual,IT,dctrained,ReLu7,-0.008984547568876351,440
3441,0.026868751009031657,perceptual,IT,dctrained,ReLu7,0.00530608397568565,441
3442,0.08850093215772956,perceptual,IT,dctrained,ReLu7,0.01487121006630802,442
3443,0.09304735234160327,perceptual,IT,dctrained,ReLu7,0.013737793581913429,443
3444,-0.009731985083773945,perceptual,IT,dctrained,ReLu7,-0.0015826120308059053,444
3445,0.03045631259413314,perceptual,IT,dctrained,ReLu7,0.005049837832814354,445
3446,-0.015272307373937848,perceptual,IT,dctrained,ReLu7,-0.0025169539050284642,446
3447,0.08533422169996195,perceptual,IT,dctrained,ReLu7,0.014852205450013818,447
3448,-0.005852120971350685,perceptual,IT,dctrained,ReLu7,-0.0010315436980204012,448
3449,0.008490765810982686,perceptual,IT,dctrained,ReLu7,0.0014502350779874267,449
3450,0.14342429234219115,perceptual,IT,dctrained,ReLu7,0.018092220553538332,450
3451,0.02749550497561051,perceptual,IT,dctrained,ReLu7,0.00621656287218042,451
3452,0.016759121676784457,perceptual,IT,dctrained,ReLu7,0.0035149430206438785,452
3453,0.009438485761525105,perceptual,IT,dctrained,ReLu7,0.001964212304309973,453
3454,0.02471348404795175,perceptual,IT,dctrained,ReLu7,0.0034813723512495814,454
3455,-0.015798720230592252,perceptual,IT,dctrained,ReLu7,-0.002315623297380196,455
3456,0.0497118308196171,perceptual,IT,dctrained,ReLu7,0.008670289962356819,456
3457,-0.03861105906358586,perceptual,IT,dctrained,ReLu7,-0.007728369689526945,457
3458,-0.032699261371724034,perceptual,IT,dctrained,ReLu7,-0.004213261646205441,458
3459,-0.06144862031981227,perceptual,IT,dctrained,ReLu7,-0.008463742495195721,459
3460,0.018439514281777473,perceptual,IT,dctrained,ReLu7,0.0031493574160486645,460
3461,0.0018266988112911743,perceptual,IT,dctrained,ReLu7,0.00033315240340276234,461
3462,0.012647910587842641,perceptual,IT,dctrained,ReLu7,0.001612978582698512,462
3463,-0.04974642610454537,perceptual,IT,dctrained,ReLu7,-0.009459617474604796,463
3464,0.12177850738188979,perceptual,IT,dctrained,ReLu7,0.01960281747303354,464
3465,0.06393602382801751,perceptual,IT,dctrained,ReLu7,0.009951768158807849,465
3466,0.06408172661711893,perceptual,IT,dctrained,ReLu7,0.009197052553730493,466
3467,-0.13035214704512824,perceptual,IT,dctrained,ReLu7,-0.0157515052287056,467
3468,0.0029400725059157634,perceptual,IT,dctrained,ReLu7,0.0005464410497005509,468
3469,0.05667613694026594,perceptual,IT,dctrained,ReLu7,0.010468921074051462,469
3470,0.015177120566656046,perceptual,IT,dctrained,ReLu7,0.002317312095315974,470
3471,0.03512489286873971,perceptual,IT,dctrained,ReLu7,0.006173021722906671,471
3472,0.03642616653554088,perceptual,IT,dctrained,ReLu7,0.004620209567547207,472
3473,0.04201691152928309,perceptual,IT,dctrained,ReLu7,0.007871238859119858,473
3474,-0.038705405581946656,perceptual,IT,dctrained,ReLu7,-0.005331823353898859,474
3475,-0.001433024841662531,perceptual,IT,dctrained,ReLu7,-0.00024870754710345014,475
3476,0.04661784871745604,perceptual,IT,dctrained,ReLu7,0.007876888364308287,476
3477,0.0657768113786103,perceptual,IT,dctrained,ReLu7,0.0113483338896095,477
3478,-0.009054693469097956,perceptual,IT,dctrained,ReLu7,-0.0015980180890308275,478
3479,-0.0010302381533262867,perceptual,IT,dctrained,ReLu7,-0.00020790015858848307,479
3480,-0.040447047274044606,perceptual,IT,dctrained,ReLu7,-0.007482760145943457,480
3481,-0.04143323085871451,perceptual,IT,dctrained,ReLu7,-0.00789108459015335,481
3482,0.04761179616946156,perceptual,IT,dctrained,ReLu7,0.007780990818100814,482
3483,0.03298895227819085,perceptual,IT,dctrained,ReLu7,0.0063691071943256135,483
3484,0.08120034498688225,perceptual,IT,dctrained,ReLu7,0.0132592057501814,484
3485,0.025511889249662602,perceptual,IT,dctrained,ReLu7,0.00446803930610698,485
3486,0.0880136184960567,perceptual,IT,dctrained,ReLu7,0.014885681085875554,486
3487,0.052141568399872884,perceptual,IT,dctrained,ReLu7,0.005847274214611262,487
3488,0.010028938900937815,perceptual,IT,dctrained,ReLu7,0.0020538643561920054,488
3489,0.03146244430013445,perceptual,IT,dctrained,ReLu7,0.007030837366535633,489
3490,0.008549198795773618,perceptual,IT,dctrained,ReLu7,0.0016085052024134069,490
3491,-0.021440995341181095,perceptual,IT,dctrained,ReLu7,-0.004204815462510114,491
3492,0.031203493097123444,perceptual,IT,dctrained,ReLu7,0.004423130765433086,492
3493,0.023387135011924153,perceptual,IT,dctrained,ReLu7,0.004679126851782046,493
3494,-0.02754134357740197,perceptual,IT,dctrained,ReLu7,-0.00396569355830783,494
3495,-0.06654543362260938,perceptual,IT,dctrained,ReLu7,-0.009890984716410563,495
3496,-0.030826383027832437,perceptual,IT,dctrained,ReLu7,-0.006069103077021187,496
3497,0.04509839912591174,perceptual,IT,dctrained,ReLu7,0.006260108865317519,497
3498,-0.02945075822869284,perceptual,IT,dctrained,ReLu7,-0.004325280089306129,498
3499,-0.011555267356600705,perceptual,IT,dctrained,ReLu7,-0.00191244880315938,499
3500,-0.04895404870289944,perceptual,IT,dctrained,ReLu7,-0.006627344519666924,500
3501,-0.004120442968944419,perceptual,IT,dctrained,ReLu7,-0.0006416761298794552,501
3502,-0.08898417145821962,perceptual,IT,dctrained,ReLu7,-0.014881691742511586,502
3503,0.025422563994401556,perceptual,IT,dctrained,ReLu7,0.0051513835313225335,503
3504,0.018058496507948787,perceptual,IT,dctrained,ReLu7,0.0026733858038547054,504
3505,0.015410644130575926,perceptual,IT,dctrained,ReLu7,0.002706640130398924,505
3506,0.08269092795574279,perceptual,IT,dctrained,ReLu7,0.013573590041123951,506
3507,0.04428406761779496,perceptual,IT,dctrained,ReLu7,0.007501441075724261,507
3508,0.033194219498284,perceptual,IT,dctrained,ReLu7,0.00646471892204082,508
3509,0.058221353185828745,perceptual,IT,dctrained,ReLu7,0.008710785446901941,509
3510,0.040183436024533455,perceptual,IT,dctrained,ReLu7,0.005189984016012929,510
3511,0.08981137753947283,perceptual,IT,dctrained,ReLu7,0.01551824648554849,511
3512,-0.044048235336045766,perceptual,IT,dctrained,ReLu7,-0.007721884666560593,512
3513,0.02612955740470988,perceptual,IT,dctrained,ReLu7,0.004695715872737712,513
3514,-0.04592209993571883,perceptual,IT,dctrained,ReLu7,-0.008522184412417894,514
3515,-0.011305641053174135,perceptual,IT,dctrained,ReLu7,-0.002426380729007284,515
3516,0.08767363781386414,perceptual,IT,dctrained,ReLu7,0.010386433871023469,516
3517,-0.008925434244296806,perceptual,IT,dctrained,ReLu7,-0.0014568382745796422,517
3518,0.09680887468669777,perceptual,IT,dctrained,ReLu7,0.013108494264034154,518
3519,0.07221069778715812,perceptual,IT,dctrained,ReLu7,0.011687178134567357,519
3520,-0.03362704122900135,perceptual,IT,dctrained,ReLu7,-0.006341817904967205,520
3521,0.01694479444348519,perceptual,IT,dctrained,ReLu7,0.003362375960279995,521
3522,0.010292229492571582,perceptual,IT,dctrained,ReLu7,0.0015132807915066854,522
3523,0.0018010758442245035,perceptual,IT,dctrained,ReLu7,0.0002995476664059728,523
3524,-0.01299307838882514,perceptual,IT,dctrained,ReLu7,-0.002215259272862917,524
3525,0.023605639256710116,perceptual,IT,dctrained,ReLu7,0.003813477151105268,525
3526,-0.042495925432363905,perceptual,IT,dctrained,ReLu7,-0.006458528189473624,526
3527,0.07345886987346448,perceptual,IT,dctrained,ReLu7,0.011318077235554828,527
3528,0.009611372971784129,perceptual,IT,dctrained,ReLu7,0.001769528855731093,528
3529,0.04172044871556331,perceptual,IT,dctrained,ReLu7,0.00955107930147088,529
3530,-0.0013966787988363124,perceptual,IT,dctrained,ReLu7,-0.0002875606711782233,530
3531,0.024594667828303926,perceptual,IT,dctrained,ReLu7,0.003776452534557967,531
3532,-0.12313044584241865,perceptual,IT,dctrained,ReLu7,-0.019509439492174818,532
3533,0.03962357017611381,perceptual,IT,dctrained,ReLu7,0.007707249088438232,533
3534,0.03517254982240445,perceptual,IT,dctrained,ReLu7,0.006662652216459161,534
3535,0.049758998295053064,perceptual,IT,dctrained,ReLu7,0.00970952281916786,535
3536,0.04057737728823056,perceptual,IT,dctrained,ReLu7,0.008513112497548925,536
3537,0.061702898598611534,perceptual,IT,dctrained,ReLu7,0.009238473379951265,537
3538,-0.05077841258309532,perceptual,IT,dctrained,ReLu7,-0.007544623036099714,538
3539,-0.03809638143102089,perceptual,IT,dctrained,ReLu7,-0.0065810973211169015,539
3540,-0.04321816619536509,perceptual,IT,dctrained,ReLu7,-0.007437396417746708,540
3541,0.02060152783285298,perceptual,IT,dctrained,ReLu7,0.004660043606229746,541
3542,-0.004307253320367729,perceptual,IT,dctrained,ReLu7,-0.0009976787675443077,542
3543,0.04643182028179364,perceptual,IT,dctrained,ReLu7,0.00621530520420557,543
3544,0.08101797720922661,perceptual,IT,dctrained,ReLu7,0.011562526760544992,544
3545,-0.0010461007125077857,perceptual,IT,dctrained,ReLu7,-0.0002046662419862913,545
3546,-0.07708149348563766,perceptual,IT,dctrained,ReLu7,-0.012381369874465576,546
3547,0.018244187922704214,perceptual,IT,dctrained,ReLu7,0.0033399927704497283,547
3548,-0.02441985638019612,perceptual,IT,dctrained,ReLu7,-0.004280723627944644,548
3549,0.0373438814226625,perceptual,IT,dctrained,ReLu7,0.0057730115653088845,549
3550,0.04555754412827023,perceptual,IT,dctrained,ReLu7,0.010848017059730077,550
3551,-0.003399883639321383,perceptual,IT,dctrained,ReLu7,-0.0006214636736099205,551
3552,0.0023189052746680145,perceptual,IT,dctrained,ReLu7,0.0003984430265488309,552
3553,-0.020498108337907127,perceptual,IT,dctrained,ReLu7,-0.0031887218904747827,553
3554,0.01839326393533908,perceptual,IT,dctrained,ReLu7,0.0026983222970366864,554
3555,-0.015503778347985008,perceptual,IT,dctrained,ReLu7,-0.0015794458680805645,555
3556,-0.06153265641076531,perceptual,IT,dctrained,ReLu7,-0.00946586692057894,556
3557,-0.021677581075720858,perceptual,IT,dctrained,ReLu7,-0.003515289668273174,557
3558,-0.003091437266534097,perceptual,IT,dctrained,ReLu7,-0.0006503603926382023,558
3559,0.007297949871376857,perceptual,IT,dctrained,ReLu7,0.001211736637027734,559
3560,-0.04737194328950142,perceptual,IT,dctrained,ReLu7,-0.008253697698906458,560
3561,-0.023552686098368945,perceptual,IT,dctrained,ReLu7,-0.004191859011707173,561
3562,0.009749047844218506,perceptual,IT,dctrained,ReLu7,0.001645624486012378,562
3563,0.035809687448359925,perceptual,IT,dctrained,ReLu7,0.007384116874471804,563
3564,-0.04082785317765354,perceptual,IT,dctrained,ReLu7,-0.007202106384604374,564
3565,0.0805740825014485,perceptual,IT,dctrained,ReLu7,0.01161284675356564,565
3566,0.13246155115867236,perceptual,IT,dctrained,ReLu7,0.014434994937504792,566
3567,0.0216595947166621,perceptual,IT,dctrained,ReLu7,0.004991982843346579,567
3568,0.017843150293405885,perceptual,IT,dctrained,ReLu7,0.003604347569091934,568
3569,0.030670769791500116,perceptual,IT,dctrained,ReLu7,0.005260746866831086,569
3570,0.05359224763478782,perceptual,IT,dctrained,ReLu7,0.008029011246932756,570
3571,0.044982554518672994,perceptual,IT,dctrained,ReLu7,0.006538345863505036,571
3572,-0.015062980752206004,perceptual,IT,dctrained,ReLu7,-0.002502433014989088,572
3573,-0.025834921803414523,perceptual,IT,dctrained,ReLu7,-0.004293359868249694,573
3574,0.015674256229371086,perceptual,IT,dctrained,ReLu7,0.0034102859966780655,574
3575,-0.06142663059063113,perceptual,IT,dctrained,ReLu7,-0.010180573396931972,575
3576,0.025285577296144925,perceptual,IT,dctrained,ReLu7,0.004479779497345356,576
3577,-0.012776176276583643,perceptual,IT,dctrained,ReLu7,-0.0019656178101745796,577
3578,0.03256881371170261,perceptual,IT,dctrained,ReLu7,0.0065721170181080035,578
3579,0.06579154851843973,perceptual,IT,dctrained,ReLu7,0.012492050345675826,579
3580,0.046288409810745626,perceptual,IT,dctrained,ReLu7,0.007831601195828576,580
3581,-0.026867111707897937,perceptual,IT,dctrained,ReLu7,-0.003783259178210204,581
3582,-0.06302112635743516,perceptual,IT,dctrained,ReLu7,-0.007734525587558322,582
3583,0.02586924751654784,perceptual,IT,dctrained,ReLu7,0.004495158577056808,583
3584,0.02736933958042737,perceptual,IT,dctrained,ReLu7,0.0033314817963183176,584
3585,0.04490236257758479,perceptual,IT,dctrained,ReLu7,0.008267689307789775,585
3586,0.023282882188985953,perceptual,IT,dctrained,ReLu7,0.003397894262543926,586
3587,-0.004402391075494265,perceptual,IT,dctrained,ReLu7,-0.0006964833948360609,587
3588,-0.0008119826515409392,perceptual,IT,dctrained,ReLu7,-0.00015692072698393622,588
3589,0.07788228476397889,perceptual,IT,dctrained,ReLu7,0.011597635853471606,589
3590,0.09675374575321885,perceptual,IT,dctrained,ReLu7,0.015225651673262766,590
3591,-0.0061832720505715505,perceptual,IT,dctrained,ReLu7,-0.0011013539954920978,591
3592,-0.019605441100788587,perceptual,IT,dctrained,ReLu7,-0.0038426833788799547,592
3593,0.02250871805242747,perceptual,IT,dctrained,ReLu7,0.004025488981459303,593
3594,-0.027532876125693002,perceptual,IT,dctrained,ReLu7,-0.0045945209082554304,594
3595,-0.05358435579646675,perceptual,IT,dctrained,ReLu7,-0.007820458083773926,595
3596,-0.07061290931007996,perceptual,IT,dctrained,ReLu7,-0.007742265337533147,596
3597,0.1300251995040945,perceptual,IT,dctrained,ReLu7,0.0132442774668882,597
3598,-0.027543336055906958,perceptual,IT,dctrained,ReLu7,-0.0033427799053072638,598
3599,0.031635840470267566,perceptual,IT,dctrained,ReLu7,0.0048659657807203355,599
3600,0.0575534924999189,perceptual,IT,dctrained,ReLu7,0.01039443838798299,600
3601,-0.030026509321508077,perceptual,IT,dctrained,ReLu7,-0.004537569713967066,601
3602,-0.045597556967350635,perceptual,IT,dctrained,ReLu7,-0.0055989666789485314,602
3603,-0.047234259513061636,perceptual,IT,dctrained,ReLu7,-0.008586428880027551,603
3604,-0.009633510512854196,perceptual,IT,dctrained,ReLu7,-0.0013130911658444065,604
3605,0.05851812770678991,perceptual,IT,dctrained,ReLu7,0.009060681424217423,605
3606,-0.05570560856610847,perceptual,IT,dctrained,ReLu7,-0.009376602713354042,606
3607,0.017718359962316858,perceptual,IT,dctrained,ReLu7,0.002998579208225544,607
3608,0.036842635519124346,perceptual,IT,dctrained,ReLu7,0.005682872477752919,608
3609,0.0005129979222639099,perceptual,IT,dctrained,ReLu7,8.170342455632307e-05,609
3610,-0.05160936428359588,perceptual,IT,dctrained,ReLu7,-0.006785723156542727,610
3611,-0.007318146168393763,perceptual,IT,dctrained,ReLu7,-0.0008037931182625201,611
3612,0.06964590870534282,perceptual,IT,dctrained,ReLu7,0.015143982599786398,612
3613,0.09371436713119237,perceptual,IT,dctrained,ReLu7,0.014561618188730922,613
3614,0.042025014969278,perceptual,IT,dctrained,ReLu7,0.006140012549602724,614
3615,-0.02636086927570911,perceptual,IT,dctrained,ReLu7,-0.003942502367830203,615
3616,0.042917985935229594,perceptual,IT,dctrained,ReLu7,0.009065711175920022,616
3617,0.07372823073573433,perceptual,IT,dctrained,ReLu7,0.009246084041589792,617
3618,-0.06995169730203311,perceptual,IT,dctrained,ReLu7,-0.012490351056065684,618
3619,0.1807658591469987,perceptual,IT,dctrained,ReLu7,0.024392450850374264,619
3620,-0.03475440875764691,perceptual,IT,dctrained,ReLu7,-0.005505794224144347,620
3621,0.024886103895315887,perceptual,IT,dctrained,ReLu7,0.004431945920278565,621
3622,0.03846776092795389,perceptual,IT,dctrained,ReLu7,0.006315182488348264,622
3623,0.09078665032634817,perceptual,IT,dctrained,ReLu7,0.014810526400926442,623
3624,-0.004648835373025286,perceptual,IT,dctrained,ReLu7,-0.0007547142808750039,624
3625,-0.01768206073498118,perceptual,IT,dctrained,ReLu7,-0.0029606292961951866,625
3626,0.014445622368750995,perceptual,IT,dctrained,ReLu7,0.0021700377545975577,626
3627,0.06313513684379064,perceptual,IT,dctrained,ReLu7,0.009061841135844455,627
3628,0.01482603894982745,perceptual,IT,dctrained,ReLu7,0.0028629662488844944,628
3629,0.004122833105320144,perceptual,IT,dctrained,ReLu7,0.0006438787325703001,629
3630,-0.029614201970296853,perceptual,IT,dctrained,ReLu7,-0.004832669988154462,630
3631,-0.031208642411594018,perceptual,IT,dctrained,ReLu7,-0.004513409691984844,631
3632,-0.07196586309316177,perceptual,IT,dctrained,ReLu7,-0.011034813839578623,632
3633,0.09711946231875565,perceptual,IT,dctrained,ReLu7,0.015259788011392623,633
3634,0.05237344132781325,perceptual,IT,dctrained,ReLu7,0.008341484113775305,634
3635,0.01770782696604701,perceptual,IT,dctrained,ReLu7,0.0040100282961340675,635
3636,-0.09359394879215083,perceptual,IT,dctrained,ReLu7,-0.009478196508461129,636
3637,0.05408272329717295,perceptual,IT,dctrained,ReLu7,0.008528358488798984,637
3638,0.005627697839560643,perceptual,IT,dctrained,ReLu7,0.0009474108122105203,638
3639,0.10519080660239949,perceptual,IT,dctrained,ReLu7,0.016155924739108114,639
3640,-0.06637641586797796,perceptual,IT,dctrained,ReLu7,-0.012102299353048344,640
3641,0.05047978652855237,perceptual,IT,dctrained,ReLu7,0.006610331048798419,641
3642,-0.04519400199120044,perceptual,IT,dctrained,ReLu7,-0.008442842879323852,642
3643,-0.009644472079780446,perceptual,IT,dctrained,ReLu7,-0.0014941166254438115,643
3644,0.02445668954248402,perceptual,IT,dctrained,ReLu7,0.0049068431020890205,644
3645,0.07765422426780814,perceptual,IT,dctrained,ReLu7,0.012961083468622264,645
3646,0.0007569183465134284,perceptual,IT,dctrained,ReLu7,0.00016237379603710467,646
3647,0.019438539241521426,perceptual,IT,dctrained,ReLu7,0.0030778516417131994,647
3648,-0.019906228365428602,perceptual,IT,dctrained,ReLu7,-0.0024014941762381566,648
3649,-0.02387557544853856,perceptual,IT,dctrained,ReLu7,-0.004520439320049724,649
3650,0.03564851694168366,perceptual,IT,dctrained,ReLu7,0.004740640539639868,650
3651,0.034557629143582506,perceptual,IT,dctrained,ReLu7,0.007196650112356574,651
3652,-0.0002656442988833023,perceptual,IT,dctrained,ReLu7,-4.6659326289399256e-05,652
3653,0.04043896975409049,perceptual,IT,dctrained,ReLu7,0.007737607784048051,653
3654,0.03964822006695931,perceptual,IT,dctrained,ReLu7,0.006775701852573573,654
3655,-0.07471520782693825,perceptual,IT,dctrained,ReLu7,-0.015406944677891247,655
3656,0.01009339185394285,perceptual,IT,dctrained,ReLu7,0.001820879797873317,656
3657,-0.03474119322707953,perceptual,IT,dctrained,ReLu7,-0.005605309489920085,657
3658,0.041248905981937256,perceptual,IT,dctrained,ReLu7,0.006634931545893969,658
3659,-0.046888881986268616,perceptual,IT,dctrained,ReLu7,-0.007351662841309432,659
3660,-0.009055326055174881,perceptual,IT,dctrained,ReLu7,-0.0013285270348960022,660
3661,-0.05405703732835015,perceptual,IT,dctrained,ReLu7,-0.007733998784507749,661
3662,-0.023512108320042836,perceptual,IT,dctrained,ReLu7,-0.003774996203084845,662
3663,0.02955240903820726,perceptual,IT,dctrained,ReLu7,0.004721953678701603,663
3664,-0.010902216300207145,perceptual,IT,dctrained,ReLu7,-0.0021430891098879745,664
3665,0.03639061727405091,perceptual,IT,dctrained,ReLu7,0.006852694749008924,665
3666,-0.00767244795263432,perceptual,IT,dctrained,ReLu7,-0.0010216940849264913,666
3667,0.08461934556321364,perceptual,IT,dctrained,ReLu7,0.012508285417737589,667
3668,-0.09834100872327413,perceptual,IT,dctrained,ReLu7,-0.01555136161162856,668
3669,0.08211892346598894,perceptual,IT,dctrained,ReLu7,0.014286299935168265,669
3670,0.061638845293505065,perceptual,IT,dctrained,ReLu7,0.010852809472059938,670
3671,-0.017270427840568446,perceptual,IT,dctrained,ReLu7,-0.0026670267974579775,671
3672,-0.0015099814219317503,perceptual,IT,dctrained,ReLu7,-0.00033621175527690644,672
3673,0.0013124257211338424,perceptual,IT,dctrained,ReLu7,0.0002300083302248651,673
3674,0.030337360804903426,perceptual,IT,dctrained,ReLu7,0.005170796150080089,674
3675,-0.031010097375542334,perceptual,IT,dctrained,ReLu7,-0.005134003528712815,675
3676,0.04505155943573739,perceptual,IT,dctrained,ReLu7,0.008950409138691169,676
3677,0.09246688568820072,perceptual,IT,dctrained,ReLu7,0.012189910824652095,677
3678,-0.08308210166238927,perceptual,IT,dctrained,ReLu7,-0.016695430014370433,678
3679,-0.050119098818567166,perceptual,IT,dctrained,ReLu7,-0.009234126876303188,679
3680,0.09733009358979244,perceptual,IT,dctrained,ReLu7,0.017081981794348534,680
3681,-0.02107811798027415,perceptual,IT,dctrained,ReLu7,-0.003488939748909854,681
3682,0.0006509788414898555,perceptual,IT,dctrained,ReLu7,9.595668137668545e-05,682
3683,0.02708530678663525,perceptual,IT,dctrained,ReLu7,0.005035696304666649,683
3684,0.04965504166532875,perceptual,IT,dctrained,ReLu7,0.008316073039593648,684
3685,0.015226877930483943,perceptual,IT,dctrained,ReLu7,0.0029829193581523764,685
3686,0.03601436552596905,perceptual,IT,dctrained,ReLu7,0.004061213588387496,686
3687,0.04501873044957552,perceptual,IT,dctrained,ReLu7,0.007010591658476666,687
3688,-0.0006897243489209359,perceptual,IT,dctrained,ReLu7,-0.00011817147427568495,688
3689,-0.000491322542372604,perceptual,IT,dctrained,ReLu7,-8.414149368301399e-05,689
3690,0.09560567733806065,perceptual,IT,dctrained,ReLu7,0.023235475105163505,690
3691,-0.002123315949485864,perceptual,IT,dctrained,ReLu7,-0.00033224623402247286,691
3692,0.010981036581583715,perceptual,IT,dctrained,ReLu7,0.00182660300799483,692
3693,0.03493511068732537,perceptual,IT,dctrained,ReLu7,0.005567663050320734,693
3694,-0.11051123626679106,perceptual,IT,dctrained,ReLu7,-0.012286807304435425,694
3695,0.04925083550848371,perceptual,IT,dctrained,ReLu7,0.008473469273821452,695
3696,-0.027341276562194403,perceptual,IT,dctrained,ReLu7,-0.004026291249104082,696
3697,0.08096227980411258,perceptual,IT,dctrained,ReLu7,0.015522595899757591,697
3698,-0.010458278466340336,perceptual,IT,dctrained,ReLu7,-0.0021258301013792093,698
3699,-0.03368405132325432,perceptual,IT,dctrained,ReLu7,-0.007555436128942059,699
3700,-0.05618734920047418,perceptual,IT,dctrained,ReLu7,-0.0077402781384474095,700
3701,0.03495892808250741,perceptual,IT,dctrained,ReLu7,0.006090446573568227,701
3702,0.05402427889055266,perceptual,IT,dctrained,ReLu7,0.01048526680177559,702
3703,-0.06788882401095345,perceptual,IT,dctrained,ReLu7,-0.011931103806535495,703
3704,0.015232992389524292,perceptual,IT,dctrained,ReLu7,0.00355766936246716,704
3705,0.06920163061712223,perceptual,IT,dctrained,ReLu7,0.014052657831216103,705
3706,0.08348179744990114,perceptual,IT,dctrained,ReLu7,0.012932598472853798,706
3707,0.017865288433781077,perceptual,IT,dctrained,ReLu7,0.0035100322039964375,707
3708,-0.010400042676236017,perceptual,IT,dctrained,ReLu7,-0.001673698159380732,708
3709,-0.05952101663318778,perceptual,IT,dctrained,ReLu7,-0.00882915629478685,709
3710,-0.04791889690946523,perceptual,IT,dctrained,ReLu7,-0.009008651532906867,710
3711,-0.03640656219389938,perceptual,IT,dctrained,ReLu7,-0.006108812032629498,711
3712,-0.02780603189135602,perceptual,IT,dctrained,ReLu7,-0.004715789518131404,712
3713,0.035081412676748434,perceptual,IT,dctrained,ReLu7,0.005119104339501572,713
3714,0.03182316363414465,perceptual,IT,dctrained,ReLu7,0.00477322556142926,714
3715,0.011403695556700587,perceptual,IT,dctrained,ReLu7,0.0023032444814069693,715
3716,0.00829127619478603,perceptual,IT,dctrained,ReLu7,0.0019112444700685738,716
3717,0.11411575992136941,perceptual,IT,dctrained,ReLu7,0.01997990474209289,717
3718,0.0057766224781643045,perceptual,IT,dctrained,ReLu7,0.0013286608340486762,718
3719,0.009962533605611439,perceptual,IT,dctrained,ReLu7,0.0015982076284751807,719
3720,0.023499963440185373,perceptual,IT,dctrained,ReLu7,0.0036773743072556035,720
3721,-0.02000680270190981,perceptual,IT,dctrained,ReLu7,-0.003058671832485659,721
3722,0.1201787572822629,perceptual,IT,dctrained,ReLu7,0.017479388363896294,722
3723,-0.030418309916600286,perceptual,IT,dctrained,ReLu7,-0.00489023537752155,723
3724,-0.07378529330002995,perceptual,IT,dctrained,ReLu7,-0.011770758593090963,724
3725,0.009962222365348442,perceptual,IT,dctrained,ReLu7,0.0012810363884501463,725
3726,0.10750263833740296,perceptual,IT,dctrained,ReLu7,0.01711709156450502,726
3727,-0.021234779065303102,perceptual,IT,dctrained,ReLu7,-0.003445993384887408,727
3728,-0.05754161342906977,perceptual,IT,dctrained,ReLu7,-0.008424603191565714,728
3729,-0.005065774183037589,perceptual,IT,dctrained,ReLu7,-0.0007842995417003378,729
3730,-0.07055408599105155,perceptual,IT,dctrained,ReLu7,-0.009829789782648864,730
3731,-0.03406361012900473,perceptual,IT,dctrained,ReLu7,-0.004900839026415478,731
3732,0.018271675564488853,perceptual,IT,dctrained,ReLu7,0.00224669869656599,732
3733,-0.017178960584342054,perceptual,IT,dctrained,ReLu7,-0.002989221215661069,733
3734,0.06934531096850804,perceptual,IT,dctrained,ReLu7,0.012867935155626314,734
3735,0.0013019543850951378,perceptual,IT,dctrained,ReLu7,0.00020880241102934696,735
3736,0.04300888823012161,perceptual,IT,dctrained,ReLu7,0.006360996902634846,736
3737,0.06738942186025693,perceptual,IT,dctrained,ReLu7,0.010710188926867273,737
3738,-0.061077921133289616,perceptual,IT,dctrained,ReLu7,-0.010025146143376028,738
3739,-0.004404039751308788,perceptual,IT,dctrained,ReLu7,-0.000792686967207655,739
3740,0.03257074930589551,perceptual,IT,dctrained,ReLu7,0.005298365995651734,740
3741,-0.07148186156928313,perceptual,IT,dctrained,ReLu7,-0.009543148082354454,741
3742,0.09125997251628117,perceptual,IT,dctrained,ReLu7,0.01996984610876831,742
3743,-0.022366691660535468,perceptual,IT,dctrained,ReLu7,-0.0029802378346282556,743
3744,0.021577225459777704,perceptual,IT,dctrained,ReLu7,0.003786688559017086,744
3745,-0.050681852455626175,perceptual,IT,dctrained,ReLu7,-0.007361523717070127,745
3746,0.09524581124411513,perceptual,IT,dctrained,ReLu7,0.01590438377219699,746
3747,0.09825028417434443,perceptual,IT,dctrained,ReLu7,0.01359622124224958,747
3748,0.08533519676018989,perceptual,IT,dctrained,ReLu7,0.01300389408040089,748
3749,0.010765939894439013,perceptual,IT,dctrained,ReLu7,0.0023638900053127576,749
3750,-0.011664461983956726,perceptual,IT,dctrained,ReLu7,-0.0022344185728107938,750
3751,0.1278375775427063,perceptual,IT,dctrained,ReLu7,0.02054627280084365,751
3752,0.09455581359270819,perceptual,IT,dctrained,ReLu7,0.012278454284215711,752
3753,-0.004993789350894049,perceptual,IT,dctrained,ReLu7,-0.0008216781056370887,753
3754,0.013488147714285163,perceptual,IT,dctrained,ReLu7,0.002748337720799285,754
3755,0.04785189236690364,perceptual,IT,dctrained,ReLu7,0.007665932025684469,755
3756,0.1533833844008727,perceptual,IT,dctrained,ReLu7,0.018801187186684384,756
3757,0.028213167492210513,perceptual,IT,dctrained,ReLu7,0.005229796025870724,757
3758,0.007583969054804298,perceptual,IT,dctrained,ReLu7,0.0010293085621609875,758
3759,0.04505673979148128,perceptual,IT,dctrained,ReLu7,0.007202620815343879,759
3760,0.04534085214853055,perceptual,IT,dctrained,ReLu7,0.00653413540661992,760
3761,-0.07431617261376387,perceptual,IT,dctrained,ReLu7,-0.009995488721140307,761
3762,0.0765977016906075,perceptual,IT,dctrained,ReLu7,0.012247640588283953,762
3763,0.0198031517431833,perceptual,IT,dctrained,ReLu7,0.004068911860577201,763
3764,-0.006028546557082459,perceptual,IT,dctrained,ReLu7,-0.0008870325046392395,764
3765,-0.014921109790108252,perceptual,IT,dctrained,ReLu7,-0.0025724187199185206,765
3766,0.014797180914259593,perceptual,IT,dctrained,ReLu7,0.00302993065020922,766
3767,-0.055736099675904906,perceptual,IT,dctrained,ReLu7,-0.006213907736717716,767
3768,0.04678439222076643,perceptual,IT,dctrained,ReLu7,0.009372783055079069,768
3769,-0.06502142806695045,perceptual,IT,dctrained,ReLu7,-0.009025506427774204,769
3770,0.06195199681561269,perceptual,IT,dctrained,ReLu7,0.009480247161230311,770
3771,0.08733905857979597,perceptual,IT,dctrained,ReLu7,0.013268323759192823,771
3772,0.0586346931331074,perceptual,IT,dctrained,ReLu7,0.012267526881924489,772
3773,0.017904810056604513,perceptual,IT,dctrained,ReLu7,0.002879265273465083,773
3774,0.029903947094396095,perceptual,IT,dctrained,ReLu7,0.0032247069491560237,774
3775,0.021232085312078118,perceptual,IT,dctrained,ReLu7,0.0038151974756353083,775
3776,-0.007429937254819941,perceptual,IT,dctrained,ReLu7,-0.0009374913370078612,776
3777,0.011584248907477694,perceptual,IT,dctrained,ReLu7,0.001943597419829874,777
3778,-0.022511208109777976,perceptual,IT,dctrained,ReLu7,-0.004429045315289468,778
3779,-0.05053639917264475,perceptual,IT,dctrained,ReLu7,-0.008502294662074906,779
3780,0.1801440661505767,perceptual,IT,dctrained,ReLu7,0.023657835429699858,780
3781,0.02234825011826612,perceptual,IT,dctrained,ReLu7,0.0046821685854955206,781
3782,0.06770860822446256,perceptual,IT,dctrained,ReLu7,0.01132511957249012,782
3783,-0.024379661921770723,perceptual,IT,dctrained,ReLu7,-0.003534901224429683,783
3784,0.007536318074809189,perceptual,IT,dctrained,ReLu7,0.0010338938688672118,784
3785,-0.07103842228094151,perceptual,IT,dctrained,ReLu7,-0.015008528199370475,785
3786,0.0010498494252962835,perceptual,IT,dctrained,ReLu7,0.00018331281923537196,786
3787,-0.0826581750173528,perceptual,IT,dctrained,ReLu7,-0.009045843740368487,787
3788,-0.0016339199737078127,perceptual,IT,dctrained,ReLu7,-0.0002933604764628478,788
3789,-0.09403006953965538,perceptual,IT,dctrained,ReLu7,-0.015036254976677255,789
3790,0.06577315359620993,perceptual,IT,dctrained,ReLu7,0.011214788784395127,790
3791,-0.003104388992329513,perceptual,IT,dctrained,ReLu7,-0.0003535573585170416,791
3792,-0.05286330910335964,perceptual,IT,dctrained,ReLu7,-0.005973292808569638,792
3793,-0.032328300477345036,perceptual,IT,dctrained,ReLu7,-0.0047675676025402056,793
3794,-0.007514706594905163,perceptual,IT,dctrained,ReLu7,-0.0009605332479819036,794
3795,0.06791107253165705,perceptual,IT,dctrained,ReLu7,0.009009729401630522,795
3796,0.036986332936390774,perceptual,IT,dctrained,ReLu7,0.006842229345761416,796
3797,0.100140356359504,perceptual,IT,dctrained,ReLu7,0.014682747714994407,797
3798,-0.05003897232087821,perceptual,IT,dctrained,ReLu7,-0.008199310124311195,798
3799,0.08403157050563212,perceptual,IT,dctrained,ReLu7,0.010883683529346051,799
3800,-0.013699228857234699,perceptual,IT,dctrained,ReLu7,-0.002622017073985426,800
3801,-0.03158023303988819,perceptual,IT,dctrained,ReLu7,-0.006121282584824323,801
3802,-0.016251337712005477,perceptual,IT,dctrained,ReLu7,-0.0024867606663460176,802
3803,0.0144758704586373,perceptual,IT,dctrained,ReLu7,0.003192176673868282,803
3804,-0.018802268591377694,perceptual,IT,dctrained,ReLu7,-0.003236468819193407,804
3805,0.008941179467087373,perceptual,IT,dctrained,ReLu7,0.0017062844101574867,805
3806,-0.007471876100635565,perceptual,IT,dctrained,ReLu7,-0.0009522191936130516,806
3807,0.04852571207908256,perceptual,IT,dctrained,ReLu7,0.0076010908272122965,807
3808,0.023810798799677183,perceptual,IT,dctrained,ReLu7,0.004112433815082722,808
3809,-0.063200917796388,perceptual,IT,dctrained,ReLu7,-0.011818046159357942,809
3810,0.11265529237663226,perceptual,IT,dctrained,ReLu7,0.019330251974904997,810
3811,-0.14330526492452306,perceptual,IT,dctrained,ReLu7,-0.0146038262815442,811
3812,0.08451608486616298,perceptual,IT,dctrained,ReLu7,0.011938115013493959,812
3813,0.0249652762402278,perceptual,IT,dctrained,ReLu7,0.004505574376071748,813
3814,0.06017613269921512,perceptual,IT,dctrained,ReLu7,0.01230308462018527,814
3815,0.01010324846425561,perceptual,IT,dctrained,ReLu7,0.0019356146156322349,815
3816,0.08022989463678634,perceptual,IT,dctrained,ReLu7,0.015564739211185886,816
3817,0.08178670710090677,perceptual,IT,dctrained,ReLu7,0.010128011707007903,817
3818,-0.036477431590610926,perceptual,IT,dctrained,ReLu7,-0.004599107719747385,818
3819,-0.023127145391050506,perceptual,IT,dctrained,ReLu7,-0.004037607807022855,819
3820,-0.02339708085273679,perceptual,IT,dctrained,ReLu7,-0.0035674628004618014,820
3821,-0.0820762356209434,perceptual,IT,dctrained,ReLu7,-0.015042932576762702,821
3822,0.03678253525753604,perceptual,IT,dctrained,ReLu7,0.0063019733288773964,822
3823,0.015415248101133884,perceptual,IT,dctrained,ReLu7,0.0025149041992602646,823
3824,0.008742332137412573,perceptual,IT,dctrained,ReLu7,0.0013696987162520394,824
3825,-0.020018274269171816,perceptual,IT,dctrained,ReLu7,-0.004015789963828335,825
3826,-0.12882031895915466,perceptual,IT,dctrained,ReLu7,-0.013983520132965464,826
3827,0.05990914089236553,perceptual,IT,dctrained,ReLu7,0.013539345524138123,827
3828,-0.03610142446021349,perceptual,IT,dctrained,ReLu7,-0.003983385897725936,828
3829,0.02959927217666992,perceptual,IT,dctrained,ReLu7,0.0043460800541684046,829
3830,0.045509844531329884,perceptual,IT,dctrained,ReLu7,0.007322552937895632,830
3831,0.0099556642629056,perceptual,IT,dctrained,ReLu7,0.0018231870003033966,831
3832,-0.05105580512922063,perceptual,IT,dctrained,ReLu7,-0.008262866580002646,832
3833,0.06927453425001764,perceptual,IT,dctrained,ReLu7,0.012574232661303923,833
3834,0.039806839721570536,perceptual,IT,dctrained,ReLu7,0.0056870605189960274,834
3835,-0.06393843425409872,perceptual,IT,dctrained,ReLu7,-0.01105118876371034,835
3836,0.05865745649901217,perceptual,IT,dctrained,ReLu7,0.011664490650956743,836
3837,0.015320544182647592,perceptual,IT,dctrained,ReLu7,0.0031176174039763555,837
3838,0.056331670726104295,perceptual,IT,dctrained,ReLu7,0.009785344749968311,838
3839,0.07712088327037865,perceptual,IT,dctrained,ReLu7,0.013951056783626946,839
3840,0.02762034345040487,perceptual,IT,dctrained,ReLu7,0.0047487062752554765,840
3841,-0.05134465608541745,perceptual,IT,dctrained,ReLu7,-0.011111871479503706,841
3842,-0.0307844048395205,perceptual,IT,dctrained,ReLu7,-0.005172083399945827,842
3843,0.005120200114351874,perceptual,IT,dctrained,ReLu7,0.0009603227076842857,843
3844,-0.00015349001060843088,perceptual,IT,dctrained,ReLu7,-2.662355863596727e-05,844
3845,0.06725779253458479,perceptual,IT,dctrained,ReLu7,0.012570491091160749,845
3846,0.047012379413917255,perceptual,IT,dctrained,ReLu7,0.009656413322683285,846
3847,0.018266837123647493,perceptual,IT,dctrained,ReLu7,0.00376807441815899,847
3848,0.03383429733029793,perceptual,IT,dctrained,ReLu7,0.005575438731810951,848
3849,-0.025897042782723274,perceptual,IT,dctrained,ReLu7,-0.004970006593095166,849
3850,-0.02015418543170331,perceptual,IT,dctrained,ReLu7,-0.0036423476500800564,850
3851,0.028149439156559528,perceptual,IT,dctrained,ReLu7,0.003611221993637989,851
3852,-0.0187563794620414,perceptual,IT,dctrained,ReLu7,-0.002860931975052647,852
3853,0.042504834754358116,perceptual,IT,dctrained,ReLu7,0.008114561616651098,853
3854,0.04056091494829193,perceptual,IT,dctrained,ReLu7,0.007155558706127038,854
3855,0.03158856126283493,perceptual,IT,dctrained,ReLu7,0.0050894762032032866,855
3856,-0.100873360712023,perceptual,IT,dctrained,ReLu7,-0.013428451693520697,856
3857,-0.08512287549505686,perceptual,IT,dctrained,ReLu7,-0.010472562421655998,857
3858,-0.052650369634592374,perceptual,IT,dctrained,ReLu7,-0.009110115160326466,858
3859,-0.0789616199145298,perceptual,IT,dctrained,ReLu7,-0.015995799989776113,859
3860,-0.01333043262046119,perceptual,IT,dctrained,ReLu7,-0.0021984179440670236,860
3861,-0.08687973491529866,perceptual,IT,dctrained,ReLu7,-0.01369702532848604,861
3862,0.01723133352166215,perceptual,IT,dctrained,ReLu7,0.002680678562037655,862
3863,0.09972432163313386,perceptual,IT,dctrained,ReLu7,0.013063123148194982,863
3864,0.0426440907511978,perceptual,IT,dctrained,ReLu7,0.008313503474380951,864
3865,0.06091077402779436,perceptual,IT,dctrained,ReLu7,0.00945622204485082,865
3866,0.04330314648516282,perceptual,IT,dctrained,ReLu7,0.006876327060503944,866
3867,-0.03768258944443479,perceptual,IT,dctrained,ReLu7,-0.0075318461974758395,867
3868,-0.03492654894474832,perceptual,IT,dctrained,ReLu7,-0.0052927982443237015,868
3869,0.03693944615491128,perceptual,IT,dctrained,ReLu7,0.004760476110456633,869
3870,0.02398566079743231,perceptual,IT,dctrained,ReLu7,0.0045326281007662325,870
3871,-0.012728339466577155,perceptual,IT,dctrained,ReLu7,-0.0020466353961694425,871
3872,-0.028628624028950805,perceptual,IT,dctrained,ReLu7,-0.004751285385604801,872
3873,0.045934728210616886,perceptual,IT,dctrained,ReLu7,0.007792282346826419,873
3874,0.004572020060637822,perceptual,IT,dctrained,ReLu7,0.0009690276848466628,874
3875,-0.007759597829278042,perceptual,IT,dctrained,ReLu7,-0.0012706083277484875,875
3876,-0.003179988558337885,perceptual,IT,dctrained,ReLu7,-0.0005500681646402987,876
3877,-0.011148836494254123,perceptual,IT,dctrained,ReLu7,-0.002234889692753844,877
3878,0.0747367271410127,perceptual,IT,dctrained,ReLu7,0.014209426070131995,878
3879,0.0683933074561408,perceptual,IT,dctrained,ReLu7,0.011271004512604585,879
3880,-0.02805414434050829,perceptual,IT,dctrained,ReLu7,-0.005933957047890914,880
3881,0.02307386797956802,perceptual,IT,dctrained,ReLu7,0.0033319997374791875,881
3882,-0.01481845501121037,perceptual,IT,dctrained,ReLu7,-0.002735531651649574,882
3883,-0.08374792865119379,perceptual,IT,dctrained,ReLu7,-0.00994432729605819,883
3884,0.09252883662683652,perceptual,IT,dctrained,ReLu7,0.013042833639431234,884
3885,-0.02061363909247925,perceptual,IT,dctrained,ReLu7,-0.003168590015200817,885
3886,0.008562192875493113,perceptual,IT,dctrained,ReLu7,0.0015542049486216118,886
3887,-0.021441521755015847,perceptual,IT,dctrained,ReLu7,-0.003329318683611096,887
3888,-0.04740676809765131,perceptual,IT,dctrained,ReLu7,-0.010653926835579575,888
3889,-0.034399781667414066,perceptual,IT,dctrained,ReLu7,-0.005635639255891681,889
3890,0.013766462195584377,perceptual,IT,dctrained,ReLu7,0.0025877952818645876,890
3891,-0.04345671969792116,perceptual,IT,dctrained,ReLu7,-0.00730049762073904,891
3892,-0.031300158340179664,perceptual,IT,dctrained,ReLu7,-0.004055333436347492,892
3893,-0.024133866601818342,perceptual,IT,dctrained,ReLu7,-0.00473089777394534,893
3894,0.06219290747482697,perceptual,IT,dctrained,ReLu7,0.012106890498069588,894
3895,0.0022826065878280327,perceptual,IT,dctrained,ReLu7,0.0004104368750046314,895
3896,0.03883387595497653,perceptual,IT,dctrained,ReLu7,0.006577059417369982,896
3897,0.07592322750336662,perceptual,IT,dctrained,ReLu7,0.015119117011351563,897
3898,0.010771495298054958,perceptual,IT,dctrained,ReLu7,0.0025465668737891384,898
3899,-0.03688810329922117,perceptual,IT,dctrained,ReLu7,-0.006145300734682873,899
3900,0.062472121583013795,perceptual,IT,dctrained,ReLu7,0.007866914857016856,900
3901,0.02877762529272233,perceptual,IT,dctrained,ReLu7,0.004829935188446988,901
3902,-0.08421568453531117,perceptual,IT,dctrained,ReLu7,-0.009872327771469045,902
3903,-0.008785536420390698,perceptual,IT,dctrained,ReLu7,-0.001482187244768389,903
3904,0.0372305422474506,perceptual,IT,dctrained,ReLu7,0.008909768061956945,904
3905,-0.013770599193046932,perceptual,IT,dctrained,ReLu7,-0.001853966537400515,905
3906,-0.041156467917756935,perceptual,IT,dctrained,ReLu7,-0.0061438135879787505,906
3907,0.055204046554449514,perceptual,IT,dctrained,ReLu7,0.010831342240948443,907
3908,0.06464642287877836,perceptual,IT,dctrained,ReLu7,0.009668255870044662,908
3909,0.05049146581550458,perceptual,IT,dctrained,ReLu7,0.007563063589227578,909
3910,0.03945251766338225,perceptual,IT,dctrained,ReLu7,0.006419503571271332,910
3911,0.006684142441574578,perceptual,IT,dctrained,ReLu7,0.0011164007418683307,911
3912,0.07729715369995331,perceptual,IT,dctrained,ReLu7,0.015012677921395805,912
3913,0.039162962787378935,perceptual,IT,dctrained,ReLu7,0.004554426754242332,913
3914,-0.0843923596047749,perceptual,IT,dctrained,ReLu7,-0.013193337471225535,914
3915,0.004185340570115715,perceptual,IT,dctrained,ReLu7,0.000569215243536798,915
3916,-0.03475720558666882,perceptual,IT,dctrained,ReLu7,-0.0053551104597387815,916
3917,0.05606792494311192,perceptual,IT,dctrained,ReLu7,0.009924174155233233,917
3918,-0.04948697271081615,perceptual,IT,dctrained,ReLu7,-0.006985527732489312,918
3919,0.0008611560521551736,perceptual,IT,dctrained,ReLu7,0.0001429323422728994,919
3920,-0.030778451481442176,perceptual,IT,dctrained,ReLu7,-0.004657122571800131,920
3921,0.02589329938438351,perceptual,IT,dctrained,ReLu7,0.004187336842645328,921
3922,0.07312552809990365,perceptual,IT,dctrained,ReLu7,0.01368395903505829,922
3923,0.08403926501463937,perceptual,IT,dctrained,ReLu7,0.010309109220840102,923
3924,-0.03199322486795574,perceptual,IT,dctrained,ReLu7,-0.004792608670735131,924
3925,0.014406825624300977,perceptual,IT,dctrained,ReLu7,0.0025593112459542516,925
3926,0.06563413281025167,perceptual,IT,dctrained,ReLu7,0.009626221571701728,926
3927,-0.004680943748439492,perceptual,IT,dctrained,ReLu7,-0.000709697191426592,927
3928,0.024121889221263848,perceptual,IT,dctrained,ReLu7,0.004185529176785503,928
3929,0.02747797316431555,perceptual,IT,dctrained,ReLu7,0.0046530156135868375,929
3930,-0.0012446653222102026,perceptual,IT,dctrained,ReLu7,-0.0001706562237951091,930
3931,0.022487334058966874,perceptual,IT,dctrained,ReLu7,0.004483599951252651,931
3932,0.0504616064545836,perceptual,IT,dctrained,ReLu7,0.009139016341100103,932
3933,-0.014570975310937111,perceptual,IT,dctrained,ReLu7,-0.002319185958994819,933
3934,0.05596980564987623,perceptual,IT,dctrained,ReLu7,0.008381834218318333,934
3935,0.08833321485266835,perceptual,IT,dctrained,ReLu7,0.014833837657498555,935
3936,0.06426329083973199,perceptual,IT,dctrained,ReLu7,0.01161098282538433,936
3937,0.07432358662869759,perceptual,IT,dctrained,ReLu7,0.008869836677328267,937
3938,-0.06972652421685482,perceptual,IT,dctrained,ReLu7,-0.009435592795443593,938
3939,0.04251769982515429,perceptual,IT,dctrained,ReLu7,0.008719423137392018,939
3940,0.04478556845443572,perceptual,IT,dctrained,ReLu7,0.009830487857968466,940
3941,-0.025165546255544836,perceptual,IT,dctrained,ReLu7,-0.003664341833761452,941
3942,-0.024124715957185454,perceptual,IT,dctrained,ReLu7,-0.0041077688076803405,942
3943,-0.02361725080741651,perceptual,IT,dctrained,ReLu7,-0.004740174643349235,943
3944,0.0886781215638706,perceptual,IT,dctrained,ReLu7,0.014644814636653035,944
3945,0.0003190578388106636,perceptual,IT,dctrained,ReLu7,7.414536261091467e-05,945
3946,-0.013061114535895476,perceptual,IT,dctrained,ReLu7,-0.0017453958779213713,946
3947,0.03086684817705573,perceptual,IT,dctrained,ReLu7,0.005658067508715375,947
3948,-0.056511420076968126,perceptual,IT,dctrained,ReLu7,-0.006116773298445734,948
3949,-0.057734894954549316,perceptual,IT,dctrained,ReLu7,-0.00754020467268993,949
3950,0.018249292777928253,perceptual,IT,dctrained,ReLu7,0.002338712433628442,950
3951,-0.06580141373994888,perceptual,IT,dctrained,ReLu7,-0.007321504053914159,951
3952,-0.0019412832919368395,perceptual,IT,dctrained,ReLu7,-0.000284164857305768,952
3953,0.0635877286525691,perceptual,IT,dctrained,ReLu7,0.01123959098592374,953
3954,-0.0034177981020277084,perceptual,IT,dctrained,ReLu7,-0.0006124998322907128,954
3955,0.006892160086343896,perceptual,IT,dctrained,ReLu7,0.0011035062806680832,955
3956,-0.032708130772750005,perceptual,IT,dctrained,ReLu7,-0.0052585989225837505,956
3957,0.017964008525764488,perceptual,IT,dctrained,ReLu7,0.002348756258137425,957
3958,0.029222262048265227,perceptual,IT,dctrained,ReLu7,0.0054772183346887375,958
3959,-0.022783354329786485,perceptual,IT,dctrained,ReLu7,-0.0035916540253105624,959
3960,0.043518068632758415,perceptual,IT,dctrained,ReLu7,0.007727525976314417,960
3961,0.007542984695078165,perceptual,IT,dctrained,ReLu7,0.0012929058080702119,961
3962,0.09862377041803692,perceptual,IT,dctrained,ReLu7,0.015020508357801967,962
3963,0.015562510616529468,perceptual,IT,dctrained,ReLu7,0.0026223244537418346,963
3964,-0.03701953422590653,perceptual,IT,dctrained,ReLu7,-0.006514112157012492,964
3965,0.12848958059097082,perceptual,IT,dctrained,ReLu7,0.018816671810575433,965
3966,0.02772837410400576,perceptual,IT,dctrained,ReLu7,0.004644499696076609,966
3967,0.032593336379600546,perceptual,IT,dctrained,ReLu7,0.003971903320506551,967
3968,0.006898223667249246,perceptual,IT,dctrained,ReLu7,0.0012847758837569098,968
3969,-0.10447814998499134,perceptual,IT,dctrained,ReLu7,-0.014321558053898856,969
3970,0.02214647830669133,perceptual,IT,dctrained,ReLu7,0.004337060249258354,970
3971,-0.017525377671016258,perceptual,IT,dctrained,ReLu7,-0.003013115516216556,971
3972,0.035497527611811415,perceptual,IT,dctrained,ReLu7,0.006206166340233535,972
3973,-0.0005722680180594379,perceptual,IT,dctrained,ReLu7,-9.305363877195813e-05,973
3974,-0.02713452287906941,perceptual,IT,dctrained,ReLu7,-0.004141535753292465,974
3975,0.005700783744301489,perceptual,IT,dctrained,ReLu7,0.0012253503956153877,975
3976,0.04638263308315974,perceptual,IT,dctrained,ReLu7,0.008885549314056742,976
3977,0.06870487019955479,perceptual,IT,dctrained,ReLu7,0.010452178166289884,977
3978,0.04701968804986151,perceptual,IT,dctrained,ReLu7,0.00710289184197388,978
3979,0.14002256496257914,perceptual,IT,dctrained,ReLu7,0.02042387387461559,979
3980,0.021216541588668692,perceptual,IT,dctrained,ReLu7,0.003044603823594413,980
3981,-0.0039604239723532554,perceptual,IT,dctrained,ReLu7,-0.0006378304721358953,981
3982,-0.017721937382858093,perceptual,IT,dctrained,ReLu7,-0.003162020675320173,982
3983,0.012197409807952824,perceptual,IT,dctrained,ReLu7,0.0019143573794854485,983
3984,0.07624329045716836,perceptual,IT,dctrained,ReLu7,0.01069210974737978,984
3985,0.009296129224337073,perceptual,IT,dctrained,ReLu7,0.0012892364113844222,985
3986,0.1547572587809754,perceptual,IT,dctrained,ReLu7,0.015095630118363238,986
3987,0.042403102605669686,perceptual,IT,dctrained,ReLu7,0.007097153924293692,987
3988,0.06625200947689514,perceptual,IT,dctrained,ReLu7,0.010632580363725157,988
3989,0.01996172207800993,perceptual,IT,dctrained,ReLu7,0.004591522739946376,989
3990,-0.05996333564127943,perceptual,IT,dctrained,ReLu7,-0.011351025372461701,990
3991,-0.06898897456861826,perceptual,IT,dctrained,ReLu7,-0.01148805476434676,991
3992,0.053844157880671435,perceptual,IT,dctrained,ReLu7,0.00783446566380206,992
3993,-0.06496323316628871,perceptual,IT,dctrained,ReLu7,-0.01239889679040998,993
3994,-0.06445841051330549,perceptual,IT,dctrained,ReLu7,-0.012143040516550668,994
3995,0.03679217783227258,perceptual,IT,dctrained,ReLu7,0.00584307373507607,995
3996,-0.08019443793464105,perceptual,IT,dctrained,ReLu7,-0.014576393626612007,996
3997,-0.028645123388466222,perceptual,IT,dctrained,ReLu7,-0.003917954564911437,997
3998,-0.019987954255526855,perceptual,IT,dctrained,ReLu7,-0.002648841119706997,998
3999,0.003242594238533024,perceptual,IT,dctrained,ReLu7,0.0005588601585302007,999
4000,0.20881526916090978,perceptual,IT,alexnettrained,ReLu2,0.018033841351754527,0
4001,0.1918533135239088,perceptual,IT,alexnettrained,ReLu2,0.01636927218213503,1
4002,0.19201483809584452,perceptual,IT,alexnettrained,ReLu2,0.016487156894120746,2
4003,0.3343963400786666,perceptual,IT,alexnettrained,ReLu2,0.029487214052058165,3
4004,0.2538406317610813,perceptual,IT,alexnettrained,ReLu2,0.02683284380568296,4
4005,0.16986793519735763,perceptual,IT,alexnettrained,ReLu2,0.012562085285477151,5
4006,0.2380781901368057,perceptual,IT,alexnettrained,ReLu2,0.031268705078884115,6
4007,0.2808395950219067,perceptual,IT,alexnettrained,ReLu2,0.028091799553135673,7
4008,0.4055436956522534,perceptual,IT,alexnettrained,ReLu2,0.033386935228382625,8
4009,0.3180695817244171,perceptual,IT,alexnettrained,ReLu2,0.03490532371273003,9
4010,0.27307405926742745,perceptual,IT,alexnettrained,ReLu2,0.023293835991847207,10
4011,0.2583207007344008,perceptual,IT,alexnettrained,ReLu2,0.03384550463074095,11
4012,0.23848730593179668,perceptual,IT,alexnettrained,ReLu2,0.03379843766022791,12
4013,0.24469288908132136,perceptual,IT,alexnettrained,ReLu2,0.01657961135555009,13
4014,0.32288339495354984,perceptual,IT,alexnettrained,ReLu2,0.027766973712157934,14
4015,0.36774941669232275,perceptual,IT,alexnettrained,ReLu2,0.02842626634503525,15
4016,0.28859918913617016,perceptual,IT,alexnettrained,ReLu2,0.026560629027825407,16
4017,0.17732673190622192,perceptual,IT,alexnettrained,ReLu2,0.014093091906278318,17
4018,0.23337511250796078,perceptual,IT,alexnettrained,ReLu2,0.02093942865617491,18
4019,0.27863836711128603,perceptual,IT,alexnettrained,ReLu2,0.026098281750034598,19
4020,0.19527141093737468,perceptual,IT,alexnettrained,ReLu2,0.01690667118525943,20
4021,0.23107059334773428,perceptual,IT,alexnettrained,ReLu2,0.021259270262892288,21
4022,0.5029569848265779,perceptual,IT,alexnettrained,ReLu2,0.03438585336763862,22
4023,0.25700056582773195,perceptual,IT,alexnettrained,ReLu2,0.03177584734527428,23
4024,0.1908835048265347,perceptual,IT,alexnettrained,ReLu2,0.017889146852197356,24
4025,0.24577430277944148,perceptual,IT,alexnettrained,ReLu2,0.024862026487534952,25
4026,0.42160922485409896,perceptual,IT,alexnettrained,ReLu2,0.03334630331893449,26
4027,0.35816476036626205,perceptual,IT,alexnettrained,ReLu2,0.027028396342338452,27
4028,0.3988496121737305,perceptual,IT,alexnettrained,ReLu2,0.03629602564116921,28
4029,0.37574255730630235,perceptual,IT,alexnettrained,ReLu2,0.024611155514310368,29
4030,0.3185052867918139,perceptual,IT,alexnettrained,ReLu2,0.0236418011239898,30
4031,0.25461061692651454,perceptual,IT,alexnettrained,ReLu2,0.023212913705482743,31
4032,0.1963708733578703,perceptual,IT,alexnettrained,ReLu2,0.017776755979288968,32
4033,0.2878037306638104,perceptual,IT,alexnettrained,ReLu2,0.027884077740310424,33
4034,0.30457200044167626,perceptual,IT,alexnettrained,ReLu2,0.02686936690667741,34
4035,0.39656721280824264,perceptual,IT,alexnettrained,ReLu2,0.027741494108506435,35
4036,0.39078939570036647,perceptual,IT,alexnettrained,ReLu2,0.0340120960877735,36
4037,0.272224310461678,perceptual,IT,alexnettrained,ReLu2,0.021090188883883934,37
4038,0.26353235075336945,perceptual,IT,alexnettrained,ReLu2,0.019924664842384095,38
4039,0.3959630280328906,perceptual,IT,alexnettrained,ReLu2,0.03399020488204235,39
4040,0.32251551704807807,perceptual,IT,alexnettrained,ReLu2,0.03299768589232517,40
4041,0.29361807106910404,perceptual,IT,alexnettrained,ReLu2,0.026377639708819192,41
4042,0.3071829286069306,perceptual,IT,alexnettrained,ReLu2,0.029717377065548604,42
4043,0.30635375957599537,perceptual,IT,alexnettrained,ReLu2,0.03457774041675342,43
4044,0.1311818780403867,perceptual,IT,alexnettrained,ReLu2,0.011213993911203243,44
4045,0.2352839636911775,perceptual,IT,alexnettrained,ReLu2,0.023971285917511746,45
4046,0.3421609065984926,perceptual,IT,alexnettrained,ReLu2,0.028285962267142774,46
4047,0.31653775862837147,perceptual,IT,alexnettrained,ReLu2,0.018019366013211652,47
4048,0.30267088220362653,perceptual,IT,alexnettrained,ReLu2,0.0332776629629615,48
4049,0.2395711336292927,perceptual,IT,alexnettrained,ReLu2,0.025443950026666686,49
4050,0.11470046594680552,perceptual,IT,alexnettrained,ReLu2,0.007959641824439808,50
4051,0.44950918716696325,perceptual,IT,alexnettrained,ReLu2,0.03387146508627882,51
4052,0.3104951787658097,perceptual,IT,alexnettrained,ReLu2,0.02288188741387922,52
4053,0.2112549134333601,perceptual,IT,alexnettrained,ReLu2,0.019863585711757906,53
4054,0.3424511459525534,perceptual,IT,alexnettrained,ReLu2,0.026737604678921188,54
4055,0.3039932978546028,perceptual,IT,alexnettrained,ReLu2,0.027032728830026158,55
4056,0.34320417557776234,perceptual,IT,alexnettrained,ReLu2,0.03470460494229598,56
4057,0.27347396179238975,perceptual,IT,alexnettrained,ReLu2,0.024660804178678282,57
4058,0.18153580003287004,perceptual,IT,alexnettrained,ReLu2,0.016149831913325828,58
4059,0.38373986023110507,perceptual,IT,alexnettrained,ReLu2,0.03066113543920787,59
4060,0.2419160095432627,perceptual,IT,alexnettrained,ReLu2,0.02266604962749086,60
4061,0.45906619786479347,perceptual,IT,alexnettrained,ReLu2,0.02187435632081958,61
4062,0.3241483479308322,perceptual,IT,alexnettrained,ReLu2,0.03013566282721308,62
4063,0.1582431849264464,perceptual,IT,alexnettrained,ReLu2,0.020007232051143332,63
4064,0.18198796751261145,perceptual,IT,alexnettrained,ReLu2,0.017417953694017607,64
4065,0.2681704437326131,perceptual,IT,alexnettrained,ReLu2,0.02365934145230919,65
4066,0.2028551753009656,perceptual,IT,alexnettrained,ReLu2,0.020912377057179132,66
4067,0.28617418936068534,perceptual,IT,alexnettrained,ReLu2,0.025461655954728615,67
4068,0.24405976902772475,perceptual,IT,alexnettrained,ReLu2,0.030820509984359853,68
4069,0.3314092807598365,perceptual,IT,alexnettrained,ReLu2,0.03283739193873463,69
4070,0.3125178547361927,perceptual,IT,alexnettrained,ReLu2,0.024783583751053953,70
4071,0.28954997030598734,perceptual,IT,alexnettrained,ReLu2,0.026963564104929793,71
4072,0.2849011917850699,perceptual,IT,alexnettrained,ReLu2,0.027794504412289287,72
4073,0.08256536991853515,perceptual,IT,alexnettrained,ReLu2,0.008134454239119055,73
4074,0.3002770007688052,perceptual,IT,alexnettrained,ReLu2,0.04032378084823206,74
4075,0.5497164411912553,perceptual,IT,alexnettrained,ReLu2,0.035214049188241704,75
4076,0.3486986848865876,perceptual,IT,alexnettrained,ReLu2,0.01595208760211934,76
4077,0.2540618921471124,perceptual,IT,alexnettrained,ReLu2,0.02452068427777787,77
4078,0.2525341393906555,perceptual,IT,alexnettrained,ReLu2,0.028260153612183286,78
4079,0.3634798794020529,perceptual,IT,alexnettrained,ReLu2,0.019823478496003768,79
4080,0.43890343063434034,perceptual,IT,alexnettrained,ReLu2,0.031914177128699664,80
4081,0.33250148328462964,perceptual,IT,alexnettrained,ReLu2,0.03114603295500024,81
4082,0.31117705958696584,perceptual,IT,alexnettrained,ReLu2,0.029082879006046572,82
4083,0.23987637563980743,perceptual,IT,alexnettrained,ReLu2,0.018978816404416742,83
4084,0.23442967431946127,perceptual,IT,alexnettrained,ReLu2,0.02164728895321904,84
4085,0.516922530727799,perceptual,IT,alexnettrained,ReLu2,0.03785349984538514,85
4086,0.2205338619023711,perceptual,IT,alexnettrained,ReLu2,0.0181061458159992,86
4087,0.24127140503429562,perceptual,IT,alexnettrained,ReLu2,0.02051714011753096,87
4088,0.28068859576858496,perceptual,IT,alexnettrained,ReLu2,0.024072268636572317,88
4089,0.3302457512631825,perceptual,IT,alexnettrained,ReLu2,0.02515791414089056,89
4090,0.30619542842245845,perceptual,IT,alexnettrained,ReLu2,0.024502198418365713,90
4091,0.27903960613210765,perceptual,IT,alexnettrained,ReLu2,0.018186863158274155,91
4092,0.23080565270237594,perceptual,IT,alexnettrained,ReLu2,0.02082089967513518,92
4093,0.24109867517271277,perceptual,IT,alexnettrained,ReLu2,0.022526120525212908,93
4094,0.2312494466414815,perceptual,IT,alexnettrained,ReLu2,0.0247505263371843,94
4095,0.42199062787817926,perceptual,IT,alexnettrained,ReLu2,0.03015003473851905,95
4096,0.3236045841145153,perceptual,IT,alexnettrained,ReLu2,0.028369888022400272,96
4097,0.2100497967875821,perceptual,IT,alexnettrained,ReLu2,0.020420373896093615,97
4098,0.21494816906099004,perceptual,IT,alexnettrained,ReLu2,0.018977541847207405,98
4099,0.23917866840163118,perceptual,IT,alexnettrained,ReLu2,0.01921282707417358,99
4100,0.3266893666969667,perceptual,IT,alexnettrained,ReLu2,0.02415707373761218,100
4101,0.43970784619985326,perceptual,IT,alexnettrained,ReLu2,0.03384853725519083,101
4102,0.41776261675713405,perceptual,IT,alexnettrained,ReLu2,0.033065127708618684,102
4103,0.31512322571540674,perceptual,IT,alexnettrained,ReLu2,0.02249673520442476,103
4104,0.2424282476745819,perceptual,IT,alexnettrained,ReLu2,0.021539799611231807,104
4105,0.27302916436469976,perceptual,IT,alexnettrained,ReLu2,0.017614635337302433,105
4106,0.31248504007061567,perceptual,IT,alexnettrained,ReLu2,0.024336441025656325,106
4107,0.2118202423842514,perceptual,IT,alexnettrained,ReLu2,0.021869334965312893,107
4108,0.29095946398925926,perceptual,IT,alexnettrained,ReLu2,0.0202564810128023,108
4109,0.3867525049392427,perceptual,IT,alexnettrained,ReLu2,0.038272142874783185,109
4110,0.23655276808829795,perceptual,IT,alexnettrained,ReLu2,0.02233922119531695,110
4111,0.2139556580383397,perceptual,IT,alexnettrained,ReLu2,0.019178544377684126,111
4112,0.4206471097055698,perceptual,IT,alexnettrained,ReLu2,0.03049117988196893,112
4113,0.2148920197869152,perceptual,IT,alexnettrained,ReLu2,0.01788948184107074,113
4114,0.24296436367862387,perceptual,IT,alexnettrained,ReLu2,0.016043817791335256,114
4115,0.137914727597408,perceptual,IT,alexnettrained,ReLu2,0.008692299958658698,115
4116,0.31499391702183005,perceptual,IT,alexnettrained,ReLu2,0.021501307499627156,116
4117,0.27883724667425286,perceptual,IT,alexnettrained,ReLu2,0.02531998357107316,117
4118,0.19772549263236153,perceptual,IT,alexnettrained,ReLu2,0.019462277385550727,118
4119,0.4542308804283887,perceptual,IT,alexnettrained,ReLu2,0.038255810202278244,119
4120,0.2949525247923981,perceptual,IT,alexnettrained,ReLu2,0.02649809094496121,120
4121,0.3241216284788258,perceptual,IT,alexnettrained,ReLu2,0.029910710632540638,121
4122,0.21343542638501178,perceptual,IT,alexnettrained,ReLu2,0.020512645457391954,122
4123,0.1742799433910612,perceptual,IT,alexnettrained,ReLu2,0.016764090100563234,123
4124,0.2617080166234934,perceptual,IT,alexnettrained,ReLu2,0.011538972912326253,124
4125,0.16755415588012576,perceptual,IT,alexnettrained,ReLu2,0.015178204864262666,125
4126,0.2956320774148858,perceptual,IT,alexnettrained,ReLu2,0.030872760707857987,126
4127,0.5514108457427469,perceptual,IT,alexnettrained,ReLu2,0.026752523537496846,127
4128,0.4075850574731437,perceptual,IT,alexnettrained,ReLu2,0.03665998920828815,128
4129,0.36441362089389845,perceptual,IT,alexnettrained,ReLu2,0.04155372745038934,129
4130,0.3429458455420172,perceptual,IT,alexnettrained,ReLu2,0.029679295320796523,130
4131,0.26815184992989005,perceptual,IT,alexnettrained,ReLu2,0.022858477196259143,131
4132,0.20988512337752038,perceptual,IT,alexnettrained,ReLu2,0.01648361172667083,132
4133,0.11541725940049888,perceptual,IT,alexnettrained,ReLu2,0.010941086706629915,133
4134,0.29601719347664196,perceptual,IT,alexnettrained,ReLu2,0.021968737091265275,134
4135,0.16060659069499558,perceptual,IT,alexnettrained,ReLu2,0.017276145748871173,135
4136,0.3102956911805583,perceptual,IT,alexnettrained,ReLu2,0.03532803554212243,136
4137,0.18067163231691627,perceptual,IT,alexnettrained,ReLu2,0.016145547693055866,137
4138,0.244661680865135,perceptual,IT,alexnettrained,ReLu2,0.02037865364000207,138
4139,0.24195886972658948,perceptual,IT,alexnettrained,ReLu2,0.018882342682738033,139
4140,0.266590640619378,perceptual,IT,alexnettrained,ReLu2,0.019761622979025704,140
4141,0.17257223488447232,perceptual,IT,alexnettrained,ReLu2,0.016092391652993462,141
4142,0.22873218825377892,perceptual,IT,alexnettrained,ReLu2,0.020866353731951788,142
4143,0.24342568249948288,perceptual,IT,alexnettrained,ReLu2,0.022565927915380136,143
4144,0.37216911909490746,perceptual,IT,alexnettrained,ReLu2,0.03644486219876627,144
4145,0.36007755685668863,perceptual,IT,alexnettrained,ReLu2,0.03301273214067565,145
4146,0.25077918664808696,perceptual,IT,alexnettrained,ReLu2,0.02247570516396545,146
4147,0.35325890869423154,perceptual,IT,alexnettrained,ReLu2,0.036242652969491244,147
4148,0.22333750361240712,perceptual,IT,alexnettrained,ReLu2,0.020113759375386415,148
4149,0.17556087469863615,perceptual,IT,alexnettrained,ReLu2,0.011947547449597416,149
4150,0.3485139584058984,perceptual,IT,alexnettrained,ReLu2,0.03492830010715027,150
4151,0.2636389564547623,perceptual,IT,alexnettrained,ReLu2,0.02363290415940131,151
4152,0.29380773616033096,perceptual,IT,alexnettrained,ReLu2,0.02602382761112804,152
4153,0.17923377220771516,perceptual,IT,alexnettrained,ReLu2,0.016652513219329958,153
4154,0.4905721561362879,perceptual,IT,alexnettrained,ReLu2,0.0370530269731669,154
4155,0.3870739676869526,perceptual,IT,alexnettrained,ReLu2,0.02987103123337543,155
4156,0.2906267822438073,perceptual,IT,alexnettrained,ReLu2,0.025725697228288078,156
4157,0.3164804264226259,perceptual,IT,alexnettrained,ReLu2,0.02284088107014862,157
4158,0.14619941083953436,perceptual,IT,alexnettrained,ReLu2,0.01612098635472598,158
4159,0.36590388057936285,perceptual,IT,alexnettrained,ReLu2,0.027213719245994725,159
4160,0.24207526366033613,perceptual,IT,alexnettrained,ReLu2,0.01945962266753457,160
4161,0.36989414817873767,perceptual,IT,alexnettrained,ReLu2,0.0340259426235831,161
4162,0.17441069472362938,perceptual,IT,alexnettrained,ReLu2,0.015096483881948102,162
4163,0.22029832990262946,perceptual,IT,alexnettrained,ReLu2,0.018771598175217383,163
4164,0.20874577987408433,perceptual,IT,alexnettrained,ReLu2,0.02317873939309637,164
4165,0.3291226910868159,perceptual,IT,alexnettrained,ReLu2,0.023016601715050426,165
4166,0.3622549846501453,perceptual,IT,alexnettrained,ReLu2,0.025792043771953755,166
4167,0.20098172781138615,perceptual,IT,alexnettrained,ReLu2,0.01778046558068002,167
4168,0.16923922660034812,perceptual,IT,alexnettrained,ReLu2,0.011961365138973959,168
4169,0.2946024557035008,perceptual,IT,alexnettrained,ReLu2,0.027482752117039544,169
4170,0.389213829527665,perceptual,IT,alexnettrained,ReLu2,0.03189199877300752,170
4171,0.19814712808317198,perceptual,IT,alexnettrained,ReLu2,0.014083057948661576,171
4172,0.4269142356158585,perceptual,IT,alexnettrained,ReLu2,0.03571172995695197,172
4173,0.17197097051659413,perceptual,IT,alexnettrained,ReLu2,0.01253114645850376,173
4174,0.32376784978355855,perceptual,IT,alexnettrained,ReLu2,0.022125090446099366,174
4175,0.389416298577846,perceptual,IT,alexnettrained,ReLu2,0.030887455771044466,175
4176,0.38271093524097616,perceptual,IT,alexnettrained,ReLu2,0.028341357763905613,176
4177,0.13600939530098516,perceptual,IT,alexnettrained,ReLu2,0.011366740703259187,177
4178,0.24666312759961376,perceptual,IT,alexnettrained,ReLu2,0.02084896591710788,178
4179,0.3849588843830195,perceptual,IT,alexnettrained,ReLu2,0.022370998019883792,179
4180,0.23316796601452414,perceptual,IT,alexnettrained,ReLu2,0.018718050235378363,180
4181,0.21061995686489698,perceptual,IT,alexnettrained,ReLu2,0.01675350704725677,181
4182,0.27471572396600435,perceptual,IT,alexnettrained,ReLu2,0.03107125866179792,182
4183,0.22282320826993066,perceptual,IT,alexnettrained,ReLu2,0.018136428859520652,183
4184,0.16376361171711237,perceptual,IT,alexnettrained,ReLu2,0.014355481011174523,184
4185,0.3178806060551744,perceptual,IT,alexnettrained,ReLu2,0.03656618604177952,185
4186,0.3118271608180836,perceptual,IT,alexnettrained,ReLu2,0.032110036790719325,186
4187,0.3785450503933836,perceptual,IT,alexnettrained,ReLu2,0.02944968286572762,187
4188,0.17275561468017558,perceptual,IT,alexnettrained,ReLu2,0.02089958528770475,188
4189,0.35836306636083254,perceptual,IT,alexnettrained,ReLu2,0.04269798192590679,189
4190,0.41252618218567694,perceptual,IT,alexnettrained,ReLu2,0.020069719203009553,190
4191,0.3241727898792128,perceptual,IT,alexnettrained,ReLu2,0.02686121543892516,191
4192,0.32682990184778,perceptual,IT,alexnettrained,ReLu2,0.032126860978459654,192
4193,0.26373399921659746,perceptual,IT,alexnettrained,ReLu2,0.030107424261497186,193
4194,0.3819589648703163,perceptual,IT,alexnettrained,ReLu2,0.028661379332271496,194
4195,0.458744958832743,perceptual,IT,alexnettrained,ReLu2,0.030737152909265066,195
4196,0.13209476255860353,perceptual,IT,alexnettrained,ReLu2,0.010652029525222378,196
4197,0.3025036298998297,perceptual,IT,alexnettrained,ReLu2,0.026574567610156034,197
4198,0.2891048705041549,perceptual,IT,alexnettrained,ReLu2,0.017490720093447647,198
4199,0.20361968623348184,perceptual,IT,alexnettrained,ReLu2,0.01879762219629185,199
4200,0.28560032338849445,perceptual,IT,alexnettrained,ReLu2,0.02668167914022025,200
4201,0.23838276870868505,perceptual,IT,alexnettrained,ReLu2,0.0167306881517416,201
4202,0.17359217149071068,perceptual,IT,alexnettrained,ReLu2,0.01806734218700481,202
4203,0.2048100321912654,perceptual,IT,alexnettrained,ReLu2,0.01807710768737056,203
4204,0.25993512149661324,perceptual,IT,alexnettrained,ReLu2,0.024370746016116576,204
4205,0.36024324779072375,perceptual,IT,alexnettrained,ReLu2,0.02265120869522433,205
4206,0.22841092289836773,perceptual,IT,alexnettrained,ReLu2,0.022725876496389484,206
4207,0.22969964268197043,perceptual,IT,alexnettrained,ReLu2,0.020471314141388138,207
4208,0.3114822553143364,perceptual,IT,alexnettrained,ReLu2,0.03264760917611441,208
4209,0.1999403143594298,perceptual,IT,alexnettrained,ReLu2,0.01657326265215795,209
4210,0.3444504722556378,perceptual,IT,alexnettrained,ReLu2,0.027118199505081854,210
4211,0.2018631552453937,perceptual,IT,alexnettrained,ReLu2,0.020554411467055455,211
4212,0.46827752325324445,perceptual,IT,alexnettrained,ReLu2,0.039613245912986754,212
4213,0.38457740298353826,perceptual,IT,alexnettrained,ReLu2,0.02267203941608871,213
4214,0.16309932551638,perceptual,IT,alexnettrained,ReLu2,0.01473523783268707,214
4215,0.2762788126663065,perceptual,IT,alexnettrained,ReLu2,0.021982163198472463,215
4216,0.25846164349997836,perceptual,IT,alexnettrained,ReLu2,0.02263000475902021,216
4217,0.2665171603618565,perceptual,IT,alexnettrained,ReLu2,0.018949894903674443,217
4218,0.2764505383513034,perceptual,IT,alexnettrained,ReLu2,0.02802303804853106,218
4219,0.204130355823837,perceptual,IT,alexnettrained,ReLu2,0.02185986567538586,219
4220,0.3770054286824436,perceptual,IT,alexnettrained,ReLu2,0.02657029317353795,220
4221,0.384137735866039,perceptual,IT,alexnettrained,ReLu2,0.030642234640217363,221
4222,0.21428326679776674,perceptual,IT,alexnettrained,ReLu2,0.01634248530870957,222
4223,0.19480315267250622,perceptual,IT,alexnettrained,ReLu2,0.018791379057209758,223
4224,0.21146393895890958,perceptual,IT,alexnettrained,ReLu2,0.016514635662288262,224
4225,0.2837791521467222,perceptual,IT,alexnettrained,ReLu2,0.03553502836431006,225
4226,0.4917961479707372,perceptual,IT,alexnettrained,ReLu2,0.026317907352061104,226
4227,0.1873352493378573,perceptual,IT,alexnettrained,ReLu2,0.016529106778728334,227
4228,0.17074730218804185,perceptual,IT,alexnettrained,ReLu2,0.018653610607060195,228
4229,0.3265791386418971,perceptual,IT,alexnettrained,ReLu2,0.016107243594443918,229
4230,0.28397629464215296,perceptual,IT,alexnettrained,ReLu2,0.01628517149808696,230
4231,0.3925886702099917,perceptual,IT,alexnettrained,ReLu2,0.030076631734828517,231
4232,0.3146852986090963,perceptual,IT,alexnettrained,ReLu2,0.03108221665192641,232
4233,0.25381466874874514,perceptual,IT,alexnettrained,ReLu2,0.022712312529138357,233
4234,0.496108188691735,perceptual,IT,alexnettrained,ReLu2,0.027821571387716987,234
4235,0.1851800246982119,perceptual,IT,alexnettrained,ReLu2,0.014096157955237495,235
4236,0.2593050047303519,perceptual,IT,alexnettrained,ReLu2,0.02593828707235368,236
4237,0.306593278403197,perceptual,IT,alexnettrained,ReLu2,0.028290418737648038,237
4238,0.25285850840478874,perceptual,IT,alexnettrained,ReLu2,0.020351761457682627,238
4239,0.19172752613996658,perceptual,IT,alexnettrained,ReLu2,0.02635818964596503,239
4240,0.27016993600844036,perceptual,IT,alexnettrained,ReLu2,0.019270717722894053,240
4241,0.2416837515641023,perceptual,IT,alexnettrained,ReLu2,0.019515215994673485,241
4242,0.2960820268076814,perceptual,IT,alexnettrained,ReLu2,0.03148202399662526,242
4243,0.39515274165919934,perceptual,IT,alexnettrained,ReLu2,0.017316515309276276,243
4244,0.3313398838307862,perceptual,IT,alexnettrained,ReLu2,0.025957279024507996,244
4245,0.39907468331453105,perceptual,IT,alexnettrained,ReLu2,0.028749985385262994,245
4246,0.18958039197051701,perceptual,IT,alexnettrained,ReLu2,0.022646131004185725,246
4247,0.29712707939891314,perceptual,IT,alexnettrained,ReLu2,0.02078713908338713,247
4248,0.3146914732129996,perceptual,IT,alexnettrained,ReLu2,0.028923257235352648,248
4249,0.3761441161619865,perceptual,IT,alexnettrained,ReLu2,0.03514908512469564,249
4250,0.2835785423627135,perceptual,IT,alexnettrained,ReLu2,0.02476551975793916,250
4251,0.15354677152750676,perceptual,IT,alexnettrained,ReLu2,0.010506466039710869,251
4252,0.1589017772374113,perceptual,IT,alexnettrained,ReLu2,0.01465509862960167,252
4253,0.27954748266195134,perceptual,IT,alexnettrained,ReLu2,0.0240105746685729,253
4254,0.25748825369754935,perceptual,IT,alexnettrained,ReLu2,0.021396673580692787,254
4255,0.2051436152354926,perceptual,IT,alexnettrained,ReLu2,0.01813284689604266,255
4256,0.2105928235576881,perceptual,IT,alexnettrained,ReLu2,0.018509711638051464,256
4257,0.4174137464292169,perceptual,IT,alexnettrained,ReLu2,0.031681398498486696,257
4258,0.2638193999150755,perceptual,IT,alexnettrained,ReLu2,0.025657141121816735,258
4259,0.23305753818247624,perceptual,IT,alexnettrained,ReLu2,0.029877428747249593,259
4260,0.21792749891736912,perceptual,IT,alexnettrained,ReLu2,0.021185563800115468,260
4261,0.24773712987961943,perceptual,IT,alexnettrained,ReLu2,0.02680745978029425,261
4262,0.2096023553712266,perceptual,IT,alexnettrained,ReLu2,0.013229333979801076,262
4263,0.18418606797838916,perceptual,IT,alexnettrained,ReLu2,0.016558037894827654,263
4264,0.3415424448192731,perceptual,IT,alexnettrained,ReLu2,0.03058434117736483,264
4265,0.44506186780871204,perceptual,IT,alexnettrained,ReLu2,0.04030055363617793,265
4266,0.2132079666334443,perceptual,IT,alexnettrained,ReLu2,0.024702399032018228,266
4267,0.41907440486001996,perceptual,IT,alexnettrained,ReLu2,0.024184377480320783,267
4268,0.3860086389568137,perceptual,IT,alexnettrained,ReLu2,0.029497936499311483,268
4269,0.2732952735423943,perceptual,IT,alexnettrained,ReLu2,0.024154571681017836,269
4270,0.26708586126602096,perceptual,IT,alexnettrained,ReLu2,0.027444641458519013,270
4271,0.3093378154448993,perceptual,IT,alexnettrained,ReLu2,0.02263436418956845,271
4272,0.23110412148265377,perceptual,IT,alexnettrained,ReLu2,0.01745709173588677,272
4273,0.31010744763375453,perceptual,IT,alexnettrained,ReLu2,0.028222323676082017,273
4274,0.3333410322789254,perceptual,IT,alexnettrained,ReLu2,0.019775442961219504,274
4275,0.14170017358927564,perceptual,IT,alexnettrained,ReLu2,0.015835047221146755,275
4276,0.16664199914797406,perceptual,IT,alexnettrained,ReLu2,0.016382939741016365,276
4277,0.21433871137353827,perceptual,IT,alexnettrained,ReLu2,0.022763956851665247,277
4278,0.2891055298361449,perceptual,IT,alexnettrained,ReLu2,0.026793933440650224,278
4279,0.24336623484116934,perceptual,IT,alexnettrained,ReLu2,0.028476613458697016,279
4280,0.3340376417217462,perceptual,IT,alexnettrained,ReLu2,0.019481864094117816,280
4281,0.3449733874279098,perceptual,IT,alexnettrained,ReLu2,0.031773486953458475,281
4282,0.3088935498760319,perceptual,IT,alexnettrained,ReLu2,0.019155065824478706,282
4283,0.3184935765643016,perceptual,IT,alexnettrained,ReLu2,0.0330026092817336,283
4284,0.2988048185545302,perceptual,IT,alexnettrained,ReLu2,0.03179194207046854,284
4285,0.30811539561832285,perceptual,IT,alexnettrained,ReLu2,0.028754860313596246,285
4286,0.34381858366933893,perceptual,IT,alexnettrained,ReLu2,0.032814245005074766,286
4287,0.2952263243978593,perceptual,IT,alexnettrained,ReLu2,0.024827297824981047,287
4288,0.2014150889199267,perceptual,IT,alexnettrained,ReLu2,0.01931800924853743,288
4289,0.2948950997983287,perceptual,IT,alexnettrained,ReLu2,0.022483697252942646,289
4290,0.24677113614023746,perceptual,IT,alexnettrained,ReLu2,0.01886818473612384,290
4291,0.3565330221919312,perceptual,IT,alexnettrained,ReLu2,0.03470864331087331,291
4292,0.4953889870388202,perceptual,IT,alexnettrained,ReLu2,0.025872873620803365,292
4293,0.24631014271112003,perceptual,IT,alexnettrained,ReLu2,0.023722410927893567,293
4294,0.26614124157856495,perceptual,IT,alexnettrained,ReLu2,0.02310191613515426,294
4295,0.30525098773801185,perceptual,IT,alexnettrained,ReLu2,0.022938002723476316,295
4296,0.24742681496127045,perceptual,IT,alexnettrained,ReLu2,0.023922937952846023,296
4297,0.4480330824219002,perceptual,IT,alexnettrained,ReLu2,0.045639425773124194,297
4298,0.22361481735450844,perceptual,IT,alexnettrained,ReLu2,0.017699001394301438,298
4299,0.3653216647276587,perceptual,IT,alexnettrained,ReLu2,0.02995846576784786,299
4300,0.20718216041699095,perceptual,IT,alexnettrained,ReLu2,0.018180433178387204,300
4301,0.41687596525892173,perceptual,IT,alexnettrained,ReLu2,0.03196474874062003,301
4302,0.3351870030479443,perceptual,IT,alexnettrained,ReLu2,0.03316776942120943,302
4303,0.2936747627611488,perceptual,IT,alexnettrained,ReLu2,0.033486400904654746,303
4304,0.11614625162661243,perceptual,IT,alexnettrained,ReLu2,0.013274658105937018,304
4305,0.38808675266910886,perceptual,IT,alexnettrained,ReLu2,0.02453456700047436,305
4306,0.28860582820910574,perceptual,IT,alexnettrained,ReLu2,0.02383639712408463,306
4307,0.2751180971483175,perceptual,IT,alexnettrained,ReLu2,0.03056687461502151,307
4308,0.3397112432588156,perceptual,IT,alexnettrained,ReLu2,0.03010863374408771,308
4309,0.1229193135519058,perceptual,IT,alexnettrained,ReLu2,0.01034340539305471,309
4310,0.22444917296801298,perceptual,IT,alexnettrained,ReLu2,0.02416288907072777,310
4311,0.21337375035005718,perceptual,IT,alexnettrained,ReLu2,0.017460707893786644,311
4312,0.1908133721644745,perceptual,IT,alexnettrained,ReLu2,0.014365492111562276,312
4313,0.3222266678789178,perceptual,IT,alexnettrained,ReLu2,0.024546990134639297,313
4314,0.15600016520373403,perceptual,IT,alexnettrained,ReLu2,0.015437494986076453,314
4315,0.367685577437525,perceptual,IT,alexnettrained,ReLu2,0.024683998157209185,315
4316,0.32719399636006496,perceptual,IT,alexnettrained,ReLu2,0.03404199754667846,316
4317,0.10454237915887231,perceptual,IT,alexnettrained,ReLu2,0.009173861684807345,317
4318,0.2846936317965822,perceptual,IT,alexnettrained,ReLu2,0.02526020785054642,318
4319,0.2431575942333207,perceptual,IT,alexnettrained,ReLu2,0.016560316217994073,319
4320,0.25057159964244125,perceptual,IT,alexnettrained,ReLu2,0.021902345341801317,320
4321,0.200717102174256,perceptual,IT,alexnettrained,ReLu2,0.023271250983806915,321
4322,0.3132304114425033,perceptual,IT,alexnettrained,ReLu2,0.022881948500152977,322
4323,0.14844108062803182,perceptual,IT,alexnettrained,ReLu2,0.011667795089264906,323
4324,0.29635138204138506,perceptual,IT,alexnettrained,ReLu2,0.026495499784273832,324
4325,0.1793923808898815,perceptual,IT,alexnettrained,ReLu2,0.017368673203622568,325
4326,0.46769895322772925,perceptual,IT,alexnettrained,ReLu2,0.04741547702065623,326
4327,0.12765483342843262,perceptual,IT,alexnettrained,ReLu2,0.010281715596130784,327
4328,0.3284369529979728,perceptual,IT,alexnettrained,ReLu2,0.02299696568737362,328
4329,0.20819853483576195,perceptual,IT,alexnettrained,ReLu2,0.020309419203670916,329
4330,0.3141365761273778,perceptual,IT,alexnettrained,ReLu2,0.0325727334106468,330
4331,0.23084997208281702,perceptual,IT,alexnettrained,ReLu2,0.02518419565243728,331
4332,0.24602219935919273,perceptual,IT,alexnettrained,ReLu2,0.022523360809195436,332
4333,0.3583183888968608,perceptual,IT,alexnettrained,ReLu2,0.041713986138778705,333
4334,0.4083664568798604,perceptual,IT,alexnettrained,ReLu2,0.03483445771911394,334
4335,0.28359650041131373,perceptual,IT,alexnettrained,ReLu2,0.024004373569631074,335
4336,0.1795491038596821,perceptual,IT,alexnettrained,ReLu2,0.017890174699663836,336
4337,0.2011980382216067,perceptual,IT,alexnettrained,ReLu2,0.019416326640058178,337
4338,0.26853798194854156,perceptual,IT,alexnettrained,ReLu2,0.02660176997856153,338
4339,0.19027105994437715,perceptual,IT,alexnettrained,ReLu2,0.01480909368693473,339
4340,0.4819048474512337,perceptual,IT,alexnettrained,ReLu2,0.03859523557047856,340
4341,0.31180668164315656,perceptual,IT,alexnettrained,ReLu2,0.034002451901559476,341
4342,0.5045134776811331,perceptual,IT,alexnettrained,ReLu2,0.0355415037205432,342
4343,0.33808952766150024,perceptual,IT,alexnettrained,ReLu2,0.016173495358807775,343
4344,0.3409801020310301,perceptual,IT,alexnettrained,ReLu2,0.03280442546197096,344
4345,0.24294666949054278,perceptual,IT,alexnettrained,ReLu2,0.025022305132872014,345
4346,0.18138266215540125,perceptual,IT,alexnettrained,ReLu2,0.019074422314478548,346
4347,0.29023019361467545,perceptual,IT,alexnettrained,ReLu2,0.03844980689843686,347
4348,0.3237085309786595,perceptual,IT,alexnettrained,ReLu2,0.02551470925124342,348
4349,0.3817185590071421,perceptual,IT,alexnettrained,ReLu2,0.028478556128098142,349
4350,0.2712087441573652,perceptual,IT,alexnettrained,ReLu2,0.024612962495983312,350
4351,0.294108390156147,perceptual,IT,alexnettrained,ReLu2,0.023440454539390233,351
4352,0.2583171342768947,perceptual,IT,alexnettrained,ReLu2,0.022177040935579807,352
4353,0.14694264520395997,perceptual,IT,alexnettrained,ReLu2,0.013939539938864327,353
4354,0.33709716919442,perceptual,IT,alexnettrained,ReLu2,0.0242880698023893,354
4355,0.2763768480992946,perceptual,IT,alexnettrained,ReLu2,0.024365804641187174,355
4356,0.21045093144398294,perceptual,IT,alexnettrained,ReLu2,0.017220015398133275,356
4357,0.3492816029748887,perceptual,IT,alexnettrained,ReLu2,0.028287185746214236,357
4358,0.31159421640492935,perceptual,IT,alexnettrained,ReLu2,0.025130368691475065,358
4359,0.22108395549819074,perceptual,IT,alexnettrained,ReLu2,0.022507517356468693,359
4360,0.289821220026032,perceptual,IT,alexnettrained,ReLu2,0.02364092686712139,360
4361,0.2921863964784296,perceptual,IT,alexnettrained,ReLu2,0.025405962389597723,361
4362,0.2280227055471086,perceptual,IT,alexnettrained,ReLu2,0.02142832871031858,362
4363,0.3082953549832773,perceptual,IT,alexnettrained,ReLu2,0.020985848023893285,363
4364,0.28103318039640524,perceptual,IT,alexnettrained,ReLu2,0.023675510674989658,364
4365,0.4749293169780034,perceptual,IT,alexnettrained,ReLu2,0.04599662114945599,365
4366,0.3330664389590411,perceptual,IT,alexnettrained,ReLu2,0.031618095155772984,366
4367,0.23033646115632397,perceptual,IT,alexnettrained,ReLu2,0.02584773429346583,367
4368,0.4546910602171929,perceptual,IT,alexnettrained,ReLu2,0.030410497121578936,368
4369,0.28040357914319863,perceptual,IT,alexnettrained,ReLu2,0.019391436812066388,369
4370,0.2531226999084823,perceptual,IT,alexnettrained,ReLu2,0.018726365238070863,370
4371,0.38310049752385655,perceptual,IT,alexnettrained,ReLu2,0.026711859193016017,371
4372,0.23378775614204872,perceptual,IT,alexnettrained,ReLu2,0.020041855069073255,372
4373,0.03687665484494422,perceptual,IT,alexnettrained,ReLu2,0.003432316096881891,373
4374,0.19801044906037826,perceptual,IT,alexnettrained,ReLu2,0.011971660313822255,374
4375,0.3464816748529267,perceptual,IT,alexnettrained,ReLu2,0.032457272397772095,375
4376,0.38040282417684884,perceptual,IT,alexnettrained,ReLu2,0.03781084538208054,376
4377,0.14169737661324433,perceptual,IT,alexnettrained,ReLu2,0.014497751556766213,377
4378,0.343012165600363,perceptual,IT,alexnettrained,ReLu2,0.027366339385141075,378
4379,0.2461158105777881,perceptual,IT,alexnettrained,ReLu2,0.022730994656830837,379
4380,0.41401713711588417,perceptual,IT,alexnettrained,ReLu2,0.03199336839213732,380
4381,0.3179053559123957,perceptual,IT,alexnettrained,ReLu2,0.025854185667363902,381
4382,0.2671442468253696,perceptual,IT,alexnettrained,ReLu2,0.025174014460155023,382
4383,0.34133141698209335,perceptual,IT,alexnettrained,ReLu2,0.02634172126253389,383
4384,0.2875328297014583,perceptual,IT,alexnettrained,ReLu2,0.026430452650236188,384
4385,0.33328004930475263,perceptual,IT,alexnettrained,ReLu2,0.02733391636902195,385
4386,0.3266625718414812,perceptual,IT,alexnettrained,ReLu2,0.034283552826102195,386
4387,0.21523191001109732,perceptual,IT,alexnettrained,ReLu2,0.028858295425931477,387
4388,0.1874696642169297,perceptual,IT,alexnettrained,ReLu2,0.016934192073753997,388
4389,0.21429281708979522,perceptual,IT,alexnettrained,ReLu2,0.015380694089406776,389
4390,0.18730259458300957,perceptual,IT,alexnettrained,ReLu2,0.017267460814572175,390
4391,0.15687683960288307,perceptual,IT,alexnettrained,ReLu2,0.014053255947224966,391
4392,0.13564259472594697,perceptual,IT,alexnettrained,ReLu2,0.01323448732550463,392
4393,0.38152732401477313,perceptual,IT,alexnettrained,ReLu2,0.03531041077904584,393
4394,0.33164833414898615,perceptual,IT,alexnettrained,ReLu2,0.018032735760685883,394
4395,0.22490875761622067,perceptual,IT,alexnettrained,ReLu2,0.022307953140172778,395
4396,0.2093958025830111,perceptual,IT,alexnettrained,ReLu2,0.01703827320373797,396
4397,0.2560933161062065,perceptual,IT,alexnettrained,ReLu2,0.0184980289145028,397
4398,0.16044931727822434,perceptual,IT,alexnettrained,ReLu2,0.015695727916389603,398
4399,0.38571636519608005,perceptual,IT,alexnettrained,ReLu2,0.03770082623238866,399
4400,0.24221190987923713,perceptual,IT,alexnettrained,ReLu2,0.02535406212917589,400
4401,0.22579306323104598,perceptual,IT,alexnettrained,ReLu2,0.020855835874561274,401
4402,0.25687390591004866,perceptual,IT,alexnettrained,ReLu2,0.02087400291531934,402
4403,0.23526605155768415,perceptual,IT,alexnettrained,ReLu2,0.017578698931772357,403
4404,0.28650263464620945,perceptual,IT,alexnettrained,ReLu2,0.019054003577857904,404
4405,0.2799876596255904,perceptual,IT,alexnettrained,ReLu2,0.02502125943672665,405
4406,0.2467154253595342,perceptual,IT,alexnettrained,ReLu2,0.03752755486130141,406
4407,0.21637180007870163,perceptual,IT,alexnettrained,ReLu2,0.017402160938182847,407
4408,0.30868497465995487,perceptual,IT,alexnettrained,ReLu2,0.02386854059443839,408
4409,0.2509585665651697,perceptual,IT,alexnettrained,ReLu2,0.02332565208728439,409
4410,0.28300353477755796,perceptual,IT,alexnettrained,ReLu2,0.021305357276461566,410
4411,0.23128682697846298,perceptual,IT,alexnettrained,ReLu2,0.028578173634245183,411
4412,0.2454274788030074,perceptual,IT,alexnettrained,ReLu2,0.022304963104048323,412
4413,0.32216415095127676,perceptual,IT,alexnettrained,ReLu2,0.028546471823317616,413
4414,0.2621590530860169,perceptual,IT,alexnettrained,ReLu2,0.021926936835634285,414
4415,0.20226283514810858,perceptual,IT,alexnettrained,ReLu2,0.01684537861040028,415
4416,0.29395393847896917,perceptual,IT,alexnettrained,ReLu2,0.030068327372031182,416
4417,0.3236313088103342,perceptual,IT,alexnettrained,ReLu2,0.030847655185874928,417
4418,0.3166144974195655,perceptual,IT,alexnettrained,ReLu2,0.026382152781360493,418
4419,0.1981793126216692,perceptual,IT,alexnettrained,ReLu2,0.013421776821629216,419
4420,0.3859439105746867,perceptual,IT,alexnettrained,ReLu2,0.03677928715972992,420
4421,0.22574347877160386,perceptual,IT,alexnettrained,ReLu2,0.021577989208261938,421
4422,0.49512886987319593,perceptual,IT,alexnettrained,ReLu2,0.028996855336879304,422
4423,0.32933648356579776,perceptual,IT,alexnettrained,ReLu2,0.03215237383034396,423
4424,0.18041492116393265,perceptual,IT,alexnettrained,ReLu2,0.016330663182702952,424
4425,0.28909121780608904,perceptual,IT,alexnettrained,ReLu2,0.0176545401044391,425
4426,0.36007568617384617,perceptual,IT,alexnettrained,ReLu2,0.02987230282091051,426
4427,0.2612937368402879,perceptual,IT,alexnettrained,ReLu2,0.01471788081835335,427
4428,0.2462960834258856,perceptual,IT,alexnettrained,ReLu2,0.02017170705288045,428
4429,0.186208512780952,perceptual,IT,alexnettrained,ReLu2,0.01190272245613952,429
4430,0.23621302341916067,perceptual,IT,alexnettrained,ReLu2,0.019055523990778856,430
4431,0.2094617053562616,perceptual,IT,alexnettrained,ReLu2,0.016687127896005467,431
4432,0.23926299962699749,perceptual,IT,alexnettrained,ReLu2,0.022870015576977105,432
4433,0.3209555415249444,perceptual,IT,alexnettrained,ReLu2,0.021722436887762892,433
4434,0.2399489319581848,perceptual,IT,alexnettrained,ReLu2,0.02128633553395658,434
4435,0.32479128593103646,perceptual,IT,alexnettrained,ReLu2,0.028104668740222875,435
4436,0.18930472285023045,perceptual,IT,alexnettrained,ReLu2,0.018284474629807534,436
4437,0.20707133219027662,perceptual,IT,alexnettrained,ReLu2,0.021891496307498936,437
4438,0.30016085348999977,perceptual,IT,alexnettrained,ReLu2,0.027156671996556785,438
4439,0.1460933639294882,perceptual,IT,alexnettrained,ReLu2,0.01466495301410689,439
4440,0.21920674705742293,perceptual,IT,alexnettrained,ReLu2,0.01816884878966004,440
4441,0.26530570113581786,perceptual,IT,alexnettrained,ReLu2,0.022797018453837442,441
4442,0.37538424569024575,perceptual,IT,alexnettrained,ReLu2,0.028948874208674143,442
4443,0.2615505433608996,perceptual,IT,alexnettrained,ReLu2,0.0220584087538069,443
4444,0.06559361312506827,perceptual,IT,alexnettrained,ReLu2,0.004929540309922268,444
4445,0.3464934879988464,perceptual,IT,alexnettrained,ReLu2,0.026906947014829073,445
4446,0.24263353418646663,perceptual,IT,alexnettrained,ReLu2,0.02794580658468813,446
4447,0.21063066414362755,perceptual,IT,alexnettrained,ReLu2,0.015471502964359535,447
4448,0.25946005510835984,perceptual,IT,alexnettrained,ReLu2,0.026687466892234647,448
4449,0.27289615193406136,perceptual,IT,alexnettrained,ReLu2,0.01934850816532387,449
4450,0.30768963562837753,perceptual,IT,alexnettrained,ReLu2,0.027864321571126623,450
4451,0.34095601929555613,perceptual,IT,alexnettrained,ReLu2,0.029489212974165773,451
4452,0.20226697721528264,perceptual,IT,alexnettrained,ReLu2,0.022071472925777616,452
4453,0.19223852296447672,perceptual,IT,alexnettrained,ReLu2,0.020353682898492237,453
4454,0.20596039040263125,perceptual,IT,alexnettrained,ReLu2,0.024368894739617928,454
4455,0.315901046093217,perceptual,IT,alexnettrained,ReLu2,0.027549647910898718,455
4456,0.04819898716872901,perceptual,IT,alexnettrained,ReLu2,0.00328209644158166,456
4457,0.4119250853534816,perceptual,IT,alexnettrained,ReLu2,0.025598400928523144,457
4458,0.1756707249676427,perceptual,IT,alexnettrained,ReLu2,0.014885124593508922,458
4459,0.3704556296257196,perceptual,IT,alexnettrained,ReLu2,0.03422172650919898,459
4460,0.333781253275654,perceptual,IT,alexnettrained,ReLu2,0.03651728343366634,460
4461,0.3531686111766275,perceptual,IT,alexnettrained,ReLu2,0.03234956724494449,461
4462,0.29574073624225583,perceptual,IT,alexnettrained,ReLu2,0.026067483128464426,462
4463,0.35270549530263606,perceptual,IT,alexnettrained,ReLu2,0.02123215194268383,463
4464,0.2904111540011879,perceptual,IT,alexnettrained,ReLu2,0.024713285320854626,464
4465,0.03679058579279546,perceptual,IT,alexnettrained,ReLu2,0.002633919554240389,465
4466,0.22762069330787066,perceptual,IT,alexnettrained,ReLu2,0.016054870088001286,466
4467,0.28223948277487715,perceptual,IT,alexnettrained,ReLu2,0.02476264041397473,467
4468,0.11319546238469401,perceptual,IT,alexnettrained,ReLu2,0.012866813921280619,468
4469,0.3924514425427751,perceptual,IT,alexnettrained,ReLu2,0.03839759753011158,469
4470,0.2518006766176607,perceptual,IT,alexnettrained,ReLu2,0.027111893755284854,470
4471,0.3629995577908177,perceptual,IT,alexnettrained,ReLu2,0.024411634685448973,471
4472,0.39707904935303595,perceptual,IT,alexnettrained,ReLu2,0.027449358624770537,472
4473,0.2911471701194733,perceptual,IT,alexnettrained,ReLu2,0.02540322743050282,473
4474,0.17938670833845072,perceptual,IT,alexnettrained,ReLu2,0.01625767931009449,474
4475,0.39095419671216264,perceptual,IT,alexnettrained,ReLu2,0.02982769446172752,475
4476,0.2305164593797947,perceptual,IT,alexnettrained,ReLu2,0.016300573872547054,476
4477,0.09067763535390075,perceptual,IT,alexnettrained,ReLu2,0.004756877212292777,477
4478,0.2769653734854435,perceptual,IT,alexnettrained,ReLu2,0.023011797988249944,478
4479,0.30434454041185166,perceptual,IT,alexnettrained,ReLu2,0.026890649602999944,479
4480,0.238025299118907,perceptual,IT,alexnettrained,ReLu2,0.027103195513904572,480
4481,0.30944265029667894,perceptual,IT,alexnettrained,ReLu2,0.027319658284897325,481
4482,0.14681464435183092,perceptual,IT,alexnettrained,ReLu2,0.013634802093437023,482
4483,0.4146197712158169,perceptual,IT,alexnettrained,ReLu2,0.027004353426769444,483
4484,0.2760060962115959,perceptual,IT,alexnettrained,ReLu2,0.023784567138686836,484
4485,0.4078715668562371,perceptual,IT,alexnettrained,ReLu2,0.036066278447224084,485
4486,0.4003638943727562,perceptual,IT,alexnettrained,ReLu2,0.023767124319638573,486
4487,0.3330641131125428,perceptual,IT,alexnettrained,ReLu2,0.03206159668029796,487
4488,0.27579057988699285,perceptual,IT,alexnettrained,ReLu2,0.025274319131073558,488
4489,0.2999246178135807,perceptual,IT,alexnettrained,ReLu2,0.021529625257854648,489
4490,0.3751254482913602,perceptual,IT,alexnettrained,ReLu2,0.032339945996420476,490
4491,0.25058223042355854,perceptual,IT,alexnettrained,ReLu2,0.021820306489420557,491
4492,0.16615310037494901,perceptual,IT,alexnettrained,ReLu2,0.01208714528471746,492
4493,0.3527422685073168,perceptual,IT,alexnettrained,ReLu2,0.03250108251069056,493
4494,0.37976328868196324,perceptual,IT,alexnettrained,ReLu2,0.04044187530155598,494
4495,0.32047347209079036,perceptual,IT,alexnettrained,ReLu2,0.026565651353393553,495
4496,0.2407616062241416,perceptual,IT,alexnettrained,ReLu2,0.027584403959895913,496
4497,0.3679399543973922,perceptual,IT,alexnettrained,ReLu2,0.02767294697707441,497
4498,0.19504910543552828,perceptual,IT,alexnettrained,ReLu2,0.022380207043439067,498
4499,0.289345196374811,perceptual,IT,alexnettrained,ReLu2,0.02265169948362889,499
4500,0.2625735868021672,perceptual,IT,alexnettrained,ReLu2,0.028381169569880033,500
4501,0.2234496169064784,perceptual,IT,alexnettrained,ReLu2,0.01893805646235825,501
4502,0.40134199786951713,perceptual,IT,alexnettrained,ReLu2,0.046813675127231905,502
4503,0.29203710136117295,perceptual,IT,alexnettrained,ReLu2,0.02246372119806582,503
4504,0.13464124552814005,perceptual,IT,alexnettrained,ReLu2,0.012718325268042938,504
4505,0.2242981820702592,perceptual,IT,alexnettrained,ReLu2,0.018152059454588212,505
4506,0.5880159051122519,perceptual,IT,alexnettrained,ReLu2,0.030759903462468777,506
4507,0.3062103474990094,perceptual,IT,alexnettrained,ReLu2,0.029688939932666594,507
4508,0.33692657230836376,perceptual,IT,alexnettrained,ReLu2,0.031010577108967468,508
4509,0.37760320200905817,perceptual,IT,alexnettrained,ReLu2,0.020986812090244326,509
4510,0.28067313366040453,perceptual,IT,alexnettrained,ReLu2,0.017257482322396732,510
4511,0.46380215666841323,perceptual,IT,alexnettrained,ReLu2,0.035265893474268055,511
4512,0.3723149869157379,perceptual,IT,alexnettrained,ReLu2,0.023736890326365313,512
4513,0.3612277708863187,perceptual,IT,alexnettrained,ReLu2,0.03476140487361041,513
4514,0.2072055535224276,perceptual,IT,alexnettrained,ReLu2,0.026696440604811404,514
4515,0.2847021731696344,perceptual,IT,alexnettrained,ReLu2,0.03397357344495092,515
4516,0.18624484830729782,perceptual,IT,alexnettrained,ReLu2,0.014735363416236815,516
4517,0.267242928250728,perceptual,IT,alexnettrained,ReLu2,0.029304426724837324,517
4518,0.24838582842987056,perceptual,IT,alexnettrained,ReLu2,0.02390727589354556,518
4519,0.22742022540331572,perceptual,IT,alexnettrained,ReLu2,0.018022752472896482,519
4520,0.21142144799093926,perceptual,IT,alexnettrained,ReLu2,0.01742981736137503,520
4521,0.3258742106223906,perceptual,IT,alexnettrained,ReLu2,0.02903649702936591,521
4522,0.2763143863097512,perceptual,IT,alexnettrained,ReLu2,0.019797027438582273,522
4523,0.39695781557130316,perceptual,IT,alexnettrained,ReLu2,0.03386638582538206,523
4524,0.3276536042685715,perceptual,IT,alexnettrained,ReLu2,0.02574841796460949,524
4525,0.4123829114674891,perceptual,IT,alexnettrained,ReLu2,0.04592603163920335,525
4526,0.4450384438958346,perceptual,IT,alexnettrained,ReLu2,0.03585479953548347,526
4527,0.25007792570680265,perceptual,IT,alexnettrained,ReLu2,0.02104090118960174,527
4528,0.22801516831204838,perceptual,IT,alexnettrained,ReLu2,0.027367027917743588,528
4529,0.2308917197765243,perceptual,IT,alexnettrained,ReLu2,0.01938377709108749,529
4530,0.3733182071076021,perceptual,IT,alexnettrained,ReLu2,0.020741477316670857,530
4531,0.3179332181890104,perceptual,IT,alexnettrained,ReLu2,0.03195804090071129,531
4532,0.3444843665510444,perceptual,IT,alexnettrained,ReLu2,0.029281120905716856,532
4533,0.2585893669519751,perceptual,IT,alexnettrained,ReLu2,0.020755335004955872,533
4534,0.24568643597625625,perceptual,IT,alexnettrained,ReLu2,0.016252311894637158,534
4535,0.22712035078814352,perceptual,IT,alexnettrained,ReLu2,0.019320643846053084,535
4536,0.2678414630495995,perceptual,IT,alexnettrained,ReLu2,0.018327597069766135,536
4537,0.33838682483718646,perceptual,IT,alexnettrained,ReLu2,0.032161455400236655,537
4538,0.31969270795101495,perceptual,IT,alexnettrained,ReLu2,0.02750888772633103,538
4539,0.2203886365371705,perceptual,IT,alexnettrained,ReLu2,0.02325944723279372,539
4540,0.15736820213664046,perceptual,IT,alexnettrained,ReLu2,0.017694294095648894,540
4541,0.2911472937330143,perceptual,IT,alexnettrained,ReLu2,0.02946542565423426,541
4542,0.2755216150916415,perceptual,IT,alexnettrained,ReLu2,0.030044332389831917,542
4543,0.10911233558342733,perceptual,IT,alexnettrained,ReLu2,0.00893774474716191,543
4544,0.2157398732372749,perceptual,IT,alexnettrained,ReLu2,0.011962185446554852,544
4545,0.3241541691925751,perceptual,IT,alexnettrained,ReLu2,0.02630843935281908,545
4546,0.3217163459047886,perceptual,IT,alexnettrained,ReLu2,0.03630716506758455,546
4547,0.21519882265939744,perceptual,IT,alexnettrained,ReLu2,0.023203824584984246,547
4548,0.3066843455506325,perceptual,IT,alexnettrained,ReLu2,0.026640816999450746,548
4549,0.23747817976024874,perceptual,IT,alexnettrained,ReLu2,0.026850323666603605,549
4550,0.34602670791727314,perceptual,IT,alexnettrained,ReLu2,0.02574303760209898,550
4551,0.09690077986685537,perceptual,IT,alexnettrained,ReLu2,0.009794517965387526,551
4552,0.19633447344721944,perceptual,IT,alexnettrained,ReLu2,0.019449352505696082,552
4553,0.16027400058744015,perceptual,IT,alexnettrained,ReLu2,0.012289316232477083,553
4554,0.2944804544209157,perceptual,IT,alexnettrained,ReLu2,0.029976472093078764,554
4555,0.29562438775124966,perceptual,IT,alexnettrained,ReLu2,0.031535128593374324,555
4556,0.21243251924847467,perceptual,IT,alexnettrained,ReLu2,0.016982583201284412,556
4557,0.4685822210404316,perceptual,IT,alexnettrained,ReLu2,0.03065512040910679,557
4558,0.43667150534852367,perceptual,IT,alexnettrained,ReLu2,0.03645115191391411,558
4559,0.2985308698653471,perceptual,IT,alexnettrained,ReLu2,0.023857107051251526,559
4560,0.3803358285854704,perceptual,IT,alexnettrained,ReLu2,0.036692809492025566,560
4561,0.4006237264269617,perceptual,IT,alexnettrained,ReLu2,0.026490191342192097,561
4562,0.23258772325194707,perceptual,IT,alexnettrained,ReLu2,0.020556542112543846,562
4563,0.21722428029090657,perceptual,IT,alexnettrained,ReLu2,0.01954849507323134,563
4564,0.23914059525577142,perceptual,IT,alexnettrained,ReLu2,0.020755041625620273,564
4565,0.3145471280866584,perceptual,IT,alexnettrained,ReLu2,0.03535186664513813,565
4566,0.1812793200488861,perceptual,IT,alexnettrained,ReLu2,0.010420134761923813,566
4567,0.2585085631131867,perceptual,IT,alexnettrained,ReLu2,0.022572207155439217,567
4568,0.33089318551726227,perceptual,IT,alexnettrained,ReLu2,0.02437872382949459,568
4569,0.22985843031388148,perceptual,IT,alexnettrained,ReLu2,0.022530807779101457,569
4570,0.35786985413310973,perceptual,IT,alexnettrained,ReLu2,0.02204493683121849,570
4571,0.2596033561069645,perceptual,IT,alexnettrained,ReLu2,0.02275460533734194,571
4572,0.384982479648863,perceptual,IT,alexnettrained,ReLu2,0.030381305190473173,572
4573,0.12857203756197277,perceptual,IT,alexnettrained,ReLu2,0.01331733842617635,573
4574,0.33112752042676424,perceptual,IT,alexnettrained,ReLu2,0.03770247252321655,574
4575,0.40206111328475447,perceptual,IT,alexnettrained,ReLu2,0.02691786072197088,575
4576,0.22473961858042826,perceptual,IT,alexnettrained,ReLu2,0.021209948012243875,576
4577,0.22648528589368191,perceptual,IT,alexnettrained,ReLu2,0.026834343233615263,577
4578,0.43957603944565293,perceptual,IT,alexnettrained,ReLu2,0.03122074213451065,578
4579,0.3142527930472667,perceptual,IT,alexnettrained,ReLu2,0.03361562685921078,579
4580,0.2999864049340876,perceptual,IT,alexnettrained,ReLu2,0.027819132082450022,580
4581,0.2608064151916799,perceptual,IT,alexnettrained,ReLu2,0.021679277757259786,581
4582,0.3968339673785151,perceptual,IT,alexnettrained,ReLu2,0.026899418507194947,582
4583,0.30137378499742723,perceptual,IT,alexnettrained,ReLu2,0.03324961809098605,583
4584,0.33020587359635706,perceptual,IT,alexnettrained,ReLu2,0.017256179096816454,584
4585,0.28003568957628583,perceptual,IT,alexnettrained,ReLu2,0.03351268953184578,585
4586,0.27030730423592253,perceptual,IT,alexnettrained,ReLu2,0.022006524243702755,586
4587,0.255200760747243,perceptual,IT,alexnettrained,ReLu2,0.014433317408817706,587
4588,0.25979869217496204,perceptual,IT,alexnettrained,ReLu2,0.022960769572346676,588
4589,0.3317723550911418,perceptual,IT,alexnettrained,ReLu2,0.021258632917038233,589
4590,0.29419500344560867,perceptual,IT,alexnettrained,ReLu2,0.021486097868737883,590
4591,0.2216784600387013,perceptual,IT,alexnettrained,ReLu2,0.02543279517701247,591
4592,0.2471645535228145,perceptual,IT,alexnettrained,ReLu2,0.02489313993649326,592
4593,0.24585579195657004,perceptual,IT,alexnettrained,ReLu2,0.01857390298549461,593
4594,0.27828486864488866,perceptual,IT,alexnettrained,ReLu2,0.02803949407699039,594
4595,0.2376517210678098,perceptual,IT,alexnettrained,ReLu2,0.021475198542628027,595
4596,0.2958500534576659,perceptual,IT,alexnettrained,ReLu2,0.026836034696292303,596
4597,0.17562406158189348,perceptual,IT,alexnettrained,ReLu2,0.019935561518811012,597
4598,0.36228143522615697,perceptual,IT,alexnettrained,ReLu2,0.03008403093948228,598
4599,0.2480040206578318,perceptual,IT,alexnettrained,ReLu2,0.02592462886162888,599
4600,0.20615454061718527,perceptual,IT,alexnettrained,ReLu2,0.02130543863010816,600
4601,0.1773945538210561,perceptual,IT,alexnettrained,ReLu2,0.017060091860728883,601
4602,0.2292127933031445,perceptual,IT,alexnettrained,ReLu2,0.021418673321054547,602
4603,0.3265702543984269,perceptual,IT,alexnettrained,ReLu2,0.02762817952297848,603
4604,0.11231163854452902,perceptual,IT,alexnettrained,ReLu2,0.00915110306509671,604
4605,0.17848423473767477,perceptual,IT,alexnettrained,ReLu2,0.011768245814438406,605
4606,0.2574573918550419,perceptual,IT,alexnettrained,ReLu2,0.026387289449057393,606
4607,0.3178877391121054,perceptual,IT,alexnettrained,ReLu2,0.019619957465873507,607
4608,0.31108725890361705,perceptual,IT,alexnettrained,ReLu2,0.029534032406384983,608
4609,0.31038951518747043,perceptual,IT,alexnettrained,ReLu2,0.025932117090491723,609
4610,0.30948937749587063,perceptual,IT,alexnettrained,ReLu2,0.03111410104715341,610
4611,0.26954763679571925,perceptual,IT,alexnettrained,ReLu2,0.022349446484862416,611
4612,0.32915378932322015,perceptual,IT,alexnettrained,ReLu2,0.027026594779982014,612
4613,0.28728186967692976,perceptual,IT,alexnettrained,ReLu2,0.020222203764386826,613
4614,0.2234398718974207,perceptual,IT,alexnettrained,ReLu2,0.02098621573136194,614
4615,0.2838149092241435,perceptual,IT,alexnettrained,ReLu2,0.01928429456053944,615
4616,0.1443212444575232,perceptual,IT,alexnettrained,ReLu2,0.011632477452936867,616
4617,0.22624672443172422,perceptual,IT,alexnettrained,ReLu2,0.01990254221202108,617
4618,0.3113012001085344,perceptual,IT,alexnettrained,ReLu2,0.020657566036665187,618
4619,0.43799043602681187,perceptual,IT,alexnettrained,ReLu2,0.032389173321653746,619
4620,0.24802871170089252,perceptual,IT,alexnettrained,ReLu2,0.032378066504283445,620
4621,0.41280178264094264,perceptual,IT,alexnettrained,ReLu2,0.03302777596029873,621
4622,0.3929696553017472,perceptual,IT,alexnettrained,ReLu2,0.01898009162298779,622
4623,0.33397136685706325,perceptual,IT,alexnettrained,ReLu2,0.024322455768624948,623
4624,0.2428468573210067,perceptual,IT,alexnettrained,ReLu2,0.01726344356363948,624
4625,0.2858533655481393,perceptual,IT,alexnettrained,ReLu2,0.03129930676466443,625
4626,0.1695747628914977,perceptual,IT,alexnettrained,ReLu2,0.01650792959709827,626
4627,0.3487467036417486,perceptual,IT,alexnettrained,ReLu2,0.042153516944192955,627
4628,0.336561854257594,perceptual,IT,alexnettrained,ReLu2,0.027894795059562917,628
4629,0.43020541318465605,perceptual,IT,alexnettrained,ReLu2,0.023760122175220257,629
4630,0.19139407721807794,perceptual,IT,alexnettrained,ReLu2,0.0202206658151966,630
4631,0.29488954730062106,perceptual,IT,alexnettrained,ReLu2,0.032280652001307045,631
4632,0.2815457944638657,perceptual,IT,alexnettrained,ReLu2,0.018375867471998927,632
4633,0.39164554790512646,perceptual,IT,alexnettrained,ReLu2,0.030751053081751106,633
4634,0.23152735454376683,perceptual,IT,alexnettrained,ReLu2,0.015813019362567817,634
4635,0.3014908465385169,perceptual,IT,alexnettrained,ReLu2,0.026653481787730596,635
4636,0.31898939650802577,perceptual,IT,alexnettrained,ReLu2,0.02770685900912151,636
4637,0.2025463561858625,perceptual,IT,alexnettrained,ReLu2,0.018427466227959217,637
4638,0.25377449052100226,perceptual,IT,alexnettrained,ReLu2,0.018917664810062625,638
4639,0.14156432438788735,perceptual,IT,alexnettrained,ReLu2,0.010848881295145801,639
4640,0.2687595939841528,perceptual,IT,alexnettrained,ReLu2,0.02686258051537447,640
4641,0.26398096684125827,perceptual,IT,alexnettrained,ReLu2,0.02592792423670659,641
4642,0.13795096685889782,perceptual,IT,alexnettrained,ReLu2,0.012462597946648895,642
4643,0.3567706856624419,perceptual,IT,alexnettrained,ReLu2,0.03384118844427295,643
4644,0.3328876171112369,perceptual,IT,alexnettrained,ReLu2,0.02689232186967103,644
4645,0.28821008513147306,perceptual,IT,alexnettrained,ReLu2,0.028983405094113058,645
4646,0.42897021632082943,perceptual,IT,alexnettrained,ReLu2,0.030258039028017814,646
4647,0.3182353774638759,perceptual,IT,alexnettrained,ReLu2,0.031515982865788585,647
4648,0.262075721565513,perceptual,IT,alexnettrained,ReLu2,0.024505353635874468,648
4649,0.2778610440110363,perceptual,IT,alexnettrained,ReLu2,0.025254478078078246,649
4650,0.22204118784292876,perceptual,IT,alexnettrained,ReLu2,0.018735517118686755,650
4651,0.19957068027525834,perceptual,IT,alexnettrained,ReLu2,0.01701952084918995,651
4652,0.24314740256995218,perceptual,IT,alexnettrained,ReLu2,0.020368169720063663,652
4653,0.29638568283029443,perceptual,IT,alexnettrained,ReLu2,0.03574037679686028,653
4654,0.21575143032615912,perceptual,IT,alexnettrained,ReLu2,0.011831651299647595,654
4655,0.32821242090693153,perceptual,IT,alexnettrained,ReLu2,0.02007462077424123,655
4656,0.25321057245383516,perceptual,IT,alexnettrained,ReLu2,0.02126421316834274,656
4657,0.3051788882836282,perceptual,IT,alexnettrained,ReLu2,0.02830063632367218,657
4658,0.2982372340171533,perceptual,IT,alexnettrained,ReLu2,0.02699170711689474,658
4659,0.17345833178233275,perceptual,IT,alexnettrained,ReLu2,0.016112321379701738,659
4660,0.2786734542970273,perceptual,IT,alexnettrained,ReLu2,0.027135017473810412,660
4661,0.2941931879931301,perceptual,IT,alexnettrained,ReLu2,0.026116901190325177,661
4662,0.21228974900808656,perceptual,IT,alexnettrained,ReLu2,0.01900560765685106,662
4663,0.1816618757283202,perceptual,IT,alexnettrained,ReLu2,0.017768792305085303,663
4664,0.1741921536277275,perceptual,IT,alexnettrained,ReLu2,0.018626222005091408,664
4665,0.17538578752779246,perceptual,IT,alexnettrained,ReLu2,0.01858020650209585,665
4666,0.28322077144250446,perceptual,IT,alexnettrained,ReLu2,0.021105597542570374,666
4667,0.2270576217128466,perceptual,IT,alexnettrained,ReLu2,0.01471102742396374,667
4668,0.2937833938148554,perceptual,IT,alexnettrained,ReLu2,0.021787424328248064,668
4669,0.2495128346766792,perceptual,IT,alexnettrained,ReLu2,0.021909208062518244,669
4670,0.24501436107406643,perceptual,IT,alexnettrained,ReLu2,0.025332443535557605,670
4671,0.2911633349064317,perceptual,IT,alexnettrained,ReLu2,0.028780020912839894,671
4672,0.19231113351445425,perceptual,IT,alexnettrained,ReLu2,0.015122911630517351,672
4673,0.5186922424663727,perceptual,IT,alexnettrained,ReLu2,0.034228053846952225,673
4674,0.23237746088075067,perceptual,IT,alexnettrained,ReLu2,0.02700194114830938,674
4675,0.23611860403412052,perceptual,IT,alexnettrained,ReLu2,0.025734057457106777,675
4676,0.4119286697870769,perceptual,IT,alexnettrained,ReLu2,0.03524368874418373,676
4677,0.3232068678947549,perceptual,IT,alexnettrained,ReLu2,0.02128411070542932,677
4678,0.21447375256785242,perceptual,IT,alexnettrained,ReLu2,0.01673501364427049,678
4679,0.1956988030089906,perceptual,IT,alexnettrained,ReLu2,0.016849928199341016,679
4680,0.28557954940674235,perceptual,IT,alexnettrained,ReLu2,0.022118817269995296,680
4681,0.19595962765364472,perceptual,IT,alexnettrained,ReLu2,0.015983483016994808,681
4682,0.32075630147087264,perceptual,IT,alexnettrained,ReLu2,0.0292806526823094,682
4683,0.42332373737040485,perceptual,IT,alexnettrained,ReLu2,0.031052066927550925,683
4684,0.337796659245998,perceptual,IT,alexnettrained,ReLu2,0.029341223866075836,684
4685,0.16918091391343254,perceptual,IT,alexnettrained,ReLu2,0.014833463813121372,685
4686,0.2408349252062243,perceptual,IT,alexnettrained,ReLu2,0.02287922901319114,686
4687,0.3298709192377584,perceptual,IT,alexnettrained,ReLu2,0.027468748377055405,687
4688,0.2547400973242949,perceptual,IT,alexnettrained,ReLu2,0.02652523030212892,688
4689,0.5123984431121195,perceptual,IT,alexnettrained,ReLu2,0.02483441008597955,689
4690,0.20312221623112123,perceptual,IT,alexnettrained,ReLu2,0.022158224041003177,690
4691,0.4723951174921739,perceptual,IT,alexnettrained,ReLu2,0.02822742947147303,691
4692,0.26934710815298374,perceptual,IT,alexnettrained,ReLu2,0.02994901692172662,692
4693,0.26076047459970675,perceptual,IT,alexnettrained,ReLu2,0.016012748818869584,693
4694,0.18496498009242995,perceptual,IT,alexnettrained,ReLu2,0.01695257429754589,694
4695,0.36732166865701626,perceptual,IT,alexnettrained,ReLu2,0.0233052750050841,695
4696,0.26725897558374895,perceptual,IT,alexnettrained,ReLu2,0.024142832738244385,696
4697,0.2756993190024172,perceptual,IT,alexnettrained,ReLu2,0.020459635462716282,697
4698,0.3327952219000025,perceptual,IT,alexnettrained,ReLu2,0.03630831697447318,698
4699,0.22184818708153536,perceptual,IT,alexnettrained,ReLu2,0.030567221054810256,699
4700,0.35941752893626217,perceptual,IT,alexnettrained,ReLu2,0.03327473392661145,700
4701,0.22002479032659622,perceptual,IT,alexnettrained,ReLu2,0.020471492100167184,701
4702,0.2526556922404366,perceptual,IT,alexnettrained,ReLu2,0.02728936299415536,702
4703,0.30178024146211746,perceptual,IT,alexnettrained,ReLu2,0.030048387365240754,703
4704,0.24310926738739444,perceptual,IT,alexnettrained,ReLu2,0.02873122942240095,704
4705,0.3351479091450215,perceptual,IT,alexnettrained,ReLu2,0.033182914073254306,705
4706,0.31958910137852353,perceptual,IT,alexnettrained,ReLu2,0.034688911771661377,706
4707,0.2502541321065236,perceptual,IT,alexnettrained,ReLu2,0.02081085262711414,707
4708,0.24394262660816313,perceptual,IT,alexnettrained,ReLu2,0.02746144603785325,708
4709,0.2782730603904314,perceptual,IT,alexnettrained,ReLu2,0.027915188754359485,709
4710,0.3185707730882976,perceptual,IT,alexnettrained,ReLu2,0.025520785423951052,710
4711,0.36681988155566475,perceptual,IT,alexnettrained,ReLu2,0.033352971021946815,711
4712,0.013825141761080333,perceptual,IT,alexnettrained,ReLu2,0.0014233729301024681,712
4713,0.26916731730180776,perceptual,IT,alexnettrained,ReLu2,0.023147236013562958,713
4714,0.1865756927342876,perceptual,IT,alexnettrained,ReLu2,0.0127386363858424,714
4715,0.3386972929891921,perceptual,IT,alexnettrained,ReLu2,0.032125690533766384,715
4716,0.342001486806595,perceptual,IT,alexnettrained,ReLu2,0.03484370955752859,716
4717,0.3322638617691963,perceptual,IT,alexnettrained,ReLu2,0.025656061081621936,717
4718,0.4522454772224267,perceptual,IT,alexnettrained,ReLu2,0.031276300606198564,718
4719,0.2536682470515543,perceptual,IT,alexnettrained,ReLu2,0.027802441897377565,719
4720,0.17205387027036517,perceptual,IT,alexnettrained,ReLu2,0.01560394327628401,720
4721,0.24046470785981544,perceptual,IT,alexnettrained,ReLu2,0.0268619267335388,721
4722,0.20042851475892515,perceptual,IT,alexnettrained,ReLu2,0.021952272776364454,722
4723,0.24677250073744378,perceptual,IT,alexnettrained,ReLu2,0.021046175443760383,723
4724,0.3070057027127219,perceptual,IT,alexnettrained,ReLu2,0.03032564811213214,724
4725,0.45511381862335193,perceptual,IT,alexnettrained,ReLu2,0.032189489095588934,725
4726,0.2525117809080257,perceptual,IT,alexnettrained,ReLu2,0.028827885324255387,726
4727,0.2312397026115765,perceptual,IT,alexnettrained,ReLu2,0.02012658490205231,727
4728,0.3728116996576882,perceptual,IT,alexnettrained,ReLu2,0.023473024080559735,728
4729,0.33285942841608623,perceptual,IT,alexnettrained,ReLu2,0.021146926286070906,729
4730,0.3420529561435245,perceptual,IT,alexnettrained,ReLu2,0.026574186218416694,730
4731,0.27172484586639667,perceptual,IT,alexnettrained,ReLu2,0.02897503793478581,731
4732,0.38181965390046163,perceptual,IT,alexnettrained,ReLu2,0.032593864778555706,732
4733,0.2370794718021951,perceptual,IT,alexnettrained,ReLu2,0.0255885549573039,733
4734,0.1624121852374107,perceptual,IT,alexnettrained,ReLu2,0.01235368846020004,734
4735,0.27544944657715853,perceptual,IT,alexnettrained,ReLu2,0.01887570045339863,735
4736,0.2029686152946246,perceptual,IT,alexnettrained,ReLu2,0.0195106880800407,736
4737,0.33248316266413136,perceptual,IT,alexnettrained,ReLu2,0.03564743620699081,737
4738,0.27488720909225717,perceptual,IT,alexnettrained,ReLu2,0.019953807339293653,738
4739,0.4454808934991189,perceptual,IT,alexnettrained,ReLu2,0.036917710407196366,739
4740,0.25904698931431075,perceptual,IT,alexnettrained,ReLu2,0.02708974795693381,740
4741,0.29945908915887526,perceptual,IT,alexnettrained,ReLu2,0.028878543075067525,741
4742,0.30381678535734463,perceptual,IT,alexnettrained,ReLu2,0.028290674287260526,742
4743,0.07674723112574601,perceptual,IT,alexnettrained,ReLu2,0.008106588428421326,743
4744,0.15622954959597624,perceptual,IT,alexnettrained,ReLu2,0.018607157879858546,744
4745,0.20904019488033165,perceptual,IT,alexnettrained,ReLu2,0.020659757024015606,745
4746,0.34379845587625696,perceptual,IT,alexnettrained,ReLu2,0.02243696876083061,746
4747,0.31518007369936235,perceptual,IT,alexnettrained,ReLu2,0.01941609964716181,747
4748,0.24095511567087358,perceptual,IT,alexnettrained,ReLu2,0.01729076942841764,748
4749,0.3394675949298711,perceptual,IT,alexnettrained,ReLu2,0.028138378297304093,749
4750,0.3236694478886985,perceptual,IT,alexnettrained,ReLu2,0.03288975929124409,750
4751,0.25709565290921843,perceptual,IT,alexnettrained,ReLu2,0.024233457241550852,751
4752,0.3333298887341555,perceptual,IT,alexnettrained,ReLu2,0.031388524546186077,752
4753,0.3028151974552865,perceptual,IT,alexnettrained,ReLu2,0.02663069064626823,753
4754,0.24292972933713047,perceptual,IT,alexnettrained,ReLu2,0.01821443773713348,754
4755,0.3863789779760404,perceptual,IT,alexnettrained,ReLu2,0.036275576132098655,755
4756,0.4188915840007443,perceptual,IT,alexnettrained,ReLu2,0.024205464345893723,756
4757,0.23482407545320547,perceptual,IT,alexnettrained,ReLu2,0.02242506532835243,757
4758,0.26203542848112454,perceptual,IT,alexnettrained,ReLu2,0.026918397930387555,758
4759,0.2942901281559112,perceptual,IT,alexnettrained,ReLu2,0.024501657705115264,759
4760,0.27124745027505853,perceptual,IT,alexnettrained,ReLu2,0.023219292568335357,760
4761,0.41100043854329044,perceptual,IT,alexnettrained,ReLu2,0.03358683170065276,761
4762,0.25174974175804565,perceptual,IT,alexnettrained,ReLu2,0.019679907185572332,762
4763,0.2909070292011987,perceptual,IT,alexnettrained,ReLu2,0.0190584647052727,763
4764,0.17778133253256007,perceptual,IT,alexnettrained,ReLu2,0.020885309654002884,764
4765,0.2710397158488036,perceptual,IT,alexnettrained,ReLu2,0.026736666011411808,765
4766,0.28494304529177106,perceptual,IT,alexnettrained,ReLu2,0.03643980264580299,766
4767,0.11198796886057841,perceptual,IT,alexnettrained,ReLu2,0.013319418610306374,767
4768,0.2222039999220884,perceptual,IT,alexnettrained,ReLu2,0.022946845315660616,768
4769,0.2869019811933107,perceptual,IT,alexnettrained,ReLu2,0.02291644418939074,769
4770,0.5685497594186347,perceptual,IT,alexnettrained,ReLu2,0.046439908215936715,770
4771,0.3401895495257993,perceptual,IT,alexnettrained,ReLu2,0.024487774036802825,771
4772,0.2572483209952001,perceptual,IT,alexnettrained,ReLu2,0.02230743824066508,772
4773,0.31034110981613366,perceptual,IT,alexnettrained,ReLu2,0.028936398264261018,773
4774,0.27869169610990446,perceptual,IT,alexnettrained,ReLu2,0.011892186944390284,774
4775,0.23101467346309235,perceptual,IT,alexnettrained,ReLu2,0.014776244565273348,775
4776,0.29439812576850066,perceptual,IT,alexnettrained,ReLu2,0.02828715794025094,776
4777,0.27054683596800205,perceptual,IT,alexnettrained,ReLu2,0.024298468308758373,777
4778,0.3331824835093035,perceptual,IT,alexnettrained,ReLu2,0.033567817822792265,778
4779,0.23034703574569232,perceptual,IT,alexnettrained,ReLu2,0.023773909848604984,779
4780,0.22595257264915325,perceptual,IT,alexnettrained,ReLu2,0.018897850122510752,780
4781,0.21447895721442473,perceptual,IT,alexnettrained,ReLu2,0.013728456110656973,781
4782,0.2609265601056588,perceptual,IT,alexnettrained,ReLu2,0.024372909101942133,782
4783,0.5948084046372561,perceptual,IT,alexnettrained,ReLu2,0.02987275224595172,783
4784,0.12857208389792854,perceptual,IT,alexnettrained,ReLu2,0.011425989064076917,784
4785,0.28124624753595495,perceptual,IT,alexnettrained,ReLu2,0.02407842684342061,785
4786,0.2920130841562095,perceptual,IT,alexnettrained,ReLu2,0.027467282287287134,786
4787,0.20151287783018332,perceptual,IT,alexnettrained,ReLu2,0.012819543527444723,787
4788,0.27352341826184423,perceptual,IT,alexnettrained,ReLu2,0.01652280312561218,788
4789,0.21282355137155567,perceptual,IT,alexnettrained,ReLu2,0.01775223828305795,789
4790,0.12537967508841583,perceptual,IT,alexnettrained,ReLu2,0.010982739005903247,790
4791,0.3674818805347464,perceptual,IT,alexnettrained,ReLu2,0.036373030286133354,791
4792,0.1670784629336756,perceptual,IT,alexnettrained,ReLu2,0.01780101500205574,792
4793,0.2958034447217872,perceptual,IT,alexnettrained,ReLu2,0.02432352887509945,793
4794,0.2342498613103491,perceptual,IT,alexnettrained,ReLu2,0.01282520679649472,794
4795,0.18278834006490793,perceptual,IT,alexnettrained,ReLu2,0.015638943847194223,795
4796,0.24403690766715294,perceptual,IT,alexnettrained,ReLu2,0.02110167005708175,796
4797,0.22963002887210684,perceptual,IT,alexnettrained,ReLu2,0.022334238109267726,797
4798,0.248326837931088,perceptual,IT,alexnettrained,ReLu2,0.018844370632049582,798
4799,0.3176167044438934,perceptual,IT,alexnettrained,ReLu2,0.028984682962516092,799
4800,0.13965385577189188,perceptual,IT,alexnettrained,ReLu2,0.017504341143174958,800
4801,0.423133805196281,perceptual,IT,alexnettrained,ReLu2,0.03906527015709957,801
4802,0.30052898479055185,perceptual,IT,alexnettrained,ReLu2,0.027175549150690297,802
4803,0.43010175671442835,perceptual,IT,alexnettrained,ReLu2,0.0380895610543458,803
4804,0.33963823728993964,perceptual,IT,alexnettrained,ReLu2,0.02761493439860948,804
4805,0.19910349928390386,perceptual,IT,alexnettrained,ReLu2,0.020685704477911983,805
4806,0.3315170342734246,perceptual,IT,alexnettrained,ReLu2,0.024758985158920756,806
4807,0.3102687934866612,perceptual,IT,alexnettrained,ReLu2,0.023566085162907476,807
4808,0.22092129448892497,perceptual,IT,alexnettrained,ReLu2,0.01914366337332597,808
4809,0.38775899965997956,perceptual,IT,alexnettrained,ReLu2,0.02558477665576684,809
4810,0.3439747801857664,perceptual,IT,alexnettrained,ReLu2,0.02502398570165669,810
4811,0.2343302517186466,perceptual,IT,alexnettrained,ReLu2,0.023149033097369667,811
4812,0.3124385235164937,perceptual,IT,alexnettrained,ReLu2,0.03018923195948576,812
4813,0.26745629478133676,perceptual,IT,alexnettrained,ReLu2,0.02369125405647312,813
4814,0.30177300196089846,perceptual,IT,alexnettrained,ReLu2,0.030972748073521513,814
4815,0.2965021706836623,perceptual,IT,alexnettrained,ReLu2,0.023007135386108192,815
4816,0.3371324640486606,perceptual,IT,alexnettrained,ReLu2,0.02465883237210296,816
4817,0.24351815836788457,perceptual,IT,alexnettrained,ReLu2,0.02075357368053406,817
4818,0.29635946866652196,perceptual,IT,alexnettrained,ReLu2,0.0264770880275114,818
4819,0.235465125911841,perceptual,IT,alexnettrained,ReLu2,0.020611688045013902,819
4820,0.1996479771777305,perceptual,IT,alexnettrained,ReLu2,0.022381167523791285,820
4821,0.32275572106396516,perceptual,IT,alexnettrained,ReLu2,0.027904841830800775,821
4822,0.238113306672501,perceptual,IT,alexnettrained,ReLu2,0.020693958961795128,822
4823,0.2574882536975479,perceptual,IT,alexnettrained,ReLu2,0.021396673580692662,823
4824,0.15448092545159114,perceptual,IT,alexnettrained,ReLu2,0.017304379426373404,824
4825,0.2617563671647844,perceptual,IT,alexnettrained,ReLu2,0.02431439932441507,825
4826,0.2361307494309419,perceptual,IT,alexnettrained,ReLu2,0.021471222369427,826
4827,0.2536950912998036,perceptual,IT,alexnettrained,ReLu2,0.0312043895466754,827
4828,0.2563118144063629,perceptual,IT,alexnettrained,ReLu2,0.023783234788062935,828
4829,0.35582427911561754,perceptual,IT,alexnettrained,ReLu2,0.032260429452527835,829
4830,0.2541566913180712,perceptual,IT,alexnettrained,ReLu2,0.022943920641989697,830
4831,0.21159390263609038,perceptual,IT,alexnettrained,ReLu2,0.019139330649445875,831
4832,0.41343930285280084,perceptual,IT,alexnettrained,ReLu2,0.02910859361660027,832
4833,0.27010984656296194,perceptual,IT,alexnettrained,ReLu2,0.02008473989592441,833
4834,0.29366710600703855,perceptual,IT,alexnettrained,ReLu2,0.023237954674059712,834
4835,0.3612291642858736,perceptual,IT,alexnettrained,ReLu2,0.04280825091087445,835
4836,0.1431436513714179,perceptual,IT,alexnettrained,ReLu2,0.015259165969447241,836
4837,0.35040742012981985,perceptual,IT,alexnettrained,ReLu2,0.029383218042380126,837
4838,0.3335827324578196,perceptual,IT,alexnettrained,ReLu2,0.03116631061888291,838
4839,0.26780330057061874,perceptual,IT,alexnettrained,ReLu2,0.026559555664562463,839
4840,0.3261542234053452,perceptual,IT,alexnettrained,ReLu2,0.031016526707891262,840
4841,0.16756053780125252,perceptual,IT,alexnettrained,ReLu2,0.01858767825682483,841
4842,0.2562752687581006,perceptual,IT,alexnettrained,ReLu2,0.025546331160951046,842
4843,0.2469403260069599,perceptual,IT,alexnettrained,ReLu2,0.02129371454859375,843
4844,0.21242033776370087,perceptual,IT,alexnettrained,ReLu2,0.022063378593933643,844
4845,0.30814480952542694,perceptual,IT,alexnettrained,ReLu2,0.02658673572511088,845
4846,0.37053217522496,perceptual,IT,alexnettrained,ReLu2,0.025781855434497066,846
4847,0.17534153599864388,perceptual,IT,alexnettrained,ReLu2,0.019558780233423875,847
4848,0.2596145924367833,perceptual,IT,alexnettrained,ReLu2,0.019250710481688117,848
4849,0.17861031456040274,perceptual,IT,alexnettrained,ReLu2,0.01699994750745857,849
4850,0.4013259820818267,perceptual,IT,alexnettrained,ReLu2,0.029347056862016357,850
4851,0.22155613049595518,perceptual,IT,alexnettrained,ReLu2,0.0162043594466986,851
4852,0.37438514413013063,perceptual,IT,alexnettrained,ReLu2,0.02717140699267904,852
4853,0.21061879747983436,perceptual,IT,alexnettrained,ReLu2,0.02270699344045027,853
4854,0.3894511739943914,perceptual,IT,alexnettrained,ReLu2,0.03138101284345736,854
4855,0.3044274485006751,perceptual,IT,alexnettrained,ReLu2,0.02644401174159181,855
4856,0.2555904408957326,perceptual,IT,alexnettrained,ReLu2,0.01953780790577138,856
4857,0.31069757440251233,perceptual,IT,alexnettrained,ReLu2,0.02452637551522726,857
4858,0.29195631249366644,perceptual,IT,alexnettrained,ReLu2,0.030455112382762082,858
4859,0.22032064918884436,perceptual,IT,alexnettrained,ReLu2,0.01821825397556348,859
4860,0.2900810292624502,perceptual,IT,alexnettrained,ReLu2,0.016759492451048717,860
4861,0.2611249392128776,perceptual,IT,alexnettrained,ReLu2,0.021018544483869413,861
4862,0.40673131539091606,perceptual,IT,alexnettrained,ReLu2,0.034615984157382026,862
4863,0.30209252925929475,perceptual,IT,alexnettrained,ReLu2,0.02489785827218162,863
4864,0.25375091975744485,perceptual,IT,alexnettrained,ReLu2,0.020196867674390436,864
4865,0.6182312186318182,perceptual,IT,alexnettrained,ReLu2,0.03589790767353325,865
4866,0.20329482269397375,perceptual,IT,alexnettrained,ReLu2,0.01979683170972245,866
4867,0.3368372862870847,perceptual,IT,alexnettrained,ReLu2,0.02544242078719372,867
4868,0.20150842936849322,perceptual,IT,alexnettrained,ReLu2,0.01849552381691333,868
4869,0.29913966930208336,perceptual,IT,alexnettrained,ReLu2,0.022035060295161172,869
4870,0.31420662309188235,perceptual,IT,alexnettrained,ReLu2,0.02465370130232053,870
4871,0.27833261665949605,perceptual,IT,alexnettrained,ReLu2,0.030825938126935543,871
4872,0.2430849748343662,perceptual,IT,alexnettrained,ReLu2,0.019742314245231,872
4873,0.46201497279473486,perceptual,IT,alexnettrained,ReLu2,0.04200332065631717,873
4874,0.30081828727120424,perceptual,IT,alexnettrained,ReLu2,0.03159721220565109,874
4875,0.10849932748273967,perceptual,IT,alexnettrained,ReLu2,0.011053935250928498,875
4876,0.22998161719265695,perceptual,IT,alexnettrained,ReLu2,0.01597620387857885,876
4877,0.3902792933371457,perceptual,IT,alexnettrained,ReLu2,0.033319650603468136,877
4878,0.23699070800917393,perceptual,IT,alexnettrained,ReLu2,0.02510952439960112,878
4879,0.2886499756455034,perceptual,IT,alexnettrained,ReLu2,0.03371889030453455,879
4880,0.17895140202195717,perceptual,IT,alexnettrained,ReLu2,0.015204968751294474,880
4881,0.23293840357541407,perceptual,IT,alexnettrained,ReLu2,0.020333186279663577,881
4882,0.20827170804839665,perceptual,IT,alexnettrained,ReLu2,0.02037376205672027,882
4883,0.13387732811088876,perceptual,IT,alexnettrained,ReLu2,0.012539378739515463,883
4884,0.2558317792424551,perceptual,IT,alexnettrained,ReLu2,0.025023700558619445,884
4885,0.36726774395666095,perceptual,IT,alexnettrained,ReLu2,0.019879670247039738,885
4886,0.2721219418609577,perceptual,IT,alexnettrained,ReLu2,0.022416132553561893,886
4887,0.2591721028803149,perceptual,IT,alexnettrained,ReLu2,0.018943444069476793,887
4888,0.24651895343961133,perceptual,IT,alexnettrained,ReLu2,0.01950797682834878,888
4889,0.38066405411923987,perceptual,IT,alexnettrained,ReLu2,0.027832966882877924,889
4890,0.22434465683154942,perceptual,IT,alexnettrained,ReLu2,0.02312754326618125,890
4891,0.3530425800373367,perceptual,IT,alexnettrained,ReLu2,0.024007456641664503,891
4892,0.3115082430990642,perceptual,IT,alexnettrained,ReLu2,0.025646600901529985,892
4893,0.2065170280381818,perceptual,IT,alexnettrained,ReLu2,0.019039759506648695,893
4894,0.3019660941414066,perceptual,IT,alexnettrained,ReLu2,0.029512891463075386,894
4895,0.28721059744731436,perceptual,IT,alexnettrained,ReLu2,0.021467273700427787,895
4896,0.08862387278892053,perceptual,IT,alexnettrained,ReLu2,0.007252432165561307,896
4897,0.27595920049909767,perceptual,IT,alexnettrained,ReLu2,0.01403902770380921,897
4898,0.3045181379479436,perceptual,IT,alexnettrained,ReLu2,0.0327434159191076,898
4899,0.1397133201112337,perceptual,IT,alexnettrained,ReLu2,0.012464967954580615,899
4900,0.2472161249702171,perceptual,IT,alexnettrained,ReLu2,0.023907981038870443,900
4901,0.2715655644721116,perceptual,IT,alexnettrained,ReLu2,0.026042241313392375,901
4902,0.3253302715845415,perceptual,IT,alexnettrained,ReLu2,0.026843603169776527,902
4903,0.15162778754946138,perceptual,IT,alexnettrained,ReLu2,0.014116142818385793,903
4904,0.15866784263437334,perceptual,IT,alexnettrained,ReLu2,0.017494184173903485,904
4905,0.23200211242828095,perceptual,IT,alexnettrained,ReLu2,0.023024240309670835,905
4906,0.3725768991581419,perceptual,IT,alexnettrained,ReLu2,0.02796783852914837,906
4907,0.14194374359640516,perceptual,IT,alexnettrained,ReLu2,0.014937250544228883,907
4908,0.20489959051771037,perceptual,IT,alexnettrained,ReLu2,0.015689100586794017,908
4909,0.3753746391458786,perceptual,IT,alexnettrained,ReLu2,0.03793431495638278,909
4910,0.26349684792726286,perceptual,IT,alexnettrained,ReLu2,0.024772413600336732,910
4911,0.2556245371304513,perceptual,IT,alexnettrained,ReLu2,0.019849046528842305,911
4912,0.34120214177930525,perceptual,IT,alexnettrained,ReLu2,0.0305527220517433,912
4913,0.40278150011918396,perceptual,IT,alexnettrained,ReLu2,0.028447286776219625,913
4914,0.36573974643609913,perceptual,IT,alexnettrained,ReLu2,0.031017748717712873,914
4915,0.3495844894069936,perceptual,IT,alexnettrained,ReLu2,0.031252413062695286,915
4916,0.44791766365058033,perceptual,IT,alexnettrained,ReLu2,0.04022987721802863,916
4917,0.18759056532602372,perceptual,IT,alexnettrained,ReLu2,0.016169691748182672,917
4918,0.255344420319297,perceptual,IT,alexnettrained,ReLu2,0.026723277349815503,918
4919,0.40035246873879876,perceptual,IT,alexnettrained,ReLu2,0.02636146862356005,919
4920,0.2807337707043903,perceptual,IT,alexnettrained,ReLu2,0.030817806824658154,920
4921,0.2401771891702324,perceptual,IT,alexnettrained,ReLu2,0.023661160657645085,921
4922,0.3745740376866693,perceptual,IT,alexnettrained,ReLu2,0.018652566389709732,922
4923,0.23348180562270845,perceptual,IT,alexnettrained,ReLu2,0.02890107817664733,923
4924,0.2633298933431957,perceptual,IT,alexnettrained,ReLu2,0.030018886528887394,924
4925,0.4184002967315881,perceptual,IT,alexnettrained,ReLu2,0.03292922607524353,925
4926,0.07511577512979804,perceptual,IT,alexnettrained,ReLu2,0.006233342225755372,926
4927,0.238504907579271,perceptual,IT,alexnettrained,ReLu2,0.02892736745968357,927
4928,0.21489523167478516,perceptual,IT,alexnettrained,ReLu2,0.019563784922832905,928
4929,0.23858177303187564,perceptual,IT,alexnettrained,ReLu2,0.01577668752171445,929
4930,0.23560209020396655,perceptual,IT,alexnettrained,ReLu2,0.022743666901616166,930
4931,0.1462333224740837,perceptual,IT,alexnettrained,ReLu2,0.012509669832785602,931
4932,0.2103335390589622,perceptual,IT,alexnettrained,ReLu2,0.0187285915848326,932
4933,0.341305773367614,perceptual,IT,alexnettrained,ReLu2,0.03432767796313873,933
4934,0.3027169495954666,perceptual,IT,alexnettrained,ReLu2,0.028014282115659365,934
4935,0.15024794327197227,perceptual,IT,alexnettrained,ReLu2,0.014491085895755066,935
4936,0.34943666113708804,perceptual,IT,alexnettrained,ReLu2,0.028860589430469243,936
4937,0.3045849326359026,perceptual,IT,alexnettrained,ReLu2,0.0267184001215926,937
4938,0.2649403203017979,perceptual,IT,alexnettrained,ReLu2,0.02361733060667531,938
4939,0.30057341428036943,perceptual,IT,alexnettrained,ReLu2,0.028338433017928228,939
4940,0.22296404493236724,perceptual,IT,alexnettrained,ReLu2,0.023447784697117648,940
4941,0.3825570494197854,perceptual,IT,alexnettrained,ReLu2,0.03139351570690904,941
4942,0.28577146128287256,perceptual,IT,alexnettrained,ReLu2,0.03063468077559018,942
4943,0.4200068593418074,perceptual,IT,alexnettrained,ReLu2,0.03279812187645159,943
4944,0.20414378821177018,perceptual,IT,alexnettrained,ReLu2,0.02158351602081441,944
4945,0.1302678772555529,perceptual,IT,alexnettrained,ReLu2,0.013629120377408951,945
4946,0.3583771134002987,perceptual,IT,alexnettrained,ReLu2,0.03348291625484291,946
4947,0.3675874161535248,perceptual,IT,alexnettrained,ReLu2,0.02900290909896736,947
4948,0.2243681178050973,perceptual,IT,alexnettrained,ReLu2,0.019706430784362863,948
4949,0.32343529686878003,perceptual,IT,alexnettrained,ReLu2,0.03168695914049374,949
4950,0.30375095429206556,perceptual,IT,alexnettrained,ReLu2,0.027281785490447238,950
4951,0.2670879212550239,perceptual,IT,alexnettrained,ReLu2,0.029488124839427837,951
4952,0.17439841053540983,perceptual,IT,alexnettrained,ReLu2,0.01580708003333958,952
4953,0.3097310764690212,perceptual,IT,alexnettrained,ReLu2,0.027734283222248066,953
4954,0.2643934368951951,perceptual,IT,alexnettrained,ReLu2,0.02684728523988315,954
4955,0.3498457719758701,perceptual,IT,alexnettrained,ReLu2,0.02261310326797048,955
4956,0.37633558623077595,perceptual,IT,alexnettrained,ReLu2,0.027699049073994206,956
4957,0.22440008317786103,perceptual,IT,alexnettrained,ReLu2,0.031116652406494152,957
4958,0.15786126511971874,perceptual,IT,alexnettrained,ReLu2,0.01639984584876455,958
4959,0.3175117699803522,perceptual,IT,alexnettrained,ReLu2,0.01872378223739908,959
4960,0.2945445444087472,perceptual,IT,alexnettrained,ReLu2,0.019940293296980174,960
4961,0.2818556931398489,perceptual,IT,alexnettrained,ReLu2,0.030705034665217564,961
4962,0.3228167477557705,perceptual,IT,alexnettrained,ReLu2,0.017977024286284834,962
4963,0.16409592046942342,perceptual,IT,alexnettrained,ReLu2,0.013331103968047108,963
4964,0.4666441099005788,perceptual,IT,alexnettrained,ReLu2,0.04322451062770877,964
4965,0.19923244881754393,perceptual,IT,alexnettrained,ReLu2,0.01928314476660014,965
4966,0.214709293305289,perceptual,IT,alexnettrained,ReLu2,0.01760110683893406,966
4967,0.20181577474928844,perceptual,IT,alexnettrained,ReLu2,0.016744831914197237,967
4968,0.28475433767336555,perceptual,IT,alexnettrained,ReLu2,0.01996887937465599,968
4969,0.10943033059436104,perceptual,IT,alexnettrained,ReLu2,0.010864845670804589,969
4970,0.46649343613346994,perceptual,IT,alexnettrained,ReLu2,0.03469006985480581,970
4971,0.21923788510264042,perceptual,IT,alexnettrained,ReLu2,0.017041958733027038,971
4972,0.20980325003659858,perceptual,IT,alexnettrained,ReLu2,0.027195505890031082,972
4973,0.4661724194966849,perceptual,IT,alexnettrained,ReLu2,0.0347489373397325,973
4974,0.30007921118544484,perceptual,IT,alexnettrained,ReLu2,0.030242206715440232,974
4975,0.26051233368592397,perceptual,IT,alexnettrained,ReLu2,0.016693230518366606,975
4976,0.4158549749698338,perceptual,IT,alexnettrained,ReLu2,0.02998847464469013,976
4977,0.38618379814666737,perceptual,IT,alexnettrained,ReLu2,0.023449807984859926,977
4978,0.2976396299915059,perceptual,IT,alexnettrained,ReLu2,0.027616568121256995,978
4979,0.30551159268261197,perceptual,IT,alexnettrained,ReLu2,0.02546050286764623,979
4980,0.29390848847471696,perceptual,IT,alexnettrained,ReLu2,0.023997037401669637,980
4981,0.3079536991475873,perceptual,IT,alexnettrained,ReLu2,0.028235589543775627,981
4982,0.31896406163448066,perceptual,IT,alexnettrained,ReLu2,0.029526183810305546,982
4983,0.2109982098787626,perceptual,IT,alexnettrained,ReLu2,0.01980136603036372,983
4984,0.24791840615303487,perceptual,IT,alexnettrained,ReLu2,0.02599392320674738,984
4985,0.19235645909734186,perceptual,IT,alexnettrained,ReLu2,0.014276428435451282,985
4986,0.3555439218509553,perceptual,IT,alexnettrained,ReLu2,0.028143444594694415,986
4987,0.28368645656620195,perceptual,IT,alexnettrained,ReLu2,0.021853325544276395,987
4988,0.3119339132396465,perceptual,IT,alexnettrained,ReLu2,0.03313261152692061,988
4989,0.18511758176726809,perceptual,IT,alexnettrained,ReLu2,0.017614929405440904,989
4990,0.21481748552194732,perceptual,IT,alexnettrained,ReLu2,0.023610118329022482,990
4991,0.3136379737738533,perceptual,IT,alexnettrained,ReLu2,0.028389187232801025,991
4992,0.3389235311102375,perceptual,IT,alexnettrained,ReLu2,0.02404407698754657,992
4993,0.29137053425129594,perceptual,IT,alexnettrained,ReLu2,0.01911358729521819,993
4994,0.27819725434143033,perceptual,IT,alexnettrained,ReLu2,0.022845953133854326,994
4995,0.386831444485945,perceptual,IT,alexnettrained,ReLu2,0.031524949610852455,995
4996,0.353995732675537,perceptual,IT,alexnettrained,ReLu2,0.037085506050758346,996
4997,0.31452749402789126,perceptual,IT,alexnettrained,ReLu2,0.035785282457437124,997
4998,0.3469196962058001,perceptual,IT,alexnettrained,ReLu2,0.024562286759523468,998
4999,0.15315712807954157,perceptual,IT,alexnettrained,ReLu2,0.0179838366438542,999
5000,0.1110351791879654,perceptual,IT,alexnettrained,ReLu7,0.0244198384062849,0
5001,0.11425393304305248,perceptual,IT,alexnettrained,ReLu7,0.019153869979028043,1
5002,0.11683903331824114,perceptual,IT,alexnettrained,ReLu7,0.029963144293770637,2
5003,0.19778250180853096,perceptual,IT,alexnettrained,ReLu7,0.027162886232752037,3
5004,0.17125248238341056,perceptual,IT,alexnettrained,ReLu7,0.026842793126104873,4
5005,0.08376330348468974,perceptual,IT,alexnettrained,ReLu7,0.020721828281051298,5
5006,0.12418918413868962,perceptual,IT,alexnettrained,ReLu7,0.029109169530218144,6
5007,0.12001915903747727,perceptual,IT,alexnettrained,ReLu7,0.03388853590693344,7
5008,0.1350081871209599,perceptual,IT,alexnettrained,ReLu7,0.027547341764639483,8
5009,0.1712945808251039,perceptual,IT,alexnettrained,ReLu7,0.027365248559067367,9
5010,0.11354676243289491,perceptual,IT,alexnettrained,ReLu7,0.026055185042948365,10
5011,0.19922855709751203,perceptual,IT,alexnettrained,ReLu7,0.03331460934920756,11
5012,0.10635352832716884,perceptual,IT,alexnettrained,ReLu7,0.01677342816937143,12
5013,0.05671121969618631,perceptual,IT,alexnettrained,ReLu7,0.012096955283232175,13
5014,0.10728013762486019,perceptual,IT,alexnettrained,ReLu7,0.022270240510812674,14
5015,0.11517938563807813,perceptual,IT,alexnettrained,ReLu7,0.022667749209617345,15
5016,0.06597983910192284,perceptual,IT,alexnettrained,ReLu7,0.01442195301241795,16
5017,0.10047828196762629,perceptual,IT,alexnettrained,ReLu7,0.01697415743012188,17
5018,0.13604690450102813,perceptual,IT,alexnettrained,ReLu7,0.020872627637133517,18
5019,0.1226914822633093,perceptual,IT,alexnettrained,ReLu7,0.018543820588028427,19
5020,0.05775253850228269,perceptual,IT,alexnettrained,ReLu7,0.011573363043849656,20
5021,0.1207883825498162,perceptual,IT,alexnettrained,ReLu7,0.02278174552460849,21
5022,0.0786753721693466,perceptual,IT,alexnettrained,ReLu7,0.016673383821167224,22
5023,0.08702509904475696,perceptual,IT,alexnettrained,ReLu7,0.019749934214826157,23
5024,0.08152099686254342,perceptual,IT,alexnettrained,ReLu7,0.014662094455490542,24
5025,0.11087337808264133,perceptual,IT,alexnettrained,ReLu7,0.024342263626249815,25
5026,0.13697051640752533,perceptual,IT,alexnettrained,ReLu7,0.03198081746850925,26
5027,0.10172051619597795,perceptual,IT,alexnettrained,ReLu7,0.021899311515017606,27
5028,0.1042396631358322,perceptual,IT,alexnettrained,ReLu7,0.023152850550685184,28
5029,0.10842382028619854,perceptual,IT,alexnettrained,ReLu7,0.019640478235602346,29
5030,0.10839395080972783,perceptual,IT,alexnettrained,ReLu7,0.01800058865413849,30
5031,0.1569656847894064,perceptual,IT,alexnettrained,ReLu7,0.031522557864124445,31
5032,0.060927423463836373,perceptual,IT,alexnettrained,ReLu7,0.009454238492108415,32
5033,-0.007292651121688103,perceptual,IT,alexnettrained,ReLu7,-0.0006837780352197439,33
5034,0.13188208532892504,perceptual,IT,alexnettrained,ReLu7,0.02714734202216118,34
5035,0.12562976338709306,perceptual,IT,alexnettrained,ReLu7,0.02413470724700239,35
5036,0.0486975639574966,perceptual,IT,alexnettrained,ReLu7,0.005908193564251506,36
5037,0.11999657393055682,perceptual,IT,alexnettrained,ReLu7,0.03072351204511184,37
5038,0.15159961329744762,perceptual,IT,alexnettrained,ReLu7,0.02534258629067943,38
5039,0.11015262146322322,perceptual,IT,alexnettrained,ReLu7,0.023724757199716024,39
5040,0.0932178243982021,perceptual,IT,alexnettrained,ReLu7,0.019506005757505503,40
5041,0.08915723174771903,perceptual,IT,alexnettrained,ReLu7,0.01771748048387069,41
5042,0.15657425125901434,perceptual,IT,alexnettrained,ReLu7,0.035647419918794165,42
5043,0.14371917165877174,perceptual,IT,alexnettrained,ReLu7,0.024511268321940602,43
5044,0.11367305147205362,perceptual,IT,alexnettrained,ReLu7,0.0382499009668459,44
5045,-0.041799463082584254,perceptual,IT,alexnettrained,ReLu7,-0.0048746579521858615,45
5046,0.0544125516199558,perceptual,IT,alexnettrained,ReLu7,0.012746439220870494,46
5047,0.1517556550725688,perceptual,IT,alexnettrained,ReLu7,0.02333656061997358,47
5048,0.13279279378870779,perceptual,IT,alexnettrained,ReLu7,0.023366832328632455,48
5049,0.10095311259601371,perceptual,IT,alexnettrained,ReLu7,0.016936058228191213,49
5050,0.05815628756996259,perceptual,IT,alexnettrained,ReLu7,0.012946689488441538,50
5051,0.13564574469186505,perceptual,IT,alexnettrained,ReLu7,0.02477229712258152,51
5052,0.07958312967511709,perceptual,IT,alexnettrained,ReLu7,0.01431421999529486,52
5053,0.05756877981789187,perceptual,IT,alexnettrained,ReLu7,0.009164617063945092,53
5054,0.1601337209211184,perceptual,IT,alexnettrained,ReLu7,0.03327148720124294,54
5055,0.08902896999516563,perceptual,IT,alexnettrained,ReLu7,0.01610241544119585,55
5056,0.13629628651838085,perceptual,IT,alexnettrained,ReLu7,0.021551077545817154,56
5057,0.11256731368518254,perceptual,IT,alexnettrained,ReLu7,0.024175429880232663,57
5058,0.11595640776409018,perceptual,IT,alexnettrained,ReLu7,0.01890432097763112,58
5059,0.12482619891867701,perceptual,IT,alexnettrained,ReLu7,0.025271963115195268,59
5060,0.15723649269374362,perceptual,IT,alexnettrained,ReLu7,0.026425908099433234,60
5061,0.196481135203685,perceptual,IT,alexnettrained,ReLu7,0.039555063835928654,61
5062,0.08928637768595474,perceptual,IT,alexnettrained,ReLu7,0.022159731025903025,62
5063,0.11420138029138292,perceptual,IT,alexnettrained,ReLu7,0.025178068850232223,63
5064,0.16910325553856567,perceptual,IT,alexnettrained,ReLu7,0.03567560094824571,64
5065,0.10943971324501917,perceptual,IT,alexnettrained,ReLu7,0.028697716589163914,65
5066,0.09263235896471081,perceptual,IT,alexnettrained,ReLu7,0.014579628915379379,66
5067,0.12588573366257427,perceptual,IT,alexnettrained,ReLu7,0.034818544915950614,67
5068,0.06266473022792589,perceptual,IT,alexnettrained,ReLu7,0.015866105453863896,68
5069,0.11863058512826644,perceptual,IT,alexnettrained,ReLu7,0.022525319087188744,69
5070,0.009223756205671983,perceptual,IT,alexnettrained,ReLu7,0.001039402402607869,70
5071,0.1228719625286934,perceptual,IT,alexnettrained,ReLu7,0.02441214998187787,71
5072,0.11158461210177202,perceptual,IT,alexnettrained,ReLu7,0.01671714219744255,72
5073,0.09517386821628884,perceptual,IT,alexnettrained,ReLu7,0.019128260455732057,73
5074,0.1099048413445641,perceptual,IT,alexnettrained,ReLu7,0.03280825421473437,74
5075,0.14669173071512318,perceptual,IT,alexnettrained,ReLu7,0.028514094717364546,75
5076,0.079012484100214,perceptual,IT,alexnettrained,ReLu7,0.0136042572144459,76
5077,0.11121358044290237,perceptual,IT,alexnettrained,ReLu7,0.02146779301900696,77
5078,0.08789237190133488,perceptual,IT,alexnettrained,ReLu7,0.01679087337683214,78
5079,0.11620994105362724,perceptual,IT,alexnettrained,ReLu7,0.027509195622173955,79
5080,0.15821057510600184,perceptual,IT,alexnettrained,ReLu7,0.04753067169954393,80
5081,0.09269623088150367,perceptual,IT,alexnettrained,ReLu7,0.015858027582137838,81
5082,0.0618943403599663,perceptual,IT,alexnettrained,ReLu7,0.013272398473369917,82
5083,0.08872209803116862,perceptual,IT,alexnettrained,ReLu7,0.01777778375717176,83
5084,0.14810526015439165,perceptual,IT,alexnettrained,ReLu7,0.019798021656834062,84
5085,0.07929770029649816,perceptual,IT,alexnettrained,ReLu7,0.014565810456929283,85
5086,0.14607362138410976,perceptual,IT,alexnettrained,ReLu7,0.030914960549545532,86
5087,0.16710848829115765,perceptual,IT,alexnettrained,ReLu7,0.031031100076280398,87
5088,0.09636499830101924,perceptual,IT,alexnettrained,ReLu7,0.022712358186551717,88
5089,0.11635518871865654,perceptual,IT,alexnettrained,ReLu7,0.018635974476426,89
5090,0.1148440141540903,perceptual,IT,alexnettrained,ReLu7,0.019788136991458326,90
5091,0.08786387882054776,perceptual,IT,alexnettrained,ReLu7,0.012417338328556581,91
5092,0.07958957608057694,perceptual,IT,alexnettrained,ReLu7,0.01874371859662959,92
5093,0.0914464788437767,perceptual,IT,alexnettrained,ReLu7,0.01714940174070004,93
5094,0.11861766377150755,perceptual,IT,alexnettrained,ReLu7,0.025789531759754115,94
5095,0.05840638984863589,perceptual,IT,alexnettrained,ReLu7,0.013183489589376629,95
5096,0.05889514608803142,perceptual,IT,alexnettrained,ReLu7,0.009052034206767423,96
5097,0.1038051888614536,perceptual,IT,alexnettrained,ReLu7,0.018551678220474842,97
5098,0.12411166325556651,perceptual,IT,alexnettrained,ReLu7,0.026409542271306853,98
5099,0.11038689845866746,perceptual,IT,alexnettrained,ReLu7,0.025035285962044972,99
5100,0.01539665242137275,perceptual,IT,alexnettrained,ReLu7,0.0017205392186309607,100
5101,0.07154453798662494,perceptual,IT,alexnettrained,ReLu7,0.011777177440793032,101
5102,0.0698631115673414,perceptual,IT,alexnettrained,ReLu7,0.014862713775409023,102
5103,0.12402744497678833,perceptual,IT,alexnettrained,ReLu7,0.03142226614302603,103
5104,0.14424499930402546,perceptual,IT,alexnettrained,ReLu7,0.023267383914928254,104
5105,0.17453875229523255,perceptual,IT,alexnettrained,ReLu7,0.03165314606363948,105
5106,0.06885989616135402,perceptual,IT,alexnettrained,ReLu7,0.014148996441665644,106
5107,0.08099243626095935,perceptual,IT,alexnettrained,ReLu7,0.0165714847222469,107
5108,0.02864818088575193,perceptual,IT,alexnettrained,ReLu7,0.0057416710179260515,108
5109,0.09361272238133338,perceptual,IT,alexnettrained,ReLu7,0.024319663133646374,109
5110,0.16440206265919458,perceptual,IT,alexnettrained,ReLu7,0.032901107681544674,110
5111,0.17605166639450906,perceptual,IT,alexnettrained,ReLu7,0.025848448711409094,111
5112,0.11258343817852398,perceptual,IT,alexnettrained,ReLu7,0.021550683302423167,112
5113,0.054264350382330157,perceptual,IT,alexnettrained,ReLu7,0.006564258770638756,113
5114,0.09817417481906998,perceptual,IT,alexnettrained,ReLu7,0.01407681257560664,114
5115,0.14085221341305648,perceptual,IT,alexnettrained,ReLu7,0.02671165614798581,115
5116,0.17889688257668648,perceptual,IT,alexnettrained,ReLu7,0.03342038085075197,116
5117,0.12447013784815304,perceptual,IT,alexnettrained,ReLu7,0.02449613800313331,117
5118,0.1399089595153222,perceptual,IT,alexnettrained,ReLu7,0.024421162733587715,118
5119,0.08425860910797653,perceptual,IT,alexnettrained,ReLu7,0.016093351816043818,119
5120,0.08428743916465438,perceptual,IT,alexnettrained,ReLu7,0.015776910762214928,120
5121,0.10030277053891479,perceptual,IT,alexnettrained,ReLu7,0.016932362070956566,121
5122,0.14705331236726152,perceptual,IT,alexnettrained,ReLu7,0.03022201363730445,122
5123,0.07361225491042883,perceptual,IT,alexnettrained,ReLu7,0.016203784459941015,123
5124,0.10714974225049193,perceptual,IT,alexnettrained,ReLu7,0.013579887095419654,124
5125,0.044855415341729404,perceptual,IT,alexnettrained,ReLu7,0.011256347951520706,125
5126,0.07440457781931578,perceptual,IT,alexnettrained,ReLu7,0.015228347372143007,126
5127,0.09382745938577404,perceptual,IT,alexnettrained,ReLu7,0.02300364661597651,127
5128,0.0794048626602441,perceptual,IT,alexnettrained,ReLu7,0.018525279135324355,128
5129,0.1323760766940375,perceptual,IT,alexnettrained,ReLu7,0.03532937997700418,129
5130,0.07824302475844006,perceptual,IT,alexnettrained,ReLu7,0.014397191508371713,130
5131,0.17748566016205128,perceptual,IT,alexnettrained,ReLu7,0.036186550399564685,131
5132,0.1550710037129385,perceptual,IT,alexnettrained,ReLu7,0.0300502265562924,132
5133,0.12765368837649646,perceptual,IT,alexnettrained,ReLu7,0.018265547798526377,133
5134,0.0869149387941833,perceptual,IT,alexnettrained,ReLu7,0.017010168119425476,134
5135,0.08928668792411124,perceptual,IT,alexnettrained,ReLu7,0.01828202014354182,135
5136,0.15193422620642247,perceptual,IT,alexnettrained,ReLu7,0.031733565350984906,136
5137,0.07705081638449003,perceptual,IT,alexnettrained,ReLu7,0.012925749521523786,137
5138,0.16135117044491815,perceptual,IT,alexnettrained,ReLu7,0.038378669891860714,138
5139,0.116804313415252,perceptual,IT,alexnettrained,ReLu7,0.022651340787336296,139
5140,0.14006036361331622,perceptual,IT,alexnettrained,ReLu7,0.030443554747489155,140
5141,0.1104318671384221,perceptual,IT,alexnettrained,ReLu7,0.023976223268732243,141
5142,0.08722392240479294,perceptual,IT,alexnettrained,ReLu7,0.015161649031131163,142
5143,0.1371094650204587,perceptual,IT,alexnettrained,ReLu7,0.026432867652843306,143
5144,0.1684552928821611,perceptual,IT,alexnettrained,ReLu7,0.025334502532944638,144
5145,0.08546699577197041,perceptual,IT,alexnettrained,ReLu7,0.017436678883094706,145
5146,0.10157097779312882,perceptual,IT,alexnettrained,ReLu7,0.02507549447908953,146
5147,0.08399067097797477,perceptual,IT,alexnettrained,ReLu7,0.01898624702427792,147
5148,0.062058076965617305,perceptual,IT,alexnettrained,ReLu7,0.014211507343043496,148
5149,0.21021283444912242,perceptual,IT,alexnettrained,ReLu7,0.037533822099280446,149
5150,0.06860634387693744,perceptual,IT,alexnettrained,ReLu7,0.012898843267691048,150
5151,0.09098283417205409,perceptual,IT,alexnettrained,ReLu7,0.017367992244958226,151
5152,0.04647842742084242,perceptual,IT,alexnettrained,ReLu7,0.007415599209303832,152
5153,0.14704281641119005,perceptual,IT,alexnettrained,ReLu7,0.03224135229414113,153
5154,0.16222347090222172,perceptual,IT,alexnettrained,ReLu7,0.029198448104523787,154
5155,0.030064456120706216,perceptual,IT,alexnettrained,ReLu7,0.00729574437114445,155
5156,0.12535518644015617,perceptual,IT,alexnettrained,ReLu7,0.02999742544370141,156
5157,0.09378929729071832,perceptual,IT,alexnettrained,ReLu7,0.017243080690066043,157
5158,0.10268001426904573,perceptual,IT,alexnettrained,ReLu7,0.020492965640833593,158
5159,0.0880309944744556,perceptual,IT,alexnettrained,ReLu7,0.013975674526744367,159
5160,0.11014372754200727,perceptual,IT,alexnettrained,ReLu7,0.02815604301459372,160
5161,0.18396888722111676,perceptual,IT,alexnettrained,ReLu7,0.04025907082982944,161
5162,0.09613041370199424,perceptual,IT,alexnettrained,ReLu7,0.019889687851771178,162
5163,0.08598089162295652,perceptual,IT,alexnettrained,ReLu7,0.020700435935755452,163
5164,0.060382087253410335,perceptual,IT,alexnettrained,ReLu7,0.01173872755897935,164
5165,0.07464243797148222,perceptual,IT,alexnettrained,ReLu7,0.015217227417247212,165
5166,0.16946680252359736,perceptual,IT,alexnettrained,ReLu7,0.041827833465678074,166
5167,0.10481350867662681,perceptual,IT,alexnettrained,ReLu7,0.020687372946343142,167
5168,0.08968551233545735,perceptual,IT,alexnettrained,ReLu7,0.01937008247118585,168
5169,0.14386390474791222,perceptual,IT,alexnettrained,ReLu7,0.018817128839065635,169
5170,0.08393325403589844,perceptual,IT,alexnettrained,ReLu7,0.017329498316224476,170
5171,0.13366735234013163,perceptual,IT,alexnettrained,ReLu7,0.033070125546976636,171
5172,0.10663951831703482,perceptual,IT,alexnettrained,ReLu7,0.02050854226739529,172
5173,0.0575739986848844,perceptual,IT,alexnettrained,ReLu7,0.012648341592639212,173
5174,0.13248055706842793,perceptual,IT,alexnettrained,ReLu7,0.027371589402071638,174
5175,0.10146097602424373,perceptual,IT,alexnettrained,ReLu7,0.021833878058478313,175
5176,0.041545692145031475,perceptual,IT,alexnettrained,ReLu7,0.009788579580255589,176
5177,0.1554769714977184,perceptual,IT,alexnettrained,ReLu7,0.029548434141573352,177
5178,0.09425272089138899,perceptual,IT,alexnettrained,ReLu7,0.021378185379049095,178
5179,0.13429428566665202,perceptual,IT,alexnettrained,ReLu7,0.02828122364280103,179
5180,0.134216751321978,perceptual,IT,alexnettrained,ReLu7,0.02681209659919484,180
5181,0.18011420008217657,perceptual,IT,alexnettrained,ReLu7,0.03503319758088721,181
5182,0.06408915838322107,perceptual,IT,alexnettrained,ReLu7,0.012057801299603717,182
5183,0.08336016945071055,perceptual,IT,alexnettrained,ReLu7,0.020418720353765837,183
5184,0.1383059275306096,perceptual,IT,alexnettrained,ReLu7,0.029116645486679023,184
5185,0.09515750856830757,perceptual,IT,alexnettrained,ReLu7,0.01881436793909249,185
5186,0.0921094634907994,perceptual,IT,alexnettrained,ReLu7,0.020341627247102066,186
5187,0.10482498661449932,perceptual,IT,alexnettrained,ReLu7,0.022503378619445732,187
5188,0.08833619000213093,perceptual,IT,alexnettrained,ReLu7,0.02145135744222732,188
5189,0.08072775930386539,perceptual,IT,alexnettrained,ReLu7,0.017234828283361158,189
5190,0.0904947502047424,perceptual,IT,alexnettrained,ReLu7,0.019117556839390662,190
5191,0.08307339283493202,perceptual,IT,alexnettrained,ReLu7,0.015477569392157758,191
5192,0.10382616425714336,perceptual,IT,alexnettrained,ReLu7,0.00994255901769707,192
5193,0.08791524459084346,perceptual,IT,alexnettrained,ReLu7,0.014474213530181251,193
5194,0.1670719891913977,perceptual,IT,alexnettrained,ReLu7,0.025072501158668513,194
5195,0.0940921553444121,perceptual,IT,alexnettrained,ReLu7,0.015763745377348797,195
5196,0.11450968269832407,perceptual,IT,alexnettrained,ReLu7,0.025899611787724208,196
5197,0.1553860846897806,perceptual,IT,alexnettrained,ReLu7,0.03437070655068113,197
5198,0.11813267299516941,perceptual,IT,alexnettrained,ReLu7,0.01850012456036676,198
5199,0.04216076513636455,perceptual,IT,alexnettrained,ReLu7,0.004507905982584613,199
5200,0.12257263047547098,perceptual,IT,alexnettrained,ReLu7,0.03239222354322559,200
5201,0.1946443858921048,perceptual,IT,alexnettrained,ReLu7,0.0421070054541265,201
5202,0.08147414485634806,perceptual,IT,alexnettrained,ReLu7,0.019206552671213,202
5203,0.0952936410996404,perceptual,IT,alexnettrained,ReLu7,0.023870503872364234,203
5204,0.12416543077007393,perceptual,IT,alexnettrained,ReLu7,0.02380127609627069,204
5205,0.10546245691253052,perceptual,IT,alexnettrained,ReLu7,0.031094542484488626,205
5206,0.07606550599614978,perceptual,IT,alexnettrained,ReLu7,0.02158107565246659,206
5207,0.09466391213829588,perceptual,IT,alexnettrained,ReLu7,0.019056294468159617,207
5208,0.1717143854809381,perceptual,IT,alexnettrained,ReLu7,0.03358351074562508,208
5209,0.12658423616759493,perceptual,IT,alexnettrained,ReLu7,0.014727348319944645,209
5210,0.13846644696829624,perceptual,IT,alexnettrained,ReLu7,0.01740511044561005,210
5211,0.13040886180507735,perceptual,IT,alexnettrained,ReLu7,0.02320993657362535,211
5212,0.07569126586164707,perceptual,IT,alexnettrained,ReLu7,0.009509445862057252,212
5213,0.08178168021520589,perceptual,IT,alexnettrained,ReLu7,0.012518356251271515,213
5214,0.10873577588321823,perceptual,IT,alexnettrained,ReLu7,0.01897143397997057,214
5215,0.05564204966530747,perceptual,IT,alexnettrained,ReLu7,0.008224282558092065,215
5216,0.18403435576396543,perceptual,IT,alexnettrained,ReLu7,0.03174140380758089,216
5217,0.11611788440095919,perceptual,IT,alexnettrained,ReLu7,0.026101552113985873,217
5218,0.07348570206798508,perceptual,IT,alexnettrained,ReLu7,0.018047936808040003,218
5219,0.15054472322457854,perceptual,IT,alexnettrained,ReLu7,0.03873633463960676,219
5220,0.1071007072761843,perceptual,IT,alexnettrained,ReLu7,0.02056596478207104,220
5221,0.1362460610909068,perceptual,IT,alexnettrained,ReLu7,0.025630045966602108,221
5222,0.04828458001652995,perceptual,IT,alexnettrained,ReLu7,0.00869902560008199,222
5223,0.1314870322959154,perceptual,IT,alexnettrained,ReLu7,0.02690247021804771,223
5224,0.07870378331184784,perceptual,IT,alexnettrained,ReLu7,0.014516785059813079,224
5225,0.05291698733606254,perceptual,IT,alexnettrained,ReLu7,0.011835635829853516,225
5226,0.1485984067168281,perceptual,IT,alexnettrained,ReLu7,0.023311451948296487,226
5227,0.09890774160557898,perceptual,IT,alexnettrained,ReLu7,0.01968445394456858,227
5228,0.15521295564741455,perceptual,IT,alexnettrained,ReLu7,0.0234595291821371,228
5229,0.09626979984998417,perceptual,IT,alexnettrained,ReLu7,0.015406683481776422,229
5230,0.07056199068991521,perceptual,IT,alexnettrained,ReLu7,0.007416682431922828,230
5231,0.04637497483504627,perceptual,IT,alexnettrained,ReLu7,0.009480561187112385,231
5232,0.12011640414569709,perceptual,IT,alexnettrained,ReLu7,0.021983457848820456,232
5233,0.0896002171195357,perceptual,IT,alexnettrained,ReLu7,0.01650672102118879,233
5234,0.09309559192970246,perceptual,IT,alexnettrained,ReLu7,0.017389658808460842,234
5235,0.1141236217923004,perceptual,IT,alexnettrained,ReLu7,0.015346889550629468,235
5236,0.15547153400867622,perceptual,IT,alexnettrained,ReLu7,0.0375820441296853,236
5237,0.11594594013559409,perceptual,IT,alexnettrained,ReLu7,0.02847490911913516,237
5238,0.1631853005839695,perceptual,IT,alexnettrained,ReLu7,0.04076182478993793,238
5239,0.11804956205521241,perceptual,IT,alexnettrained,ReLu7,0.021724427221586504,239
5240,0.11828205834393743,perceptual,IT,alexnettrained,ReLu7,0.026734184828477572,240
5241,0.10011652808155729,perceptual,IT,alexnettrained,ReLu7,0.019990111801682427,241
5242,0.0975968017455983,perceptual,IT,alexnettrained,ReLu7,0.024713380170887464,242
5243,0.11148204908058934,perceptual,IT,alexnettrained,ReLu7,0.02760849925113109,243
5244,0.1803161955970799,perceptual,IT,alexnettrained,ReLu7,0.03727423719957471,244
5245,0.07560542399838127,perceptual,IT,alexnettrained,ReLu7,0.014286863405415613,245
5246,0.10427722109023281,perceptual,IT,alexnettrained,ReLu7,0.01854064718540862,246
5247,0.10440944206207908,perceptual,IT,alexnettrained,ReLu7,0.014035840631556249,247
5248,0.16383729224161228,perceptual,IT,alexnettrained,ReLu7,0.03420834126629028,248
5249,0.11186731201978911,perceptual,IT,alexnettrained,ReLu7,0.013745318246025833,249
5250,0.10873840385557483,perceptual,IT,alexnettrained,ReLu7,0.021066826197613103,250
5251,0.12953673414629538,perceptual,IT,alexnettrained,ReLu7,0.033593835253620835,251
5252,0.0791403627951839,perceptual,IT,alexnettrained,ReLu7,0.012245698203381119,252
5253,0.13365007858798336,perceptual,IT,alexnettrained,ReLu7,0.026120534356043567,253
5254,0.06610762976524064,perceptual,IT,alexnettrained,ReLu7,0.007045379974251404,254
5255,0.1387303030760277,perceptual,IT,alexnettrained,ReLu7,0.026639843937291473,255
5256,0.14459929455800413,perceptual,IT,alexnettrained,ReLu7,0.03625318388232908,256
5257,0.11077241717910531,perceptual,IT,alexnettrained,ReLu7,0.02863933400496203,257
5258,0.17165350233150964,perceptual,IT,alexnettrained,ReLu7,0.03194083957354442,258
5259,0.10839886898574418,perceptual,IT,alexnettrained,ReLu7,0.02843219283826101,259
5260,0.09261331246682236,perceptual,IT,alexnettrained,ReLu7,0.016631063943326092,260
5261,0.08585162633816207,perceptual,IT,alexnettrained,ReLu7,0.019663279759665104,261
5262,0.11424171285950531,perceptual,IT,alexnettrained,ReLu7,0.022441009691612834,262
5263,0.10431432987831671,perceptual,IT,alexnettrained,ReLu7,0.018885244801541308,263
5264,0.04926724975803888,perceptual,IT,alexnettrained,ReLu7,0.010866847029672022,264
5265,0.07496681279555514,perceptual,IT,alexnettrained,ReLu7,0.018192281187033362,265
5266,0.1045647958877328,perceptual,IT,alexnettrained,ReLu7,0.02988979830530102,266
5267,0.06812762026628312,perceptual,IT,alexnettrained,ReLu7,0.012317308961532877,267
5268,0.10007952873020702,perceptual,IT,alexnettrained,ReLu7,0.015213266290177222,268
5269,0.07825434318926994,perceptual,IT,alexnettrained,ReLu7,0.013994582189255547,269
5270,0.11515591944131705,perceptual,IT,alexnettrained,ReLu7,0.021753655232349185,270
5271,0.118836112688702,perceptual,IT,alexnettrained,ReLu7,0.020964705018203623,271
5272,0.11371060298830318,perceptual,IT,alexnettrained,ReLu7,0.020867915385710287,272
5273,0.06578571439654807,perceptual,IT,alexnettrained,ReLu7,0.013700074859737298,273
5274,0.05749665690447686,perceptual,IT,alexnettrained,ReLu7,0.008899326937834112,274
5275,0.14331482357032707,perceptual,IT,alexnettrained,ReLu7,0.03121733698589554,275
5276,0.12330576707154846,perceptual,IT,alexnettrained,ReLu7,0.028105030113239164,276
5277,0.1654175959694007,perceptual,IT,alexnettrained,ReLu7,0.028750620957301822,277
5278,0.11483324802647098,perceptual,IT,alexnettrained,ReLu7,0.027595206073164177,278
5279,0.17361617108275904,perceptual,IT,alexnettrained,ReLu7,0.03039149018622756,279
5280,0.09816698336450277,perceptual,IT,alexnettrained,ReLu7,0.013670855714375946,280
5281,0.08007591301044893,perceptual,IT,alexnettrained,ReLu7,0.019045455611623543,281
5282,0.0954762624762977,perceptual,IT,alexnettrained,ReLu7,0.015303067560533052,282
5283,0.13746599851507812,perceptual,IT,alexnettrained,ReLu7,0.02844370612756647,283
5284,0.03897910386909941,perceptual,IT,alexnettrained,ReLu7,0.007221202484980964,284
5285,0.1455599124319361,perceptual,IT,alexnettrained,ReLu7,0.03111205160338281,285
5286,0.10647729707915386,perceptual,IT,alexnettrained,ReLu7,0.01901487566930785,286
5287,0.09152756379015126,perceptual,IT,alexnettrained,ReLu7,0.017160442139777694,287
5288,0.11835565621934362,perceptual,IT,alexnettrained,ReLu7,0.026298441960501302,288
5289,0.06459972880782781,perceptual,IT,alexnettrained,ReLu7,0.011894024796933411,289
5290,0.14113186761566968,perceptual,IT,alexnettrained,ReLu7,0.03021943037981437,290
5291,0.08602713540574344,perceptual,IT,alexnettrained,ReLu7,0.018006026912531954,291
5292,0.08593816307212111,perceptual,IT,alexnettrained,ReLu7,0.020499335038704068,292
5293,0.09940888859218695,perceptual,IT,alexnettrained,ReLu7,0.020012276010715882,293
5294,0.15710035713487783,perceptual,IT,alexnettrained,ReLu7,0.027998026172848536,294
5295,0.11847202164036359,perceptual,IT,alexnettrained,ReLu7,0.023717888143793404,295
5296,0.057210167518092436,perceptual,IT,alexnettrained,ReLu7,0.009780123786507462,296
5297,0.10767514093771227,perceptual,IT,alexnettrained,ReLu7,0.01759535749763967,297
5298,0.10067214598787493,perceptual,IT,alexnettrained,ReLu7,0.021874215323582892,298
5299,0.14008175732643877,perceptual,IT,alexnettrained,ReLu7,0.02543821006901436,299
5300,0.09942092527371994,perceptual,IT,alexnettrained,ReLu7,0.00964628619628,300
5301,0.053755177271243015,perceptual,IT,alexnettrained,ReLu7,0.010909990950857668,301
5302,0.11097110897856273,perceptual,IT,alexnettrained,ReLu7,0.024528078782496587,302
5303,0.13999836125853815,perceptual,IT,alexnettrained,ReLu7,0.031154186800158974,303
5304,0.07413532836964373,perceptual,IT,alexnettrained,ReLu7,0.010210487212070646,304
5305,0.08077198529416511,perceptual,IT,alexnettrained,ReLu7,0.019769936910179843,305
5306,0.059211484266347175,perceptual,IT,alexnettrained,ReLu7,0.010235401023160152,306
5307,0.08987855018277802,perceptual,IT,alexnettrained,ReLu7,0.014912680052766697,307
5308,0.0884764337906379,perceptual,IT,alexnettrained,ReLu7,0.016919057326609647,308
5309,0.15991949418753856,perceptual,IT,alexnettrained,ReLu7,0.028187204432697392,309
5310,0.06945396391976409,perceptual,IT,alexnettrained,ReLu7,0.0167725121572753,310
5311,0.0785133123668178,perceptual,IT,alexnettrained,ReLu7,0.01701647913154318,311
5312,0.09978384942589152,perceptual,IT,alexnettrained,ReLu7,0.01928654053772749,312
5313,0.12822234058996604,perceptual,IT,alexnettrained,ReLu7,0.026378036712217744,313
5314,0.07053528791956046,perceptual,IT,alexnettrained,ReLu7,0.013391199017145122,314
5315,0.1180426862878773,perceptual,IT,alexnettrained,ReLu7,0.02448355241028012,315
5316,0.05597265093179615,perceptual,IT,alexnettrained,ReLu7,0.012931338975354253,316
5317,0.0460009745152545,perceptual,IT,alexnettrained,ReLu7,0.009118417466793247,317
5318,0.13347875817220733,perceptual,IT,alexnettrained,ReLu7,0.022397853488620563,318
5319,0.11869473216231885,perceptual,IT,alexnettrained,ReLu7,0.028246097063022425,319
5320,0.08415301750324432,perceptual,IT,alexnettrained,ReLu7,0.016347942670069567,320
5321,0.08793561791725141,perceptual,IT,alexnettrained,ReLu7,0.01992629100144278,321
5322,0.13019246409427462,perceptual,IT,alexnettrained,ReLu7,0.041101267032352076,322
5323,0.07880256163663707,perceptual,IT,alexnettrained,ReLu7,0.015980403617521385,323
5324,0.11679717339314323,perceptual,IT,alexnettrained,ReLu7,0.019030913194151854,324
5325,0.14887789582304586,perceptual,IT,alexnettrained,ReLu7,0.025683382984031253,325
5326,0.15406044779558137,perceptual,IT,alexnettrained,ReLu7,0.03455561777127614,326
5327,0.12108423625609056,perceptual,IT,alexnettrained,ReLu7,0.023680411911910587,327
5328,0.04871826801686502,perceptual,IT,alexnettrained,ReLu7,0.01072756142218227,328
5329,0.17790857797826065,perceptual,IT,alexnettrained,ReLu7,0.03221064189502081,329
5330,0.09104248308750293,perceptual,IT,alexnettrained,ReLu7,0.012699951364064994,330
5331,0.15648165769865777,perceptual,IT,alexnettrained,ReLu7,0.03673213702782578,331
5332,0.04097755713182993,perceptual,IT,alexnettrained,ReLu7,0.008679345735380926,332
5333,0.12220384968002264,perceptual,IT,alexnettrained,ReLu7,0.020919072712506467,333
5334,0.13755738273680992,perceptual,IT,alexnettrained,ReLu7,0.022265056186696323,334
5335,0.11395955844009131,perceptual,IT,alexnettrained,ReLu7,0.020422515781735047,335
5336,0.1035279225777659,perceptual,IT,alexnettrained,ReLu7,0.02057100584663394,336
5337,0.06407755040472186,perceptual,IT,alexnettrained,ReLu7,0.012483255420843754,337
5338,0.1448719051724835,perceptual,IT,alexnettrained,ReLu7,0.019264373171588044,338
5339,0.14920358998567793,perceptual,IT,alexnettrained,ReLu7,0.02862288859186838,339
5340,0.0955553743708926,perceptual,IT,alexnettrained,ReLu7,0.020561976771509893,340
5341,0.09011153056832565,perceptual,IT,alexnettrained,ReLu7,0.016082774506502133,341
5342,0.12850794614771563,perceptual,IT,alexnettrained,ReLu7,0.0288686849052118,342
5343,0.09148733089124043,perceptual,IT,alexnettrained,ReLu7,0.015087267568282185,343
5344,0.11954576680317197,perceptual,IT,alexnettrained,ReLu7,0.018697606259903278,344
5345,0.19316957342713312,perceptual,IT,alexnettrained,ReLu7,0.03741682195921666,345
5346,0.0970174323544027,perceptual,IT,alexnettrained,ReLu7,0.023733098211516243,346
5347,0.09790741317074766,perceptual,IT,alexnettrained,ReLu7,0.017767809239035984,347
5348,0.08854231399969033,perceptual,IT,alexnettrained,ReLu7,0.0258365906970786,348
5349,0.12813735025573592,perceptual,IT,alexnettrained,ReLu7,0.03630006360496833,349
5350,0.024698409426451476,perceptual,IT,alexnettrained,ReLu7,0.00402409282639046,350
5351,0.11420325188758941,perceptual,IT,alexnettrained,ReLu7,0.019855196599205382,351
5352,0.11080589658010857,perceptual,IT,alexnettrained,ReLu7,0.030068703739790655,352
5353,0.12071352516106039,perceptual,IT,alexnettrained,ReLu7,0.02344524863390626,353
5354,0.1100302673389913,perceptual,IT,alexnettrained,ReLu7,0.024697848534438953,354
5355,0.11454128176585515,perceptual,IT,alexnettrained,ReLu7,0.024288826186828268,355
5356,0.0820973528235392,perceptual,IT,alexnettrained,ReLu7,0.01800324710261656,356
5357,0.13617757313075232,perceptual,IT,alexnettrained,ReLu7,0.032788619001402924,357
5358,0.07323283909900194,perceptual,IT,alexnettrained,ReLu7,0.019783777469119343,358
5359,0.14191778601832805,perceptual,IT,alexnettrained,ReLu7,0.030795226196866046,359
5360,0.08771501786937001,perceptual,IT,alexnettrained,ReLu7,0.018572435269716116,360
5361,0.10503193929954086,perceptual,IT,alexnettrained,ReLu7,0.0253609437196233,361
5362,0.07413325634670503,perceptual,IT,alexnettrained,ReLu7,0.014864393229136364,362
5363,0.1137164918131373,perceptual,IT,alexnettrained,ReLu7,0.02269870301196173,363
5364,0.11379607030893243,perceptual,IT,alexnettrained,ReLu7,0.02208990603571804,364
5365,0.10204483306652824,perceptual,IT,alexnettrained,ReLu7,0.023642530122147048,365
5366,0.10991467529230027,perceptual,IT,alexnettrained,ReLu7,0.016423616653800103,366
5367,0.10237128005946879,perceptual,IT,alexnettrained,ReLu7,0.0252320452861903,367
5368,0.0866870967882472,perceptual,IT,alexnettrained,ReLu7,0.016790318030294387,368
5369,0.2136958492290333,perceptual,IT,alexnettrained,ReLu7,0.03746661564979394,369
5370,0.13466797857064522,perceptual,IT,alexnettrained,ReLu7,0.02309986756845243,370
5371,0.16610081149585426,perceptual,IT,alexnettrained,ReLu7,0.03449166663649435,371
5372,0.14123334226004997,perceptual,IT,alexnettrained,ReLu7,0.021933632498027007,372
5373,0.16205990952088872,perceptual,IT,alexnettrained,ReLu7,0.02407948417878591,373
5374,0.08194903207748239,perceptual,IT,alexnettrained,ReLu7,0.015620525313735544,374
5375,0.0677770607018874,perceptual,IT,alexnettrained,ReLu7,0.01246074130481322,375
5376,0.04002913268174755,perceptual,IT,alexnettrained,ReLu7,0.008030743776908336,376
5377,0.128263271300015,perceptual,IT,alexnettrained,ReLu7,0.027170812098395627,377
5378,0.12379243059072632,perceptual,IT,alexnettrained,ReLu7,0.029053634440158755,378
5379,0.11202611469495143,perceptual,IT,alexnettrained,ReLu7,0.02411706177659093,379
5380,0.0818951910815241,perceptual,IT,alexnettrained,ReLu7,0.01754135465976815,380
5381,0.07314635183871351,perceptual,IT,alexnettrained,ReLu7,0.011796273890438275,381
5382,0.06836349715456763,perceptual,IT,alexnettrained,ReLu7,0.013200406423716485,382
5383,0.09164344278890962,perceptual,IT,alexnettrained,ReLu7,0.023716679724170776,383
5384,0.10021756854547889,perceptual,IT,alexnettrained,ReLu7,0.017526725536728474,384
5385,0.1271518081366556,perceptual,IT,alexnettrained,ReLu7,0.03135131824866381,385
5386,0.12592041304309332,perceptual,IT,alexnettrained,ReLu7,0.019656421242754376,386
5387,0.08269653183624985,perceptual,IT,alexnettrained,ReLu7,0.017184052012056736,387
5388,0.10828688324880921,perceptual,IT,alexnettrained,ReLu7,0.019911817801232672,388
5389,0.15526981995972922,perceptual,IT,alexnettrained,ReLu7,0.03211466652199888,389
5390,0.08183146573912593,perceptual,IT,alexnettrained,ReLu7,0.019624872711407188,390
5391,0.09056256809845338,perceptual,IT,alexnettrained,ReLu7,0.013211137952143234,391
5392,0.1110115198342226,perceptual,IT,alexnettrained,ReLu7,0.019706637512948072,392
5393,0.0906361099750968,perceptual,IT,alexnettrained,ReLu7,0.021031461014479162,393
5394,0.007008810663897354,perceptual,IT,alexnettrained,ReLu7,0.001102078659006074,394
5395,0.1185436649526739,perceptual,IT,alexnettrained,ReLu7,0.027878205228184346,395
5396,0.13147228474667655,perceptual,IT,alexnettrained,ReLu7,0.02541514221884182,396
5397,0.13622417775602444,perceptual,IT,alexnettrained,ReLu7,0.018664548257468258,397
5398,0.1332676643075887,perceptual,IT,alexnettrained,ReLu7,0.025262139850341616,398
5399,0.10087796172414272,perceptual,IT,alexnettrained,ReLu7,0.018517808641084023,399
5400,0.11879029377790881,perceptual,IT,alexnettrained,ReLu7,0.018727812552605166,400
5401,0.10633175764202496,perceptual,IT,alexnettrained,ReLu7,0.02202280859986858,401
5402,0.09933190586523553,perceptual,IT,alexnettrained,ReLu7,0.02140880068828701,402
5403,0.07661784137092102,perceptual,IT,alexnettrained,ReLu7,0.01510867281324644,403
5404,0.11442368985467676,perceptual,IT,alexnettrained,ReLu7,0.03129815868550043,404
5405,0.0717642705265164,perceptual,IT,alexnettrained,ReLu7,0.01361966106774519,405
5406,0.09936868584238659,perceptual,IT,alexnettrained,ReLu7,0.02456966929180237,406
5407,0.08451568057789906,perceptual,IT,alexnettrained,ReLu7,0.014128560532112804,407
5408,0.12183660682615632,perceptual,IT,alexnettrained,ReLu7,0.027882360153765978,408
5409,0.1429167505246328,perceptual,IT,alexnettrained,ReLu7,0.021613590213847823,409
5410,0.0730975145951875,perceptual,IT,alexnettrained,ReLu7,0.017696220890609904,410
5411,0.07713542115298418,perceptual,IT,alexnettrained,ReLu7,0.013646664270303107,411
5412,0.10486758718844004,perceptual,IT,alexnettrained,ReLu7,0.029775557664752837,412
5413,0.15612967506773356,perceptual,IT,alexnettrained,ReLu7,0.036840441033336925,413
5414,0.05673139532768673,perceptual,IT,alexnettrained,ReLu7,0.008692093947263165,414
5415,0.13175784178831995,perceptual,IT,alexnettrained,ReLu7,0.029910824344873972,415
5416,0.15830078862386565,perceptual,IT,alexnettrained,ReLu7,0.038682980151830526,416
5417,0.07740472567546806,perceptual,IT,alexnettrained,ReLu7,0.012126394033149007,417
5418,0.12377111185561607,perceptual,IT,alexnettrained,ReLu7,0.028321383462848643,418
5419,0.09684706223167663,perceptual,IT,alexnettrained,ReLu7,0.01628658494658747,419
5420,0.13658296131130862,perceptual,IT,alexnettrained,ReLu7,0.034836225378810794,420
5421,0.06579324820229487,perceptual,IT,alexnettrained,ReLu7,0.01751335593996646,421
5422,0.12269460676428974,perceptual,IT,alexnettrained,ReLu7,0.023756127214694108,422
5423,0.10407257908764489,perceptual,IT,alexnettrained,ReLu7,0.01893910692121297,423
5424,0.16197681781119777,perceptual,IT,alexnettrained,ReLu7,0.02901033742317323,424
5425,0.14328450871317858,perceptual,IT,alexnettrained,ReLu7,0.029985662682815047,425
5426,0.10837041379250806,perceptual,IT,alexnettrained,ReLu7,0.019772076986064105,426
5427,0.07726821397705744,perceptual,IT,alexnettrained,ReLu7,0.016485476523112597,427
5428,0.12972809672820954,perceptual,IT,alexnettrained,ReLu7,0.03314336745951303,428
5429,0.12191174600885708,perceptual,IT,alexnettrained,ReLu7,0.02244506416954433,429
5430,0.1709527483786092,perceptual,IT,alexnettrained,ReLu7,0.022657072222140133,430
5431,0.12048977610756299,perceptual,IT,alexnettrained,ReLu7,0.025000787498670102,431
5432,0.07871277775899829,perceptual,IT,alexnettrained,ReLu7,0.012180596793806713,432
5433,0.08155385185489678,perceptual,IT,alexnettrained,ReLu7,0.013770220604841094,433
5434,0.05899932294736866,perceptual,IT,alexnettrained,ReLu7,0.011543300454785039,434
5435,0.10384563900240529,perceptual,IT,alexnettrained,ReLu7,0.022945543797467185,435
5436,0.2172759773269586,perceptual,IT,alexnettrained,ReLu7,0.036036920133956166,436
5437,0.0748944520788828,perceptual,IT,alexnettrained,ReLu7,0.013753592025807664,437
5438,0.05936081637315904,perceptual,IT,alexnettrained,ReLu7,0.00866121470083942,438
5439,0.050462012412745436,perceptual,IT,alexnettrained,ReLu7,0.012078159198078055,439
5440,0.09764325166722324,perceptual,IT,alexnettrained,ReLu7,0.015367111211769278,440
5441,0.14871400346255606,perceptual,IT,alexnettrained,ReLu7,0.022962999156315188,441
5442,0.1402062575542435,perceptual,IT,alexnettrained,ReLu7,0.026105805166083094,442
5443,0.06890938558472996,perceptual,IT,alexnettrained,ReLu7,0.013498469256965823,443
5444,0.08215807380073688,perceptual,IT,alexnettrained,ReLu7,0.013329944610246842,444
5445,0.11344747126108844,perceptual,IT,alexnettrained,ReLu7,0.02249395289755445,445
5446,0.11554554739968363,perceptual,IT,alexnettrained,ReLu7,0.024256665016518075,446
5447,0.15384426681675079,perceptual,IT,alexnettrained,ReLu7,0.025616107658171027,447
5448,0.0909626716172634,perceptual,IT,alexnettrained,ReLu7,0.017415193133434245,448
5449,0.11007122852550108,perceptual,IT,alexnettrained,ReLu7,0.02600117189091658,449
5450,0.15108677001993281,perceptual,IT,alexnettrained,ReLu7,0.02398259518627881,450
5451,0.09360585265141716,perceptual,IT,alexnettrained,ReLu7,0.01760871040426655,451
5452,0.09692870110928788,perceptual,IT,alexnettrained,ReLu7,0.020150533487692867,452
5453,0.09232919662479225,perceptual,IT,alexnettrained,ReLu7,0.02391293878879775,453
5454,0.08840755344403192,perceptual,IT,alexnettrained,ReLu7,0.018787136623883156,454
5455,0.0542348817933256,perceptual,IT,alexnettrained,ReLu7,0.00873995472105063,455
5456,0.06843334468112997,perceptual,IT,alexnettrained,ReLu7,0.01546324197561575,456
5457,0.07910703013188077,perceptual,IT,alexnettrained,ReLu7,0.013890539675360454,457
5458,0.09808479533235075,perceptual,IT,alexnettrained,ReLu7,0.01369141770005582,458
5459,0.15348402766977087,perceptual,IT,alexnettrained,ReLu7,0.0271559733839362,459
5460,0.10920796538068744,perceptual,IT,alexnettrained,ReLu7,0.020517558342587092,460
5461,0.1091065179859259,perceptual,IT,alexnettrained,ReLu7,0.021361584444037907,461
5462,0.24325843506523465,perceptual,IT,alexnettrained,ReLu7,0.040187902430254156,462
5463,0.10978918826621586,perceptual,IT,alexnettrained,ReLu7,0.027596422940491586,463
5464,0.13316952088793158,perceptual,IT,alexnettrained,ReLu7,0.03314163454975014,464
5465,0.0630761931595483,perceptual,IT,alexnettrained,ReLu7,0.010776877889234225,465
5466,0.11232328017648005,perceptual,IT,alexnettrained,ReLu7,0.018527805485927112,466
5467,0.1616688128350313,perceptual,IT,alexnettrained,ReLu7,0.038433173124927,467
5468,0.16042713330639718,perceptual,IT,alexnettrained,ReLu7,0.028846748613773152,468
5469,0.12360579391915166,perceptual,IT,alexnettrained,ReLu7,0.026835405242541438,469
5470,0.10921257259688509,perceptual,IT,alexnettrained,ReLu7,0.027725795880342307,470
5471,0.17243779263099962,perceptual,IT,alexnettrained,ReLu7,0.026569728485855204,471
5472,0.11001744508733077,perceptual,IT,alexnettrained,ReLu7,0.021005378852336602,472
5473,0.13464169593203948,perceptual,IT,alexnettrained,ReLu7,0.019686826692884966,473
5474,0.11546517994206405,perceptual,IT,alexnettrained,ReLu7,0.014296879214690151,474
5475,0.12546199741623593,perceptual,IT,alexnettrained,ReLu7,0.022914053325715687,475
5476,0.07884923351207593,perceptual,IT,alexnettrained,ReLu7,0.017332429604249595,476
5477,0.09535005345718893,perceptual,IT,alexnettrained,ReLu7,0.021820774968713576,477
5478,0.1233053358507009,perceptual,IT,alexnettrained,ReLu7,0.01797820315350435,478
5479,0.040912548961656345,perceptual,IT,alexnettrained,ReLu7,0.006726506853050727,479
5480,0.09404772334030863,perceptual,IT,alexnettrained,ReLu7,0.02112196833858826,480
5481,0.0982599188537993,perceptual,IT,alexnettrained,ReLu7,0.021994070556337425,481
5482,0.1369262308525513,perceptual,IT,alexnettrained,ReLu7,0.027598029651889552,482
5483,0.11315863477493526,perceptual,IT,alexnettrained,ReLu7,0.024503253335435585,483
5484,0.1634057717407542,perceptual,IT,alexnettrained,ReLu7,0.023606246778391946,484
5485,0.03827129171731983,perceptual,IT,alexnettrained,ReLu7,0.010040807039527973,485
5486,0.14189913178201355,perceptual,IT,alexnettrained,ReLu7,0.02306031119100872,486
5487,0.10728683519916955,perceptual,IT,alexnettrained,ReLu7,0.0169866045410735,487
5488,0.1448148092142568,perceptual,IT,alexnettrained,ReLu7,0.041051498637281955,488
5489,0.13598297239378676,perceptual,IT,alexnettrained,ReLu7,0.023350333608639036,489
5490,0.20922781189202172,perceptual,IT,alexnettrained,ReLu7,0.04473365374033743,490
5491,0.14306211964798057,perceptual,IT,alexnettrained,ReLu7,0.026035607299566898,491
5492,0.1300866128997959,perceptual,IT,alexnettrained,ReLu7,0.02722988532695539,492
5493,0.07339032528509491,perceptual,IT,alexnettrained,ReLu7,0.017681063542098814,493
5494,0.11847950256561897,perceptual,IT,alexnettrained,ReLu7,0.020554922054282946,494
5495,0.09408774921822916,perceptual,IT,alexnettrained,ReLu7,0.017780155385639037,495
5496,0.012103401084279073,perceptual,IT,alexnettrained,ReLu7,0.0017472137066585286,496
5497,0.07932304389637199,perceptual,IT,alexnettrained,ReLu7,0.01670522116798072,497
5498,0.12066851621880142,perceptual,IT,alexnettrained,ReLu7,0.026198669784949384,498
5499,0.17423889011597482,perceptual,IT,alexnettrained,ReLu7,0.035763721057284634,499
5500,0.10952711620545286,perceptual,IT,alexnettrained,ReLu7,0.022821813897033003,500
5501,0.15405489728494717,perceptual,IT,alexnettrained,ReLu7,0.029742253299211194,501
5502,0.15294026807640504,perceptual,IT,alexnettrained,ReLu7,0.031214178980682288,502
5503,0.09414777315878131,perceptual,IT,alexnettrained,ReLu7,0.0204900695908609,503
5504,0.042276404428462006,perceptual,IT,alexnettrained,ReLu7,0.0059675731230178185,504
5505,0.08737888153384106,perceptual,IT,alexnettrained,ReLu7,0.021712739663039063,505
5506,0.17287857892639158,perceptual,IT,alexnettrained,ReLu7,0.03856213822495125,506
5507,0.04727162518883025,perceptual,IT,alexnettrained,ReLu7,0.00967564054239008,507
5508,0.048887422846748,perceptual,IT,alexnettrained,ReLu7,0.010622494243338804,508
5509,0.13489612893732084,perceptual,IT,alexnettrained,ReLu7,0.027422893779764312,509
5510,0.12553661396765683,perceptual,IT,alexnettrained,ReLu7,0.028059534350566823,510
5511,0.0903157404564244,perceptual,IT,alexnettrained,ReLu7,0.01734931415603407,511
5512,0.04581450313314469,perceptual,IT,alexnettrained,ReLu7,0.00983247248500635,512
5513,0.173447145827676,perceptual,IT,alexnettrained,ReLu7,0.04152390605515288,513
5514,0.10111346354401403,perceptual,IT,alexnettrained,ReLu7,0.01918052151253129,514
5515,0.14323313951896102,perceptual,IT,alexnettrained,ReLu7,0.026560495040076498,515
5516,0.14351126032510872,perceptual,IT,alexnettrained,ReLu7,0.026634956657112695,516
5517,0.1052123682669272,perceptual,IT,alexnettrained,ReLu7,0.01818656277167445,517
5518,0.1276675982537621,perceptual,IT,alexnettrained,ReLu7,0.027869456735084577,518
5519,0.10048021963012765,perceptual,IT,alexnettrained,ReLu7,0.0209616748318811,519
5520,0.06829369432821375,perceptual,IT,alexnettrained,ReLu7,0.01317442306643494,520
5521,0.12213230204642689,perceptual,IT,alexnettrained,ReLu7,0.023820125159776048,521
5522,0.0701213192747361,perceptual,IT,alexnettrained,ReLu7,0.012011477415253023,522
5523,0.11903339107796031,perceptual,IT,alexnettrained,ReLu7,0.021199511659126678,523
5524,0.0566130363853761,perceptual,IT,alexnettrained,ReLu7,0.007064828496183922,524
5525,0.12430184993553056,perceptual,IT,alexnettrained,ReLu7,0.0285190631066675,525
5526,0.08694430976258287,perceptual,IT,alexnettrained,ReLu7,0.02147780083486383,526
5527,0.11287417977909793,perceptual,IT,alexnettrained,ReLu7,0.019728217310925555,527
5528,0.11122970220376972,perceptual,IT,alexnettrained,ReLu7,0.017887659067026294,528
5529,0.11819070754308414,perceptual,IT,alexnettrained,ReLu7,0.019717862338373894,529
5530,0.17258751456446195,perceptual,IT,alexnettrained,ReLu7,0.034845299859073524,530
5531,0.09908930230434106,perceptual,IT,alexnettrained,ReLu7,0.020125297884368544,531
5532,0.15949005294439592,perceptual,IT,alexnettrained,ReLu7,0.03235762304014411,532
5533,0.0854190409531829,perceptual,IT,alexnettrained,ReLu7,0.020552991944724194,533
5534,0.06156485057266332,perceptual,IT,alexnettrained,ReLu7,0.009929700548880089,534
5535,0.10839174932640151,perceptual,IT,alexnettrained,ReLu7,0.018359446682096343,535
5536,0.08434987017760272,perceptual,IT,alexnettrained,ReLu7,0.015671752296527196,536
5537,0.1775420523906069,perceptual,IT,alexnettrained,ReLu7,0.033122120126330847,537
5538,0.06120631389117648,perceptual,IT,alexnettrained,ReLu7,0.008525243573959299,538
5539,0.09819004557741665,perceptual,IT,alexnettrained,ReLu7,0.018486113159779095,539
5540,0.1128967790809959,perceptual,IT,alexnettrained,ReLu7,0.029259670013208946,540
5541,0.07421014342422454,perceptual,IT,alexnettrained,ReLu7,0.01182012325044227,541
5542,0.1572230409154541,perceptual,IT,alexnettrained,ReLu7,0.029138552448627317,542
5543,0.1266791538077996,perceptual,IT,alexnettrained,ReLu7,0.02485231639196068,543
5544,0.14148010202708153,perceptual,IT,alexnettrained,ReLu7,0.02984655763472176,544
5545,0.09705482521362202,perceptual,IT,alexnettrained,ReLu7,0.020952166081619934,545
5546,0.16236389447666036,perceptual,IT,alexnettrained,ReLu7,0.031401667183496004,546
5547,0.15919620552698802,perceptual,IT,alexnettrained,ReLu7,0.033391121231940976,547
5548,0.12440862760184856,perceptual,IT,alexnettrained,ReLu7,0.02586827127476843,548
5549,0.11117245418538682,perceptual,IT,alexnettrained,ReLu7,0.025450490171395612,549
5550,0.1338899867294987,perceptual,IT,alexnettrained,ReLu7,0.02771581173510822,550
5551,0.07207283715214732,perceptual,IT,alexnettrained,ReLu7,0.014830821952924804,551
5552,0.08882679407593189,perceptual,IT,alexnettrained,ReLu7,0.019929799578714175,552
5553,0.14289949773412708,perceptual,IT,alexnettrained,ReLu7,0.030418729300412808,553
5554,0.13613691940709532,perceptual,IT,alexnettrained,ReLu7,0.025742429648046784,554
5555,0.08937151896439853,perceptual,IT,alexnettrained,ReLu7,0.017355550039936177,555
5556,0.11156809839185723,perceptual,IT,alexnettrained,ReLu7,0.02687782866839481,556
5557,0.1253846391078104,perceptual,IT,alexnettrained,ReLu7,0.029236235856117128,557
5558,0.08120458740243607,perceptual,IT,alexnettrained,ReLu7,0.01539086063673218,558
5559,0.18664512268633798,perceptual,IT,alexnettrained,ReLu7,0.025931318120065237,559
5560,0.02255040618225389,perceptual,IT,alexnettrained,ReLu7,0.004083853312300453,560
5561,0.09499928035126139,perceptual,IT,alexnettrained,ReLu7,0.02120903694700929,561
5562,0.11374925480053599,perceptual,IT,alexnettrained,ReLu7,0.024688927110614226,562
5563,0.058567888710173294,perceptual,IT,alexnettrained,ReLu7,0.012799587120148836,563
5564,0.16390971351876052,perceptual,IT,alexnettrained,ReLu7,0.026127764890036292,564
5565,0.13782478157058284,perceptual,IT,alexnettrained,ReLu7,0.02498536554758992,565
5566,0.07474763323195194,perceptual,IT,alexnettrained,ReLu7,0.013183632804789269,566
5567,0.13057114947163578,perceptual,IT,alexnettrained,ReLu7,0.036211902097823795,567
5568,0.13733100160456913,perceptual,IT,alexnettrained,ReLu7,0.027363903838962256,568
5569,0.09670113990162865,perceptual,IT,alexnettrained,ReLu7,0.01901825341721784,569
5570,0.10759773032018127,perceptual,IT,alexnettrained,ReLu7,0.021201034718127655,570
5571,0.08039084237588899,perceptual,IT,alexnettrained,ReLu7,0.02021110084043519,571
5572,0.10095969072028108,perceptual,IT,alexnettrained,ReLu7,0.020971719015526316,572
5573,0.17533980601121937,perceptual,IT,alexnettrained,ReLu7,0.030950630514354677,573
5574,0.13886423849892898,perceptual,IT,alexnettrained,ReLu7,0.022709976266653352,574
5575,0.16279330797911054,perceptual,IT,alexnettrained,ReLu7,0.04069156345406379,575
5576,0.06747886111326531,perceptual,IT,alexnettrained,ReLu7,0.013594365019756962,576
5577,0.12101730127687388,perceptual,IT,alexnettrained,ReLu7,0.022346283701692136,577
5578,0.1522101942888676,perceptual,IT,alexnettrained,ReLu7,0.02700505748234891,578
5579,0.01633931835684496,perceptual,IT,alexnettrained,ReLu7,0.0022190409334402594,579
5580,0.10073101357225347,perceptual,IT,alexnettrained,ReLu7,0.019532476443134876,580
5581,0.13115462290341637,perceptual,IT,alexnettrained,ReLu7,0.026891991951216696,581
5582,0.09554250046183649,perceptual,IT,alexnettrained,ReLu7,0.019468885691975926,582
5583,0.13706305003062996,perceptual,IT,alexnettrained,ReLu7,0.02982489885228376,583
5584,0.11245707050892072,perceptual,IT,alexnettrained,ReLu7,0.013978406160860518,584
5585,0.11462729520480683,perceptual,IT,alexnettrained,ReLu7,0.020974565436210315,585
5586,0.11374556317246302,perceptual,IT,alexnettrained,ReLu7,0.0259524428602462,586
5587,0.12739164524215177,perceptual,IT,alexnettrained,ReLu7,0.03214954832576561,587
5588,0.10889732324548054,perceptual,IT,alexnettrained,ReLu7,0.025322478323364758,588
5589,0.10617894301853448,perceptual,IT,alexnettrained,ReLu7,0.017145050797829502,589
5590,0.10347102425356708,perceptual,IT,alexnettrained,ReLu7,0.01662140288406472,590
5591,0.07214598061274007,perceptual,IT,alexnettrained,ReLu7,0.014389314583616822,591
5592,0.043478026594997374,perceptual,IT,alexnettrained,ReLu7,0.009507927458241978,592
5593,0.0888822078494446,perceptual,IT,alexnettrained,ReLu7,0.018900866205357577,593
5594,0.10043203524258354,perceptual,IT,alexnettrained,ReLu7,0.020599574135083273,594
5595,0.10628766805787976,perceptual,IT,alexnettrained,ReLu7,0.030628716194448735,595
5596,0.10260623178076304,perceptual,IT,alexnettrained,ReLu7,0.025055840165277662,596
5597,0.09966729115737025,perceptual,IT,alexnettrained,ReLu7,0.017441795720699302,597
5598,0.20555152053612985,perceptual,IT,alexnettrained,ReLu7,0.03045378122815627,598
5599,0.14123918941895058,perceptual,IT,alexnettrained,ReLu7,0.02953721558670731,599
5600,0.12103878906740208,perceptual,IT,alexnettrained,ReLu7,0.02418092910420099,600
5601,0.12561741403045976,perceptual,IT,alexnettrained,ReLu7,0.03268769438079614,601
5602,0.08966453705338666,perceptual,IT,alexnettrained,ReLu7,0.014960385370978256,602
5603,0.1119822148200595,perceptual,IT,alexnettrained,ReLu7,0.026758226547062683,603
5604,0.17460525206264277,perceptual,IT,alexnettrained,ReLu7,0.03233191885830928,604
5605,0.18981803844373732,perceptual,IT,alexnettrained,ReLu7,0.036974104518446654,605
5606,0.08970994039459508,perceptual,IT,alexnettrained,ReLu7,0.017354658783775616,606
5607,0.10601644901749155,perceptual,IT,alexnettrained,ReLu7,0.013909128204685114,607
5608,0.05901034152844293,perceptual,IT,alexnettrained,ReLu7,0.012496797999376084,608
5609,0.10595768579217077,perceptual,IT,alexnettrained,ReLu7,0.02388769809957573,609
5610,0.09000147052716821,perceptual,IT,alexnettrained,ReLu7,0.01851424150548282,610
5611,0.1441720452241394,perceptual,IT,alexnettrained,ReLu7,0.02785595738495058,611
5612,0.15137613126281163,perceptual,IT,alexnettrained,ReLu7,0.027732147290582328,612
5613,0.09680983674339694,perceptual,IT,alexnettrained,ReLu7,0.022715379281088348,613
5614,0.08729699734902317,perceptual,IT,alexnettrained,ReLu7,0.013466011608842164,614
5615,0.08031373388364992,perceptual,IT,alexnettrained,ReLu7,0.019642291857141597,615
5616,0.16302280777080688,perceptual,IT,alexnettrained,ReLu7,0.032728773269121596,616
5617,0.09848774126072331,perceptual,IT,alexnettrained,ReLu7,0.022907741943209454,617
5618,0.08162937373742796,perceptual,IT,alexnettrained,ReLu7,0.014971647664729745,618
5619,0.09550741975688407,perceptual,IT,alexnettrained,ReLu7,0.02166370633150274,619
5620,0.1302744767772666,perceptual,IT,alexnettrained,ReLu7,0.034523593023672514,620
5621,0.13621423377305958,perceptual,IT,alexnettrained,ReLu7,0.02511690199679583,621
5622,0.04563952757593905,perceptual,IT,alexnettrained,ReLu7,0.009518472544508147,622
5623,0.1567597076044725,perceptual,IT,alexnettrained,ReLu7,0.03440535544829769,623
5624,0.1304407025913168,perceptual,IT,alexnettrained,ReLu7,0.025161812016876964,624
5625,0.05183549568430347,perceptual,IT,alexnettrained,ReLu7,0.010723621558747011,625
5626,0.1567759055077199,perceptual,IT,alexnettrained,ReLu7,0.03959418484384612,626
5627,0.06198007184682316,perceptual,IT,alexnettrained,ReLu7,0.014907606894521913,627
5628,0.1641290655407993,perceptual,IT,alexnettrained,ReLu7,0.03212420563877015,628
5629,0.12085350521344457,perceptual,IT,alexnettrained,ReLu7,0.021696443088145122,629
5630,0.09097593323617974,perceptual,IT,alexnettrained,ReLu7,0.01594282206041117,630
5631,0.0530290936742929,perceptual,IT,alexnettrained,ReLu7,0.011026446901279387,631
5632,0.08058470995697631,perceptual,IT,alexnettrained,ReLu7,0.014225616646759531,632
5633,0.12425624212002517,perceptual,IT,alexnettrained,ReLu7,0.018365670036480534,633
5634,0.13528910113721213,perceptual,IT,alexnettrained,ReLu7,0.027784400572721635,634
5635,0.04549769861191755,perceptual,IT,alexnettrained,ReLu7,0.006809413019619503,635
5636,0.10225958959820425,perceptual,IT,alexnettrained,ReLu7,0.016691506800906277,636
5637,0.16834910897623395,perceptual,IT,alexnettrained,ReLu7,0.032821094682704756,637
5638,0.11873699312566342,perceptual,IT,alexnettrained,ReLu7,0.02309879636047244,638
5639,0.06359374170391961,perceptual,IT,alexnettrained,ReLu7,0.012144026109020323,639
5640,0.12063043998178533,perceptual,IT,alexnettrained,ReLu7,0.020784877735538013,640
5641,0.10775798569975781,perceptual,IT,alexnettrained,ReLu7,0.0208541656197204,641
5642,0.05317123943704311,perceptual,IT,alexnettrained,ReLu7,0.011052331787100328,642
5643,0.1369889288062532,perceptual,IT,alexnettrained,ReLu7,0.020439912140100814,643
5644,0.1486205595776139,perceptual,IT,alexnettrained,ReLu7,0.02943282558656532,644
5645,0.0575182720722358,perceptual,IT,alexnettrained,ReLu7,0.009527380061672834,645
5646,0.14495917833856328,perceptual,IT,alexnettrained,ReLu7,0.022907596895404832,646
5647,0.11013440121345183,perceptual,IT,alexnettrained,ReLu7,0.024801031411114678,647
5648,0.16632078165481784,perceptual,IT,alexnettrained,ReLu7,0.030836861900030273,648
5649,0.12495145633572896,perceptual,IT,alexnettrained,ReLu7,0.02487467592784937,649
5650,0.12874288788483895,perceptual,IT,alexnettrained,ReLu7,0.02287529348055026,650
5651,0.0652113761950321,perceptual,IT,alexnettrained,ReLu7,0.014801871807560606,651
5652,0.09154768450127047,perceptual,IT,alexnettrained,ReLu7,0.02339845846814025,652
5653,0.1043027333837017,perceptual,IT,alexnettrained,ReLu7,0.019657543854213956,653
5654,0.1447260055776183,perceptual,IT,alexnettrained,ReLu7,0.03298640569483831,654
5655,0.0462164852385398,perceptual,IT,alexnettrained,ReLu7,0.009525212784513484,655
5656,0.10406134934805494,perceptual,IT,alexnettrained,ReLu7,0.021098793839239714,656
5657,0.1589247455544337,perceptual,IT,alexnettrained,ReLu7,0.027297767906204563,657
5658,0.10369237501663653,perceptual,IT,alexnettrained,ReLu7,0.021335832538524453,658
5659,0.0556449583195254,perceptual,IT,alexnettrained,ReLu7,0.008805518844175166,659
5660,0.13246157010275475,perceptual,IT,alexnettrained,ReLu7,0.02807419658671481,660
5661,0.07103557227745651,perceptual,IT,alexnettrained,ReLu7,0.01524722454050526,661
5662,0.08448379744908975,perceptual,IT,alexnettrained,ReLu7,0.012453395494979173,662
5663,0.07775480067426123,perceptual,IT,alexnettrained,ReLu7,0.019642109608449233,663
5664,0.08659985286220646,perceptual,IT,alexnettrained,ReLu7,0.017651390842664646,664
5665,0.12131744240574831,perceptual,IT,alexnettrained,ReLu7,0.02984730980919636,665
5666,0.18262209323318826,perceptual,IT,alexnettrained,ReLu7,0.04139409066447767,666
5667,0.1635024064536238,perceptual,IT,alexnettrained,ReLu7,0.03380247974255695,667
5668,0.09712699977084299,perceptual,IT,alexnettrained,ReLu7,0.018928374231016624,668
5669,0.13577268711624033,perceptual,IT,alexnettrained,ReLu7,0.026990780774149056,669
5670,0.0857624826071202,perceptual,IT,alexnettrained,ReLu7,0.020284700817910502,670
5671,0.18323951818234258,perceptual,IT,alexnettrained,ReLu7,0.031901055878430236,671
5672,0.09334958507187341,perceptual,IT,alexnettrained,ReLu7,0.019964027309554554,672
5673,0.11150327219058585,perceptual,IT,alexnettrained,ReLu7,0.028453711505795596,673
5674,0.12239889579211825,perceptual,IT,alexnettrained,ReLu7,0.028766111206515902,674
5675,0.09646442156925372,perceptual,IT,alexnettrained,ReLu7,0.02045547821158334,675
5676,0.1156271739498886,perceptual,IT,alexnettrained,ReLu7,0.02070913240611124,676
5677,0.11305078713155181,perceptual,IT,alexnettrained,ReLu7,0.017251716065757153,677
5678,0.16829646011974142,perceptual,IT,alexnettrained,ReLu7,0.028214722649133644,678
5679,0.09177711999466683,perceptual,IT,alexnettrained,ReLu7,0.023220621751279105,679
5680,0.08613746009225459,perceptual,IT,alexnettrained,ReLu7,0.018663189241187254,680
5681,0.10527688937921548,perceptual,IT,alexnettrained,ReLu7,0.021508870998104074,681
5682,0.03720651541258383,perceptual,IT,alexnettrained,ReLu7,0.005925582766581388,682
5683,0.10739420146473452,perceptual,IT,alexnettrained,ReLu7,0.019602027329375056,683
5684,0.042795102746405266,perceptual,IT,alexnettrained,ReLu7,0.006400423803236122,684
5685,0.10037151571256708,perceptual,IT,alexnettrained,ReLu7,0.01744351111445063,685
5686,0.0887579032676198,perceptual,IT,alexnettrained,ReLu7,0.02089896378110164,686
5687,0.034561577061104076,perceptual,IT,alexnettrained,ReLu7,0.004231593290552975,687
5688,0.10173143338427898,perceptual,IT,alexnettrained,ReLu7,0.02374274733103419,688
5689,0.08078453019565544,perceptual,IT,alexnettrained,ReLu7,0.020257606095342634,689
5690,0.059983747838431016,perceptual,IT,alexnettrained,ReLu7,0.012580322531795958,690
5691,0.09975184728052025,perceptual,IT,alexnettrained,ReLu7,0.024525165175801285,691
5692,0.1427800083664778,perceptual,IT,alexnettrained,ReLu7,0.02937091166117943,692
5693,0.10210187414925925,perceptual,IT,alexnettrained,ReLu7,0.024238750704988085,693
5694,0.14389412435033916,perceptual,IT,alexnettrained,ReLu7,0.02278403372098392,694
5695,0.09756249715168222,perceptual,IT,alexnettrained,ReLu7,0.02794888814872104,695
5696,0.13876957529731168,perceptual,IT,alexnettrained,ReLu7,0.029982087365925426,696
5697,0.072596578230105,perceptual,IT,alexnettrained,ReLu7,0.0132358550995283,697
5698,0.15434289114010463,perceptual,IT,alexnettrained,ReLu7,0.03188557500044353,698
5699,0.13829565042130187,perceptual,IT,alexnettrained,ReLu7,0.027398858901066248,699
5700,0.13577616938308995,perceptual,IT,alexnettrained,ReLu7,0.02643216425484814,700
5701,0.14144833560471293,perceptual,IT,alexnettrained,ReLu7,0.035095524552970984,701
5702,0.14283876758976466,perceptual,IT,alexnettrained,ReLu7,0.03848073366229532,702
5703,0.0697856589792809,perceptual,IT,alexnettrained,ReLu7,0.01084058075423634,703
5704,0.12829244290104225,perceptual,IT,alexnettrained,ReLu7,0.02478065774211205,704
5705,0.07627365589294961,perceptual,IT,alexnettrained,ReLu7,0.0196926296251774,705
5706,0.10135436158590765,perceptual,IT,alexnettrained,ReLu7,0.023004654992985082,706
5707,0.04106175949442441,perceptual,IT,alexnettrained,ReLu7,0.00957256172219146,707
5708,0.0641421482929844,perceptual,IT,alexnettrained,ReLu7,0.011068493968942859,708
5709,0.13045898849155554,perceptual,IT,alexnettrained,ReLu7,0.02554297070678311,709
5710,0.05116365860791061,perceptual,IT,alexnettrained,ReLu7,0.008254274774922729,710
5711,0.11685791294625272,perceptual,IT,alexnettrained,ReLu7,0.020237555897465984,711
5712,0.14941035379470163,perceptual,IT,alexnettrained,ReLu7,0.034228485312186877,712
5713,0.07956004841382683,perceptual,IT,alexnettrained,ReLu7,0.017041547281637474,713
5714,0.08102790651354103,perceptual,IT,alexnettrained,ReLu7,0.014509538185481445,714
5715,0.1317920025435461,perceptual,IT,alexnettrained,ReLu7,0.01875333752343612,715
5716,0.11123891832850726,perceptual,IT,alexnettrained,ReLu7,0.020310375896245174,716
5717,0.10173426163668364,perceptual,IT,alexnettrained,ReLu7,0.020486464441579526,717
5718,0.12571839087383588,perceptual,IT,alexnettrained,ReLu7,0.024848829344559818,718
5719,0.07482905543888502,perceptual,IT,alexnettrained,ReLu7,0.012807250571993582,719
5720,0.06420624399741189,perceptual,IT,alexnettrained,ReLu7,0.013160776432474182,720
5721,0.10040054888445162,perceptual,IT,alexnettrained,ReLu7,0.02419765985783607,721
5722,0.16218929099729082,perceptual,IT,alexnettrained,ReLu7,0.03655954782846941,722
5723,0.08535060000720722,perceptual,IT,alexnettrained,ReLu7,0.024745395807528152,723
5724,0.13437393821683402,perceptual,IT,alexnettrained,ReLu7,0.025651519810555325,724
5725,0.07888862281285708,perceptual,IT,alexnettrained,ReLu7,0.014140331714874207,725
5726,0.045603863754515556,perceptual,IT,alexnettrained,ReLu7,0.007168994304699121,726
5727,0.09672807727500346,perceptual,IT,alexnettrained,ReLu7,0.010431634577422931,727
5728,0.12000961752143044,perceptual,IT,alexnettrained,ReLu7,0.023013459486745935,728
5729,0.02515341799967463,perceptual,IT,alexnettrained,ReLu7,0.004662843057415862,729
5730,0.08039072716385386,perceptual,IT,alexnettrained,ReLu7,0.015575095952856314,730
5731,0.14815083691691142,perceptual,IT,alexnettrained,ReLu7,0.02717796144431952,731
5732,0.1261788689854113,perceptual,IT,alexnettrained,ReLu7,0.03864861399425378,732
5733,0.15399109937317362,perceptual,IT,alexnettrained,ReLu7,0.03301718875477867,733
5734,0.10328258068460727,perceptual,IT,alexnettrained,ReLu7,0.02163329993302775,734
5735,0.1129199324401149,perceptual,IT,alexnettrained,ReLu7,0.016994637319225396,735
5736,0.17860795058420303,perceptual,IT,alexnettrained,ReLu7,0.028117788324835545,736
5737,0.1423546281916725,perceptual,IT,alexnettrained,ReLu7,0.029939260571448918,737
5738,0.08002685416583659,perceptual,IT,alexnettrained,ReLu7,0.017413407195912264,738
5739,0.11384061760304692,perceptual,IT,alexnettrained,ReLu7,0.018703907602645477,739
5740,0.09357595196116586,perceptual,IT,alexnettrained,ReLu7,0.019218076223925077,740
5741,0.12758842359813885,perceptual,IT,alexnettrained,ReLu7,0.01846281768396655,741
5742,0.06346804769525105,perceptual,IT,alexnettrained,ReLu7,0.012512045368853478,742
5743,0.12706441537009835,perceptual,IT,alexnettrained,ReLu7,0.02692824954087337,743
5744,0.06514369778141045,perceptual,IT,alexnettrained,ReLu7,0.013441112085139045,744
5745,0.12326086780352495,perceptual,IT,alexnettrained,ReLu7,0.02541950355751304,745
5746,0.10677801513973381,perceptual,IT,alexnettrained,ReLu7,0.025320162915279464,746
5747,0.15101072379668712,perceptual,IT,alexnettrained,ReLu7,0.02194693348378495,747
5748,0.10817595788247647,perceptual,IT,alexnettrained,ReLu7,0.02289864159469496,748
5749,0.16693165989931918,perceptual,IT,alexnettrained,ReLu7,0.02137296135294339,749
5750,0.1428313352732997,perceptual,IT,alexnettrained,ReLu7,0.03395273506195423,750
5751,0.10864314079136007,perceptual,IT,alexnettrained,ReLu7,0.02457540051883466,751
5752,0.08232528976767703,perceptual,IT,alexnettrained,ReLu7,0.021223907944572414,752
5753,0.11317808714168001,perceptual,IT,alexnettrained,ReLu7,0.024627510640150976,753
5754,0.12135511875846082,perceptual,IT,alexnettrained,ReLu7,0.023066566464891164,754
5755,0.10937001636340893,perceptual,IT,alexnettrained,ReLu7,0.018366792638794663,755
5756,0.1529938202143316,perceptual,IT,alexnettrained,ReLu7,0.02724261696335285,756
5757,0.06543312140155366,perceptual,IT,alexnettrained,ReLu7,0.014472809174171099,757
5758,0.07581319459949407,perceptual,IT,alexnettrained,ReLu7,0.018893267528622998,758
5759,0.08714039006333757,perceptual,IT,alexnettrained,ReLu7,0.013789267644035156,759
5760,0.16198165655126714,perceptual,IT,alexnettrained,ReLu7,0.028750862865437567,760
5761,0.09010019121267704,perceptual,IT,alexnettrained,ReLu7,0.018706222399070944,761
5762,0.1598533018164987,perceptual,IT,alexnettrained,ReLu7,0.04136809394753858,762
5763,0.12124416437921419,perceptual,IT,alexnettrained,ReLu7,0.019412567748951844,763
5764,0.11169406013220266,perceptual,IT,alexnettrained,ReLu7,0.022568514649947857,764
5765,0.094108314579491,perceptual,IT,alexnettrained,ReLu7,0.018749885375282615,765
5766,0.21131532345503815,perceptual,IT,alexnettrained,ReLu7,0.039020432520069655,766
5767,0.03144075549360893,perceptual,IT,alexnettrained,ReLu7,0.007144843409627321,767
5768,0.14809073310804613,perceptual,IT,alexnettrained,ReLu7,0.03631996247315381,768
5769,0.10791912717798735,perceptual,IT,alexnettrained,ReLu7,0.019314662302659765,769
5770,0.13792497387929056,perceptual,IT,alexnettrained,ReLu7,0.03086722402485064,770
5771,0.09505888203214678,perceptual,IT,alexnettrained,ReLu7,0.023274554998006503,771
5772,0.13333528237079117,perceptual,IT,alexnettrained,ReLu7,0.020917806957781733,772
5773,0.1027585647209439,perceptual,IT,alexnettrained,ReLu7,0.025877665646550828,773
5774,0.08451399173862104,perceptual,IT,alexnettrained,ReLu7,0.020631167766637887,774
5775,0.1543568664053102,perceptual,IT,alexnettrained,ReLu7,0.025523796131116928,775
5776,0.12145976713047059,perceptual,IT,alexnettrained,ReLu7,0.02129605751314949,776
5777,0.14153117178215255,perceptual,IT,alexnettrained,ReLu7,0.02797316534842159,777
5778,0.1413268457401257,perceptual,IT,alexnettrained,ReLu7,0.02999087705615875,778
5779,0.1092603224732203,perceptual,IT,alexnettrained,ReLu7,0.013340326526095427,779
5780,0.1330563038611876,perceptual,IT,alexnettrained,ReLu7,0.019267780399027552,780
5781,0.12078119163602137,perceptual,IT,alexnettrained,ReLu7,0.020718977525189843,781
5782,0.0887576989481353,perceptual,IT,alexnettrained,ReLu7,0.016227323522990257,782
5783,0.13038305315193854,perceptual,IT,alexnettrained,ReLu7,0.017572564407206923,783
5784,0.08468140108705392,perceptual,IT,alexnettrained,ReLu7,0.019112844421338863,784
5785,0.10771988408422324,perceptual,IT,alexnettrained,ReLu7,0.02680572665397109,785
5786,0.07124992143501874,perceptual,IT,alexnettrained,ReLu7,0.013351094879940299,786
5787,0.10453570952186059,perceptual,IT,alexnettrained,ReLu7,0.025136447378843334,787
5788,0.09213402820474889,perceptual,IT,alexnettrained,ReLu7,0.02351742714678538,788
5789,0.0366534008934277,perceptual,IT,alexnettrained,ReLu7,0.004573033138370994,789
5790,0.14505284709012412,perceptual,IT,alexnettrained,ReLu7,0.027158419975960153,790
5791,0.06220272755085205,perceptual,IT,alexnettrained,ReLu7,0.015624285275215772,791
5792,0.15039567704539888,perceptual,IT,alexnettrained,ReLu7,0.02732430446388437,792
5793,0.1364479173636702,perceptual,IT,alexnettrained,ReLu7,0.027239177259121596,793
5794,0.07846184504218456,perceptual,IT,alexnettrained,ReLu7,0.016040882504080305,794
5795,0.05990827039149751,perceptual,IT,alexnettrained,ReLu7,0.015118109861601007,795
5796,0.13360245849344074,perceptual,IT,alexnettrained,ReLu7,0.027813158983310587,796
5797,0.08399126277823599,perceptual,IT,alexnettrained,ReLu7,0.013766114652882255,797
5798,0.09300409911470238,perceptual,IT,alexnettrained,ReLu7,0.02248279267193594,798
5799,0.10657322339277647,perceptual,IT,alexnettrained,ReLu7,0.015660397390169035,799
5800,0.1117535366589411,perceptual,IT,alexnettrained,ReLu7,0.023377865055173915,800
5801,0.11854851153099566,perceptual,IT,alexnettrained,ReLu7,0.02569885025503335,801
5802,0.045698301386732705,perceptual,IT,alexnettrained,ReLu7,0.010342103540688267,802
5803,0.13133028088906457,perceptual,IT,alexnettrained,ReLu7,0.025319631846886716,803
5804,0.08104391732199487,perceptual,IT,alexnettrained,ReLu7,0.02532573560244023,804
5805,0.13702528807198416,perceptual,IT,alexnettrained,ReLu7,0.028956692551289215,805
5806,0.08256553937019975,perceptual,IT,alexnettrained,ReLu7,0.014576991329519758,806
5807,0.11653893079151302,perceptual,IT,alexnettrained,ReLu7,0.03009524964371014,807
5808,0.13277190654982354,perceptual,IT,alexnettrained,ReLu7,0.02170282671706732,808
5809,0.1218999239532332,perceptual,IT,alexnettrained,ReLu7,0.027879199621796736,809
5810,0.05314597864001073,perceptual,IT,alexnettrained,ReLu7,0.007424986944670269,810
5811,0.10154286251216676,perceptual,IT,alexnettrained,ReLu7,0.025614444097707894,811
5812,0.06379876842634527,perceptual,IT,alexnettrained,ReLu7,0.015259554912327701,812
5813,0.0959433907761267,perceptual,IT,alexnettrained,ReLu7,0.01966925702358629,813
5814,0.17667076512604166,perceptual,IT,alexnettrained,ReLu7,0.039957886271459186,814
5815,0.10808914442745465,perceptual,IT,alexnettrained,ReLu7,0.018888332461177833,815
5816,0.09128491621824102,perceptual,IT,alexnettrained,ReLu7,0.014829273609430867,816
5817,0.11054960885752792,perceptual,IT,alexnettrained,ReLu7,0.018982566372269995,817
5818,0.12419291272107229,perceptual,IT,alexnettrained,ReLu7,0.017095590831256433,818
5819,0.0713530331773085,perceptual,IT,alexnettrained,ReLu7,0.014766549163727246,819
5820,0.09626284144062004,perceptual,IT,alexnettrained,ReLu7,0.023656959189835652,820
5821,0.09124528617338931,perceptual,IT,alexnettrained,ReLu7,0.015389755949888713,821
5822,0.09045243988907667,perceptual,IT,alexnettrained,ReLu7,0.01989238353920407,822
5823,0.09344848789116172,perceptual,IT,alexnettrained,ReLu7,0.02310006654296997,823
5824,0.10483067281625057,perceptual,IT,alexnettrained,ReLu7,0.022178777247051924,824
5825,0.12221286214031761,perceptual,IT,alexnettrained,ReLu7,0.03501123808639812,825
5826,0.09485632104301732,perceptual,IT,alexnettrained,ReLu7,0.016443737049515947,826
5827,0.11779476084592032,perceptual,IT,alexnettrained,ReLu7,0.024221157454670218,827
5828,0.14340876445158862,perceptual,IT,alexnettrained,ReLu7,0.023560022978604957,828
5829,0.14511466411077517,perceptual,IT,alexnettrained,ReLu7,0.03407122213038608,829
5830,0.04462080792755612,perceptual,IT,alexnettrained,ReLu7,0.010368627539703069,830
5831,0.1375414938509678,perceptual,IT,alexnettrained,ReLu7,0.03158853358819191,831
5832,0.09350145429177063,perceptual,IT,alexnettrained,ReLu7,0.017326993747780267,832
5833,0.11143525963321098,perceptual,IT,alexnettrained,ReLu7,0.02387861659513685,833
5834,0.14439599239198708,perceptual,IT,alexnettrained,ReLu7,0.027801035771756716,834
5835,0.046571765969555916,perceptual,IT,alexnettrained,ReLu7,0.004759779566770123,835
5836,0.16101454272062207,perceptual,IT,alexnettrained,ReLu7,0.02660710974876181,836
5837,0.06473607056491755,perceptual,IT,alexnettrained,ReLu7,0.009230218675403684,837
5838,0.130648448271726,perceptual,IT,alexnettrained,ReLu7,0.020086666665162102,838
5839,0.14270285193854756,perceptual,IT,alexnettrained,ReLu7,0.030655822234668357,839
5840,0.06284870038919822,perceptual,IT,alexnettrained,ReLu7,0.0072391289778488774,840
5841,0.12096927446784303,perceptual,IT,alexnettrained,ReLu7,0.03163777392658969,841
5842,0.09402588941634486,perceptual,IT,alexnettrained,ReLu7,0.024576141613446647,842
5843,0.11840298621202476,perceptual,IT,alexnettrained,ReLu7,0.02334889957985558,843
5844,0.1708627898964781,perceptual,IT,alexnettrained,ReLu7,0.022547410821570787,844
5845,0.1237901610082933,perceptual,IT,alexnettrained,ReLu7,0.018335670401383133,845
5846,0.16514245167735167,perceptual,IT,alexnettrained,ReLu7,0.024526252760466345,846
5847,0.08740525795949239,perceptual,IT,alexnettrained,ReLu7,0.02138100151060926,847
5848,0.11892548486549143,perceptual,IT,alexnettrained,ReLu7,0.024656729903489744,848
5849,0.1481709414235097,perceptual,IT,alexnettrained,ReLu7,0.030021134481553892,849
5850,0.1606684434603058,perceptual,IT,alexnettrained,ReLu7,0.03095846006872153,850
5851,0.0735316449653957,perceptual,IT,alexnettrained,ReLu7,0.014055334953671075,851
5852,0.07814068349743211,perceptual,IT,alexnettrained,ReLu7,0.02244656890512109,852
5853,0.10782406208707558,perceptual,IT,alexnettrained,ReLu7,0.01716493752984867,853
5854,0.144147074851925,perceptual,IT,alexnettrained,ReLu7,0.029982417915004188,854
5855,0.11276187037471946,perceptual,IT,alexnettrained,ReLu7,0.024673245465732574,855
5856,0.10914619205545491,perceptual,IT,alexnettrained,ReLu7,0.029969590929418685,856
5857,0.10537866998439394,perceptual,IT,alexnettrained,ReLu7,0.021192179361457498,857
5858,0.03766588370563896,perceptual,IT,alexnettrained,ReLu7,0.008767516964554512,858
5859,0.0480899241457433,perceptual,IT,alexnettrained,ReLu7,0.006766363109492161,859
5860,0.17695333788999099,perceptual,IT,alexnettrained,ReLu7,0.034530265644464125,860
5861,0.055477778440076515,perceptual,IT,alexnettrained,ReLu7,0.009114583146054102,861
5862,0.14556931991301592,perceptual,IT,alexnettrained,ReLu7,0.03451328359071648,862
5863,0.08067378491516491,perceptual,IT,alexnettrained,ReLu7,0.016534401098658183,863
5864,0.13311973197804394,perceptual,IT,alexnettrained,ReLu7,0.029621506499182708,864
5865,0.12764442747229862,perceptual,IT,alexnettrained,ReLu7,0.019828930124865553,865
5866,0.03584709512715988,perceptual,IT,alexnettrained,ReLu7,0.0049943479671941265,866
5867,0.11546588138057938,perceptual,IT,alexnettrained,ReLu7,0.02839485590702679,867
5868,0.08417493383459541,perceptual,IT,alexnettrained,ReLu7,0.01181634156212056,868
5869,0.0956668905271975,perceptual,IT,alexnettrained,ReLu7,0.0164197964446975,869
5870,0.125286833873579,perceptual,IT,alexnettrained,ReLu7,0.019362644016321942,870
5871,0.08846463799489508,perceptual,IT,alexnettrained,ReLu7,0.015188843947017685,871
5872,0.06280855555398843,perceptual,IT,alexnettrained,ReLu7,0.009914045672291674,872
5873,0.1231130574742185,perceptual,IT,alexnettrained,ReLu7,0.01995346541019805,873
5874,0.12874620110982593,perceptual,IT,alexnettrained,ReLu7,0.017137126087006627,874
5875,0.054918018909336265,perceptual,IT,alexnettrained,ReLu7,0.011130406957576673,875
5876,0.08399352715077912,perceptual,IT,alexnettrained,ReLu7,0.009708914994029563,876
5877,0.12718026218048856,perceptual,IT,alexnettrained,ReLu7,0.02802622258816499,877
5878,0.20213727467666195,perceptual,IT,alexnettrained,ReLu7,0.04322181428939574,878
5879,0.061154789463750234,perceptual,IT,alexnettrained,ReLu7,0.01144255925546828,879
5880,0.15201934392030236,perceptual,IT,alexnettrained,ReLu7,0.03111674863866844,880
5881,0.12476707602146694,perceptual,IT,alexnettrained,ReLu7,0.028310462673371194,881
5882,0.0840491368798172,perceptual,IT,alexnettrained,ReLu7,0.021889011953272846,882
5883,0.0934263469232624,perceptual,IT,alexnettrained,ReLu7,0.017684427420811964,883
5884,0.13758668247589023,perceptual,IT,alexnettrained,ReLu7,0.029194516609271578,884
5885,0.07440388987402093,perceptual,IT,alexnettrained,ReLu7,0.01173890075259467,885
5886,0.0986452385895248,perceptual,IT,alexnettrained,ReLu7,0.024497397062556374,886
5887,0.14198930256247116,perceptual,IT,alexnettrained,ReLu7,0.030075684951147954,887
5888,0.06409169466321456,perceptual,IT,alexnettrained,ReLu7,0.01040612527211682,888
5889,0.11924318847274629,perceptual,IT,alexnettrained,ReLu7,0.02428198173192713,889
5890,0.19543066623456687,perceptual,IT,alexnettrained,ReLu7,0.033203980191759595,890
5891,0.09906222980369225,perceptual,IT,alexnettrained,ReLu7,0.01076401712085737,891
5892,0.12977809333669318,perceptual,IT,alexnettrained,ReLu7,0.0331304483223642,892
5893,0.05060824765555861,perceptual,IT,alexnettrained,ReLu7,0.008738184554616953,893
5894,0.09651494722857272,perceptual,IT,alexnettrained,ReLu7,0.025586180403687733,894
5895,0.120444325280244,perceptual,IT,alexnettrained,ReLu7,0.01799492024537282,895
5896,0.15345399128168574,perceptual,IT,alexnettrained,ReLu7,0.029381377477331976,896
5897,0.13018769449381454,perceptual,IT,alexnettrained,ReLu7,0.036646857495739156,897
5898,0.10138598667985091,perceptual,IT,alexnettrained,ReLu7,0.026733923788800847,898
5899,0.12253942413997,perceptual,IT,alexnettrained,ReLu7,0.028226091765817564,899
5900,0.09327200940405969,perceptual,IT,alexnettrained,ReLu7,0.024534073048345546,900
5901,0.10745506674896323,perceptual,IT,alexnettrained,ReLu7,0.019411402976356757,901
5902,0.0848055897546292,perceptual,IT,alexnettrained,ReLu7,0.022296608057659144,902
5903,0.1138573085396003,perceptual,IT,alexnettrained,ReLu7,0.011876207604680203,903
5904,0.18414176830505247,perceptual,IT,alexnettrained,ReLu7,0.03189788155444512,904
5905,0.09520252748972342,perceptual,IT,alexnettrained,ReLu7,0.021110974520975344,905
5906,0.09928370481305296,perceptual,IT,alexnettrained,ReLu7,0.016981596006619495,906
5907,0.1554242101128586,perceptual,IT,alexnettrained,ReLu7,0.024216023136959874,907
5908,0.12708918428011046,perceptual,IT,alexnettrained,ReLu7,0.028720722269455913,908
5909,0.27730197806106466,perceptual,IT,alexnettrained,ReLu7,0.037905691359361754,909
5910,0.17551640657317585,perceptual,IT,alexnettrained,ReLu7,0.027139938557456073,910
5911,0.12237955737759236,perceptual,IT,alexnettrained,ReLu7,0.029829913898570554,911
5912,0.09727157749149999,perceptual,IT,alexnettrained,ReLu7,0.015701885645211962,912
5913,0.14026376714197028,perceptual,IT,alexnettrained,ReLu7,0.02903539852137587,913
5914,0.15638645735079204,perceptual,IT,alexnettrained,ReLu7,0.031732813295937745,914
5915,0.15767458437719364,perceptual,IT,alexnettrained,ReLu7,0.024207382865933616,915
5916,0.11184740124132514,perceptual,IT,alexnettrained,ReLu7,0.03092243540128814,916
5917,0.05264700826129402,perceptual,IT,alexnettrained,ReLu7,0.011228273793668609,917
5918,0.05000146799998513,perceptual,IT,alexnettrained,ReLu7,0.008744721219293792,918
5919,0.11662871791737807,perceptual,IT,alexnettrained,ReLu7,0.025786663099175915,919
5920,0.13841371125694762,perceptual,IT,alexnettrained,ReLu7,0.03288418692731402,920
5921,0.06160310346508619,perceptual,IT,alexnettrained,ReLu7,0.010419218954603404,921
5922,0.12537146525989404,perceptual,IT,alexnettrained,ReLu7,0.028867229393204887,922
5923,0.10105998948407928,perceptual,IT,alexnettrained,ReLu7,0.019701844032070502,923
5924,0.12023440871395948,perceptual,IT,alexnettrained,ReLu7,0.01822165264733936,924
5925,0.05833909951827424,perceptual,IT,alexnettrained,ReLu7,0.013947326502051393,925
5926,0.1028081009288252,perceptual,IT,alexnettrained,ReLu7,0.02228144408124438,926
5927,0.08788541237075265,perceptual,IT,alexnettrained,ReLu7,0.01513906494762764,927
5928,0.06591680114289344,perceptual,IT,alexnettrained,ReLu7,0.013597266776266922,928
5929,0.05323562761527848,perceptual,IT,alexnettrained,ReLu7,0.011357698333035886,929
5930,0.11458144808886127,perceptual,IT,alexnettrained,ReLu7,0.027482655497044508,930
5931,0.13258072109120136,perceptual,IT,alexnettrained,ReLu7,0.021569966907400418,931
5932,0.09288960112510736,perceptual,IT,alexnettrained,ReLu7,0.01667814819467689,932
5933,0.11729082516675379,perceptual,IT,alexnettrained,ReLu7,0.022368125381951993,933
5934,0.10169417263862117,perceptual,IT,alexnettrained,ReLu7,0.017560212361175623,934
5935,0.10604003354317168,perceptual,IT,alexnettrained,ReLu7,0.015540517200019834,935
5936,0.09168644701039086,perceptual,IT,alexnettrained,ReLu7,0.01781835677421954,936
5937,0.15812683191867885,perceptual,IT,alexnettrained,ReLu7,0.03264230115652439,937
5938,0.10877579054547735,perceptual,IT,alexnettrained,ReLu7,0.019196861573726742,938
5939,0.10665982889124297,perceptual,IT,alexnettrained,ReLu7,0.030396048977413187,939
5940,0.08154838696666279,perceptual,IT,alexnettrained,ReLu7,0.016835825621984973,940
5941,0.10552894134890337,perceptual,IT,alexnettrained,ReLu7,0.020237347929525744,941
5942,0.038756086617353316,perceptual,IT,alexnettrained,ReLu7,0.004609134669557737,942
5943,0.18250053715715459,perceptual,IT,alexnettrained,ReLu7,0.041464004284427244,943
5944,0.1330956457482745,perceptual,IT,alexnettrained,ReLu7,0.022105984089053843,944
5945,0.11338235733474152,perceptual,IT,alexnettrained,ReLu7,0.024747533662886054,945
5946,0.06758097525753595,perceptual,IT,alexnettrained,ReLu7,0.011593441394924315,946
5947,0.08376177417370279,perceptual,IT,alexnettrained,ReLu7,0.019432648977992076,947
5948,0.0772061702213825,perceptual,IT,alexnettrained,ReLu7,0.016591365597257227,948
5949,0.018042653074153942,perceptual,IT,alexnettrained,ReLu7,0.0025212683687081258,949
5950,0.05748905025215763,perceptual,IT,alexnettrained,ReLu7,0.011869375256450924,950
5951,0.11428467994944608,perceptual,IT,alexnettrained,ReLu7,0.01853280762865547,951
5952,0.07369456486476447,perceptual,IT,alexnettrained,ReLu7,0.014819680499609767,952
5953,0.11498991255593718,perceptual,IT,alexnettrained,ReLu7,0.01285660804055609,953
5954,0.13185362801367828,perceptual,IT,alexnettrained,ReLu7,0.026649603075049134,954
5955,0.14018334607010519,perceptual,IT,alexnettrained,ReLu7,0.021935018612637372,955
5956,0.10285408638081754,perceptual,IT,alexnettrained,ReLu7,0.02050683761539546,956
5957,0.09214575045352358,perceptual,IT,alexnettrained,ReLu7,0.0165184308745232,957
5958,0.06497074675567531,perceptual,IT,alexnettrained,ReLu7,0.014423886137418396,958
5959,0.058672039122227446,perceptual,IT,alexnettrained,ReLu7,0.006709658871168971,959
5960,0.11953751167390216,perceptual,IT,alexnettrained,ReLu7,0.02264778044846845,960
5961,0.1262693703009452,perceptual,IT,alexnettrained,ReLu7,0.022479873691646293,961
5962,0.08207946122476685,perceptual,IT,alexnettrained,ReLu7,0.01421731217299303,962
5963,0.1171045470717675,perceptual,IT,alexnettrained,ReLu7,0.01972848794560751,963
5964,0.07316884310368375,perceptual,IT,alexnettrained,ReLu7,0.011880310621434626,964
5965,0.0825799990284882,perceptual,IT,alexnettrained,ReLu7,0.019225184232896445,965
5966,0.07005008739811178,perceptual,IT,alexnettrained,ReLu7,0.019567742535776637,966
5967,0.1191517263720434,perceptual,IT,alexnettrained,ReLu7,0.02340447145155762,967
5968,0.16525904248231751,perceptual,IT,alexnettrained,ReLu7,0.031492218660310156,968
5969,0.09623230640695986,perceptual,IT,alexnettrained,ReLu7,0.017802816493889317,969
5970,0.09445718432072676,perceptual,IT,alexnettrained,ReLu7,0.023575780036320278,970
5971,0.14621426325630407,perceptual,IT,alexnettrained,ReLu7,0.03002763936542808,971
5972,0.13592286575433174,perceptual,IT,alexnettrained,ReLu7,0.026432379617308325,972
5973,0.09061010955462466,perceptual,IT,alexnettrained,ReLu7,0.02214690420595179,973
5974,0.10496770352957878,perceptual,IT,alexnettrained,ReLu7,0.022815079212405755,974
5975,0.16579855237715735,perceptual,IT,alexnettrained,ReLu7,0.03163130222437033,975
5976,0.09665738290450626,perceptual,IT,alexnettrained,ReLu7,0.016866062958840473,976
5977,0.11864099796365314,perceptual,IT,alexnettrained,ReLu7,0.024808128170123817,977
5978,0.09372515667969454,perceptual,IT,alexnettrained,ReLu7,0.02008551537175256,978
5979,0.09298738435311055,perceptual,IT,alexnettrained,ReLu7,0.02749219989304143,979
5980,0.07012727506516409,perceptual,IT,alexnettrained,ReLu7,0.01383723840651008,980
5981,0.11513648123638427,perceptual,IT,alexnettrained,ReLu7,0.025523692202578344,981
5982,0.09731246005181676,perceptual,IT,alexnettrained,ReLu7,0.017478452802906802,982
5983,0.09087628828720014,perceptual,IT,alexnettrained,ReLu7,0.011052154898456807,983
5984,0.12276111684463115,perceptual,IT,alexnettrained,ReLu7,0.021665426001519807,984
5985,0.054485891237832304,perceptual,IT,alexnettrained,ReLu7,0.009650680681940433,985
5986,0.11116427606668093,perceptual,IT,alexnettrained,ReLu7,0.0219018144521398,986
5987,0.1473964088501121,perceptual,IT,alexnettrained,ReLu7,0.020929561748320512,987
5988,0.15058883466286077,perceptual,IT,alexnettrained,ReLu7,0.03066765613689934,988
5989,0.041890354183255284,perceptual,IT,alexnettrained,ReLu7,0.003934940815177784,989
5990,0.11033438966074857,perceptual,IT,alexnettrained,ReLu7,0.02969425150700891,990
5991,0.15881038280844637,perceptual,IT,alexnettrained,ReLu7,0.03523517239108748,991
5992,0.09695130420347463,perceptual,IT,alexnettrained,ReLu7,0.025431560857369383,992
5993,0.1125206778031293,perceptual,IT,alexnettrained,ReLu7,0.029919370268310604,993
5994,0.14507359293683447,perceptual,IT,alexnettrained,ReLu7,0.030782032190253786,994
5995,0.1277611158899032,perceptual,IT,alexnettrained,ReLu7,0.029239689458768307,995
5996,0.10460732152983983,perceptual,IT,alexnettrained,ReLu7,0.017653333024601852,996
5997,0.12210635721513051,perceptual,IT,alexnettrained,ReLu7,0.02603254593118493,997
5998,0.057153525722591345,perceptual,IT,alexnettrained,ReLu7,0.010057937366009385,998
5999,0.1343621987674065,perceptual,IT,alexnettrained,ReLu7,0.022341918576813082,999
6000,0.4720393347777391,perceptual,EVC,dcrandom,ReLu2,1.7656223848519126,0
6001,0.5254161824543677,perceptual,EVC,dcrandom,ReLu2,2.2678848434778045,1
6002,0.39903390764413527,perceptual,EVC,dcrandom,ReLu2,1.8881734581736904,2
6003,0.4649472548811394,perceptual,EVC,dcrandom,ReLu2,1.8920179454692267,3
6004,0.3722050257746128,perceptual,EVC,dcrandom,ReLu2,1.7454696439824842,4
6005,0.46155290566490836,perceptual,EVC,dcrandom,ReLu2,2.133050963719287,5
6006,0.4085208849953153,perceptual,EVC,dcrandom,ReLu2,2.171394314818193,6
6007,0.3438261062738192,perceptual,EVC,dcrandom,ReLu2,1.4181820138337797,7
6008,0.396065125235081,perceptual,EVC,dcrandom,ReLu2,2.0499161924661995,8
6009,0.42753697487011333,perceptual,EVC,dcrandom,ReLu2,1.7558780043850275,9
6010,0.4738060669127309,perceptual,EVC,dcrandom,ReLu2,1.8035481972007195,10
6011,0.6752213748995921,perceptual,EVC,dcrandom,ReLu2,2.0636333119902446,11
6012,0.4477622091003547,perceptual,EVC,dcrandom,ReLu2,2.246899928761086,12
6013,0.41376634821405295,perceptual,EVC,dcrandom,ReLu2,1.7882560988914806,13
6014,0.3282496008332966,perceptual,EVC,dcrandom,ReLu2,1.6805288423880942,14
6015,0.4113356853435829,perceptual,EVC,dcrandom,ReLu2,1.934668950517349,15
6016,0.43169172963381597,perceptual,EVC,dcrandom,ReLu2,2.1232770321033057,16
6017,0.41015499074320244,perceptual,EVC,dcrandom,ReLu2,1.4842198739681765,17
6018,0.5626297817044917,perceptual,EVC,dcrandom,ReLu2,1.9700694443019056,18
6019,0.5463975592277517,perceptual,EVC,dcrandom,ReLu2,2.120210325128844,19
6020,0.5008487653243918,perceptual,EVC,dcrandom,ReLu2,2.380537502387601,20
6021,0.5345065599101382,perceptual,EVC,dcrandom,ReLu2,1.7073894524179951,21
6022,0.4883666646551781,perceptual,EVC,dcrandom,ReLu2,2.039070379457541,22
6023,0.4708651370326994,perceptual,EVC,dcrandom,ReLu2,2.3576720189926963,23
6024,0.43708821214361937,perceptual,EVC,dcrandom,ReLu2,1.7446801246099792,24
6025,0.5074453105730974,perceptual,EVC,dcrandom,ReLu2,1.5136291334776613,25
6026,0.4778614486868445,perceptual,EVC,dcrandom,ReLu2,2.13761990152807,26
6027,0.34643549245819005,perceptual,EVC,dcrandom,ReLu2,1.3218152979177233,27
6028,0.4826827576623167,perceptual,EVC,dcrandom,ReLu2,2.489052980568491,28
6029,0.5627400414619012,perceptual,EVC,dcrandom,ReLu2,2.319948562674531,29
6030,0.4833326618161996,perceptual,EVC,dcrandom,ReLu2,1.941629870852219,30
6031,0.4014268943025164,perceptual,EVC,dcrandom,ReLu2,1.7562851743059298,31
6032,0.40637129163414704,perceptual,EVC,dcrandom,ReLu2,1.759669471797591,32
6033,0.4775965328553674,perceptual,EVC,dcrandom,ReLu2,2.0849653308620724,33
6034,0.43136455753018627,perceptual,EVC,dcrandom,ReLu2,2.0244906762547945,34
6035,0.5193742414626625,perceptual,EVC,dcrandom,ReLu2,1.5502309921974384,35
6036,0.4479846987928549,perceptual,EVC,dcrandom,ReLu2,1.8099298368112224,36
6037,0.4154679390149913,perceptual,EVC,dcrandom,ReLu2,1.7649449397319263,37
6038,0.5513898343894473,perceptual,EVC,dcrandom,ReLu2,2.3479568439141563,38
6039,0.4122322816879393,perceptual,EVC,dcrandom,ReLu2,2.006003555910589,39
6040,0.37789876637508263,perceptual,EVC,dcrandom,ReLu2,1.7187789733161183,40
6041,0.4863884754338984,perceptual,EVC,dcrandom,ReLu2,1.8709602903081184,41
6042,0.45538928263138007,perceptual,EVC,dcrandom,ReLu2,2.0474515795366584,42
6043,0.4118060981458216,perceptual,EVC,dcrandom,ReLu2,1.9408794874917843,43
6044,0.4805263255777541,perceptual,EVC,dcrandom,ReLu2,2.206316338551656,44
6045,0.34964944750783944,perceptual,EVC,dcrandom,ReLu2,1.6678980614882444,45
6046,0.38010887641761115,perceptual,EVC,dcrandom,ReLu2,1.7679575995214303,46
6047,0.368525529711585,perceptual,EVC,dcrandom,ReLu2,1.643442060777542,47
6048,0.46293963538086774,perceptual,EVC,dcrandom,ReLu2,1.955653770080076,48
6049,0.46801914631477465,perceptual,EVC,dcrandom,ReLu2,1.9718226527425309,49
6050,0.7060635835894936,perceptual,EVC,dcrandom,ReLu2,2.284059653041348,50
6051,0.5221974652066876,perceptual,EVC,dcrandom,ReLu2,1.850130295590708,51
6052,0.3096254694621688,perceptual,EVC,dcrandom,ReLu2,1.3416815218654972,52
6053,0.3495808867690335,perceptual,EVC,dcrandom,ReLu2,1.5251817799007166,53
6054,0.4004325568240239,perceptual,EVC,dcrandom,ReLu2,2.2819702356984495,54
6055,0.5320861100652273,perceptual,EVC,dcrandom,ReLu2,1.9547287492831726,55
6056,0.4479875707091962,perceptual,EVC,dcrandom,ReLu2,1.7551877596195227,56
6057,0.3433091915610374,perceptual,EVC,dcrandom,ReLu2,2.1424084292514696,57
6058,0.4775739857011298,perceptual,EVC,dcrandom,ReLu2,2.007797568080343,58
6059,0.47081668671966426,perceptual,EVC,dcrandom,ReLu2,2.2285012022971578,59
6060,0.3994649255897874,perceptual,EVC,dcrandom,ReLu2,2.057008657963631,60
6061,0.5694227824103661,perceptual,EVC,dcrandom,ReLu2,2.2393581583552593,61
6062,0.5074150606360701,perceptual,EVC,dcrandom,ReLu2,1.716911671140218,62
6063,0.4767926471749517,perceptual,EVC,dcrandom,ReLu2,1.7529611796321132,63
6064,0.45718704420719525,perceptual,EVC,dcrandom,ReLu2,1.8343531714738532,64
6065,0.5176011546328527,perceptual,EVC,dcrandom,ReLu2,1.9303502126114616,65
6066,0.5058255024265442,perceptual,EVC,dcrandom,ReLu2,2.0538009342201677,66
6067,0.3756812872307857,perceptual,EVC,dcrandom,ReLu2,1.983019656678192,67
6068,0.44028842990626443,perceptual,EVC,dcrandom,ReLu2,2.0164317829264613,68
6069,0.4355951847938021,perceptual,EVC,dcrandom,ReLu2,1.8130799644015254,69
6070,0.5179759391275061,perceptual,EVC,dcrandom,ReLu2,1.7741131621671105,70
6071,0.4605086365201606,perceptual,EVC,dcrandom,ReLu2,2.0338465361485167,71
6072,0.4676108804341661,perceptual,EVC,dcrandom,ReLu2,2.4653756861464227,72
6073,0.4541268967146236,perceptual,EVC,dcrandom,ReLu2,2.362899122762607,73
6074,0.39372935885050353,perceptual,EVC,dcrandom,ReLu2,2.3851505215708944,74
6075,0.5363393166270867,perceptual,EVC,dcrandom,ReLu2,2.2229705278871137,75
6076,0.42333669931237977,perceptual,EVC,dcrandom,ReLu2,2.2618196848449745,76
6077,0.37116276221097355,perceptual,EVC,dcrandom,ReLu2,2.1329679431495565,77
6078,0.46657120455245105,perceptual,EVC,dcrandom,ReLu2,2.4824232628817704,78
6079,0.34194378235153283,perceptual,EVC,dcrandom,ReLu2,1.7179101617039563,79
6080,0.4239173418325972,perceptual,EVC,dcrandom,ReLu2,2.246194464175733,80
6081,0.49952488463881733,perceptual,EVC,dcrandom,ReLu2,2.0265947678171887,81
6082,0.5438817041631036,perceptual,EVC,dcrandom,ReLu2,2.1734248134297136,82
6083,0.3760067048930043,perceptual,EVC,dcrandom,ReLu2,1.62051125903544,83
6084,0.45428676723933314,perceptual,EVC,dcrandom,ReLu2,1.8179949712990124,84
6085,0.4998854582834437,perceptual,EVC,dcrandom,ReLu2,1.9596137613648161,85
6086,0.37741252641570844,perceptual,EVC,dcrandom,ReLu2,1.6514683308332692,86
6087,0.41195889010326603,perceptual,EVC,dcrandom,ReLu2,1.984988095593482,87
6088,0.39843256641846003,perceptual,EVC,dcrandom,ReLu2,1.6901771392409328,88
6089,0.425698354460961,perceptual,EVC,dcrandom,ReLu2,1.3940857309878951,89
6090,0.47878573927084256,perceptual,EVC,dcrandom,ReLu2,2.297519303804529,90
6091,0.40791421808444633,perceptual,EVC,dcrandom,ReLu2,2.342058955874144,91
6092,0.38229195676694744,perceptual,EVC,dcrandom,ReLu2,1.5926007713738568,92
6093,0.4339318296527353,perceptual,EVC,dcrandom,ReLu2,2.0139366925012165,93
6094,0.4968436067556573,perceptual,EVC,dcrandom,ReLu2,2.1721387815900606,94
6095,0.3932041601503119,perceptual,EVC,dcrandom,ReLu2,2.1124364834803657,95
6096,0.4030068223656483,perceptual,EVC,dcrandom,ReLu2,1.982098910218482,96
6097,0.4059878589397396,perceptual,EVC,dcrandom,ReLu2,1.8531474447958665,97
6098,0.4340225178339752,perceptual,EVC,dcrandom,ReLu2,1.8148727174836283,98
6099,0.37200469704897116,perceptual,EVC,dcrandom,ReLu2,1.765632974636369,99
6100,0.4099539168974963,perceptual,EVC,dcrandom,ReLu2,1.9759165472639462,100
6101,0.40318461939459055,perceptual,EVC,dcrandom,ReLu2,1.6221559875192684,101
6102,0.4957964498825597,perceptual,EVC,dcrandom,ReLu2,2.1182518562947688,102
6103,0.39574943818926944,perceptual,EVC,dcrandom,ReLu2,1.7580102321906514,103
6104,0.486405606610993,perceptual,EVC,dcrandom,ReLu2,2.4018319176280145,104
6105,0.40703649622202037,perceptual,EVC,dcrandom,ReLu2,2.066759172419733,105
6106,0.42410555249543713,perceptual,EVC,dcrandom,ReLu2,1.576681248002675,106
6107,0.3897858488029826,perceptual,EVC,dcrandom,ReLu2,1.6005929017566183,107
6108,0.44068696194118506,perceptual,EVC,dcrandom,ReLu2,1.897198112599177,108
6109,0.3747780787745741,perceptual,EVC,dcrandom,ReLu2,1.498518987369078,109
6110,0.4137490305180868,perceptual,EVC,dcrandom,ReLu2,1.7320377768488182,110
6111,0.3808543032469145,perceptual,EVC,dcrandom,ReLu2,1.7001728125844155,111
6112,0.4535433191746309,perceptual,EVC,dcrandom,ReLu2,1.7722180308840483,112
6113,0.4606437626113334,perceptual,EVC,dcrandom,ReLu2,1.9582222502166053,113
6114,0.5294474344553711,perceptual,EVC,dcrandom,ReLu2,2.1274593322531983,114
6115,0.5094544099420492,perceptual,EVC,dcrandom,ReLu2,2.379719538595754,115
6116,0.40117703095748947,perceptual,EVC,dcrandom,ReLu2,1.8997522043395423,116
6117,0.4539479648777597,perceptual,EVC,dcrandom,ReLu2,1.9063209095799993,117
6118,0.44928772882987367,perceptual,EVC,dcrandom,ReLu2,2.2957284012517025,118
6119,0.44625822058892134,perceptual,EVC,dcrandom,ReLu2,2.509177311525133,119
6120,0.544413364463373,perceptual,EVC,dcrandom,ReLu2,1.8843585311044482,120
6121,0.4382847995276755,perceptual,EVC,dcrandom,ReLu2,2.161934394978459,121
6122,0.37234275742268436,perceptual,EVC,dcrandom,ReLu2,1.7601824459555138,122
6123,0.47928869805617796,perceptual,EVC,dcrandom,ReLu2,2.202034254636892,123
6124,0.5303511370274413,perceptual,EVC,dcrandom,ReLu2,2.112747674910353,124
6125,0.5169211027240823,perceptual,EVC,dcrandom,ReLu2,2.2444188189000194,125
6126,0.5018481197175703,perceptual,EVC,dcrandom,ReLu2,2.3308235688632104,126
6127,0.4619246154339516,perceptual,EVC,dcrandom,ReLu2,2.1018985628305864,127
6128,0.45591618499284936,perceptual,EVC,dcrandom,ReLu2,1.9924868147080361,128
6129,0.5063398832540377,perceptual,EVC,dcrandom,ReLu2,2.2403157865198353,129
6130,0.4013100612844958,perceptual,EVC,dcrandom,ReLu2,2.2250276501196016,130
6131,0.31740333260676057,perceptual,EVC,dcrandom,ReLu2,1.3304242588517476,131
6132,0.4996362507707369,perceptual,EVC,dcrandom,ReLu2,2.0005125769275933,132
6133,0.4959891951780459,perceptual,EVC,dcrandom,ReLu2,1.9912274003851036,133
6134,0.36108462223617444,perceptual,EVC,dcrandom,ReLu2,1.8707558233230475,134
6135,0.277996840942331,perceptual,EVC,dcrandom,ReLu2,1.2623803471204564,135
6136,0.3540775868538461,perceptual,EVC,dcrandom,ReLu2,2.1227594610654705,136
6137,0.5236322310939081,perceptual,EVC,dcrandom,ReLu2,1.9338418766583911,137
6138,0.5307561256347426,perceptual,EVC,dcrandom,ReLu2,1.524275174589977,138
6139,0.44202011961590704,perceptual,EVC,dcrandom,ReLu2,1.8251593339569847,139
6140,0.4616742582402079,perceptual,EVC,dcrandom,ReLu2,1.8260441158211291,140
6141,0.4311854485108163,perceptual,EVC,dcrandom,ReLu2,1.9784994807443586,141
6142,0.4335907381167106,perceptual,EVC,dcrandom,ReLu2,1.9758556745578524,142
6143,0.472801624962507,perceptual,EVC,dcrandom,ReLu2,2.215575867844971,143
6144,0.3145823983799632,perceptual,EVC,dcrandom,ReLu2,1.7090370362338025,144
6145,0.4148753522258953,perceptual,EVC,dcrandom,ReLu2,2.1180806255897267,145
6146,0.4810881472814718,perceptual,EVC,dcrandom,ReLu2,1.9581361938541764,146
6147,0.47751706392990606,perceptual,EVC,dcrandom,ReLu2,2.1497507242145053,147
6148,0.34210767124099384,perceptual,EVC,dcrandom,ReLu2,2.151384314775261,148
6149,0.4087161748583554,perceptual,EVC,dcrandom,ReLu2,1.8688723005118906,149
6150,0.5168341981519836,perceptual,EVC,dcrandom,ReLu2,2.2493741425665315,150
6151,0.4309457231077916,perceptual,EVC,dcrandom,ReLu2,2.0749982654942203,151
6152,0.3906795635233137,perceptual,EVC,dcrandom,ReLu2,1.6974036682158113,152
6153,0.4926677930289002,perceptual,EVC,dcrandom,ReLu2,2.058932976926004,153
6154,0.43152397749447446,perceptual,EVC,dcrandom,ReLu2,2.4325031459833304,154
6155,0.5791061775020786,perceptual,EVC,dcrandom,ReLu2,2.207091102618635,155
6156,0.4451404912490412,perceptual,EVC,dcrandom,ReLu2,2.0074767335171115,156
6157,0.4733822171827911,perceptual,EVC,dcrandom,ReLu2,2.1176480740033066,157
6158,0.3826547286091781,perceptual,EVC,dcrandom,ReLu2,1.4723000023935575,158
6159,0.3884010563566236,perceptual,EVC,dcrandom,ReLu2,2.09246050314092,159
6160,0.39729303647790726,perceptual,EVC,dcrandom,ReLu2,2.029359041223014,160
6161,0.3691054525476719,perceptual,EVC,dcrandom,ReLu2,1.6035035257358619,161
6162,0.5233366208176301,perceptual,EVC,dcrandom,ReLu2,2.093992749605521,162
6163,0.5460809538328203,perceptual,EVC,dcrandom,ReLu2,2.5527926140902686,163
6164,0.5408711172733778,perceptual,EVC,dcrandom,ReLu2,1.7966934078059906,164
6165,0.44728732045247344,perceptual,EVC,dcrandom,ReLu2,1.9991641531196949,165
6166,0.5022137999037048,perceptual,EVC,dcrandom,ReLu2,2.1498722427948134,166
6167,0.5376027651610191,perceptual,EVC,dcrandom,ReLu2,1.8013509714937186,167
6168,0.3175618506868093,perceptual,EVC,dcrandom,ReLu2,1.4578499672587464,168
6169,0.36347502077776916,perceptual,EVC,dcrandom,ReLu2,1.3225859368186754,169
6170,0.44212961705337506,perceptual,EVC,dcrandom,ReLu2,2.051106755307316,170
6171,0.4705088800758107,perceptual,EVC,dcrandom,ReLu2,2.188248216612135,171
6172,0.4883266649534344,perceptual,EVC,dcrandom,ReLu2,1.7032066354051514,172
6173,0.49226354004370415,perceptual,EVC,dcrandom,ReLu2,2.2964146219932755,173
6174,0.5370435901753754,perceptual,EVC,dcrandom,ReLu2,2.3160743639745647,174
6175,0.4143788136547782,perceptual,EVC,dcrandom,ReLu2,1.9780694021285474,175
6176,0.38747454370602735,perceptual,EVC,dcrandom,ReLu2,2.3297713792122194,176
6177,0.4659318064320454,perceptual,EVC,dcrandom,ReLu2,1.542203912876266,177
6178,0.4501039933606668,perceptual,EVC,dcrandom,ReLu2,1.7762552667870193,178
6179,0.548601145902095,perceptual,EVC,dcrandom,ReLu2,2.3619793100240107,179
6180,0.4364654701340556,perceptual,EVC,dcrandom,ReLu2,1.4314675243621628,180
6181,0.37343457350800874,perceptual,EVC,dcrandom,ReLu2,1.7597297808668837,181
6182,0.3333001972862851,perceptual,EVC,dcrandom,ReLu2,1.432402078808967,182
6183,0.3739397109026116,perceptual,EVC,dcrandom,ReLu2,1.8157820672080114,183
6184,0.47361605379425864,perceptual,EVC,dcrandom,ReLu2,1.8752469006012926,184
6185,0.4529543898323808,perceptual,EVC,dcrandom,ReLu2,1.9065285072623515,185
6186,0.4847245039909858,perceptual,EVC,dcrandom,ReLu2,1.8553309285781538,186
6187,0.46452151008090836,perceptual,EVC,dcrandom,ReLu2,1.915924805179535,187
6188,0.4025155257316579,perceptual,EVC,dcrandom,ReLu2,1.7094447782142932,188
6189,0.36279903161415816,perceptual,EVC,dcrandom,ReLu2,1.6724736621065899,189
6190,0.4265869589639097,perceptual,EVC,dcrandom,ReLu2,2.5703308223243737,190
6191,0.4480395477708071,perceptual,EVC,dcrandom,ReLu2,2.3897236155219854,191
6192,0.44885021107465994,perceptual,EVC,dcrandom,ReLu2,1.773467993674564,192
6193,0.38483084824636393,perceptual,EVC,dcrandom,ReLu2,1.889132696915802,193
6194,0.5546393882668955,perceptual,EVC,dcrandom,ReLu2,2.24444247971919,194
6195,0.4726170072289143,perceptual,EVC,dcrandom,ReLu2,2.1425207191050215,195
6196,0.44596699435078685,perceptual,EVC,dcrandom,ReLu2,1.908771809305268,196
6197,0.33168696719225244,perceptual,EVC,dcrandom,ReLu2,1.5213808068378265,197
6198,0.4803760955939093,perceptual,EVC,dcrandom,ReLu2,2.340379340796297,198
6199,0.4283256690197262,perceptual,EVC,dcrandom,ReLu2,1.9726453964867425,199
6200,0.3546272564340518,perceptual,EVC,dcrandom,ReLu2,1.624715505065363,200
6201,0.3779656311507495,perceptual,EVC,dcrandom,ReLu2,2.1975415915148373,201
6202,0.4314578019849114,perceptual,EVC,dcrandom,ReLu2,2.00527960398039,202
6203,0.4258572190363249,perceptual,EVC,dcrandom,ReLu2,2.0745944566322057,203
6204,0.4015115218950564,perceptual,EVC,dcrandom,ReLu2,1.6621043152547994,204
6205,0.44647607723040306,perceptual,EVC,dcrandom,ReLu2,1.659935492344537,205
6206,0.5189398791150363,perceptual,EVC,dcrandom,ReLu2,2.1576926670406182,206
6207,0.4794002734871304,perceptual,EVC,dcrandom,ReLu2,2.0072490312255584,207
6208,0.47412939868692633,perceptual,EVC,dcrandom,ReLu2,1.7910038828013475,208
6209,0.38721432354656116,perceptual,EVC,dcrandom,ReLu2,1.9233585293550552,209
6210,0.41859346557778926,perceptual,EVC,dcrandom,ReLu2,2.15724248775766,210
6211,0.4692052897401407,perceptual,EVC,dcrandom,ReLu2,2.12316678899355,211
6212,0.49671477188605345,perceptual,EVC,dcrandom,ReLu2,2.2794922002335407,212
6213,0.3957952769276187,perceptual,EVC,dcrandom,ReLu2,2.0203421648900655,213
6214,0.5004043571451361,perceptual,EVC,dcrandom,ReLu2,2.7278092889119545,214
6215,0.3759671788602866,perceptual,EVC,dcrandom,ReLu2,1.4277456515124207,215
6216,0.44852624832800736,perceptual,EVC,dcrandom,ReLu2,1.6132170522647344,216
6217,0.4128500055016811,perceptual,EVC,dcrandom,ReLu2,1.9266234126799366,217
6218,0.5555841751595482,perceptual,EVC,dcrandom,ReLu2,1.9596335681285724,218
6219,0.3991864358478985,perceptual,EVC,dcrandom,ReLu2,1.7872623248773027,219
6220,0.5273402211347443,perceptual,EVC,dcrandom,ReLu2,2.0143378179909712,220
6221,0.43594342418703025,perceptual,EVC,dcrandom,ReLu2,2.5378773643263806,221
6222,0.5643698646392389,perceptual,EVC,dcrandom,ReLu2,2.1832427828732146,222
6223,0.46987794249173054,perceptual,EVC,dcrandom,ReLu2,2.004392692240573,223
6224,0.37364390892152877,perceptual,EVC,dcrandom,ReLu2,1.903950506500337,224
6225,0.5232692766621211,perceptual,EVC,dcrandom,ReLu2,2.014706541771245,225
6226,0.5078849246674273,perceptual,EVC,dcrandom,ReLu2,2.1690736875192123,226
6227,0.5297577738756282,perceptual,EVC,dcrandom,ReLu2,2.309381338213636,227
6228,0.47108370198351895,perceptual,EVC,dcrandom,ReLu2,2.0089744060993437,228
6229,0.4327453498893108,perceptual,EVC,dcrandom,ReLu2,2.3202320536588923,229
6230,0.3781598852663062,perceptual,EVC,dcrandom,ReLu2,1.7953232234280674,230
6231,0.3514171552435818,perceptual,EVC,dcrandom,ReLu2,1.5443109006606064,231
6232,0.45551575667109223,perceptual,EVC,dcrandom,ReLu2,1.9204082455573737,232
6233,0.4458895479551888,perceptual,EVC,dcrandom,ReLu2,1.6091078956980205,233
6234,0.4307245703957515,perceptual,EVC,dcrandom,ReLu2,1.8674872801008415,234
6235,0.4826066807805885,perceptual,EVC,dcrandom,ReLu2,1.8746424266127655,235
6236,0.39630575635403525,perceptual,EVC,dcrandom,ReLu2,1.8875359983097595,236
6237,0.4145565577756748,perceptual,EVC,dcrandom,ReLu2,2.0878080146867375,237
6238,0.37525537907612505,perceptual,EVC,dcrandom,ReLu2,1.9005641250937333,238
6239,0.4964466811639024,perceptual,EVC,dcrandom,ReLu2,1.8866140233096305,239
6240,0.42831800104673,perceptual,EVC,dcrandom,ReLu2,1.7636217629456137,240
6241,0.45630027704089193,perceptual,EVC,dcrandom,ReLu2,2.163260184296205,241
6242,0.43384483496040327,perceptual,EVC,dcrandom,ReLu2,1.8411715884358637,242
6243,0.38494215764252493,perceptual,EVC,dcrandom,ReLu2,2.195653404594836,243
6244,0.37481555439220954,perceptual,EVC,dcrandom,ReLu2,1.9204536867059085,244
6245,0.4077883205365956,perceptual,EVC,dcrandom,ReLu2,1.5423166912019868,245
6246,0.42022306111726426,perceptual,EVC,dcrandom,ReLu2,1.9640244059692051,246
6247,0.40307361232142963,perceptual,EVC,dcrandom,ReLu2,2.1452374428976446,247
6248,0.33725877284868994,perceptual,EVC,dcrandom,ReLu2,1.8230195433503373,248
6249,0.4449939352352326,perceptual,EVC,dcrandom,ReLu2,2.067684298420671,249
6250,0.3655544283059287,perceptual,EVC,dcrandom,ReLu2,1.8625306547837375,250
6251,0.5012579894193826,perceptual,EVC,dcrandom,ReLu2,1.936126454180443,251
6252,0.42734924719694223,perceptual,EVC,dcrandom,ReLu2,1.8448704985611903,252
6253,0.45665929809052114,perceptual,EVC,dcrandom,ReLu2,1.9879843291593575,253
6254,0.4188478471142923,perceptual,EVC,dcrandom,ReLu2,1.9178621938463776,254
6255,0.4537405726446037,perceptual,EVC,dcrandom,ReLu2,2.226266602869188,255
6256,0.4814702484583925,perceptual,EVC,dcrandom,ReLu2,2.454199822519227,256
6257,0.37715117585031677,perceptual,EVC,dcrandom,ReLu2,1.6741278392696868,257
6258,0.4054910142042036,perceptual,EVC,dcrandom,ReLu2,1.9066444321544243,258
6259,0.4864382918411897,perceptual,EVC,dcrandom,ReLu2,1.815276866955772,259
6260,0.6189272634448156,perceptual,EVC,dcrandom,ReLu2,2.2858839367229398,260
6261,0.45367187963563466,perceptual,EVC,dcrandom,ReLu2,2.131990356657583,261
6262,0.5637583804472934,perceptual,EVC,dcrandom,ReLu2,2.0901198418963514,262
6263,0.49714502321122445,perceptual,EVC,dcrandom,ReLu2,1.8976302307585184,263
6264,0.391684910673482,perceptual,EVC,dcrandom,ReLu2,1.620804563235279,264
6265,0.4837933043817988,perceptual,EVC,dcrandom,ReLu2,1.9928479017144154,265
6266,0.3621306901964799,perceptual,EVC,dcrandom,ReLu2,1.88785028514584,266
6267,0.5111795456972159,perceptual,EVC,dcrandom,ReLu2,2.0346737533854737,267
6268,0.4326887438883214,perceptual,EVC,dcrandom,ReLu2,1.765150907328269,268
6269,0.47179460047062366,perceptual,EVC,dcrandom,ReLu2,1.98407810704818,269
6270,0.5196863578113324,perceptual,EVC,dcrandom,ReLu2,2.02179515712222,270
6271,0.4285653383872404,perceptual,EVC,dcrandom,ReLu2,1.6863692011000486,271
6272,0.430887739631798,perceptual,EVC,dcrandom,ReLu2,1.895169560583633,272
6273,0.3374384804289446,perceptual,EVC,dcrandom,ReLu2,1.7253600511513574,273
6274,0.41429597570672594,perceptual,EVC,dcrandom,ReLu2,1.5632880130133326,274
6275,0.5663106557750055,perceptual,EVC,dcrandom,ReLu2,1.9556318893308033,275
6276,0.35276042200104907,perceptual,EVC,dcrandom,ReLu2,1.5288820353092585,276
6277,0.4724848248732996,perceptual,EVC,dcrandom,ReLu2,1.8936139106570462,277
6278,0.42930038190952446,perceptual,EVC,dcrandom,ReLu2,1.8094869908147238,278
6279,0.37002799761967,perceptual,EVC,dcrandom,ReLu2,1.9336853619809469,279
6280,0.4915912211764651,perceptual,EVC,dcrandom,ReLu2,2.2950602083477256,280
6281,0.4073868252256707,perceptual,EVC,dcrandom,ReLu2,2.029992328694192,281
6282,0.357329818944259,perceptual,EVC,dcrandom,ReLu2,1.3345084274547085,282
6283,0.44169201482479714,perceptual,EVC,dcrandom,ReLu2,1.9362633767969013,283
6284,0.5661568152692464,perceptual,EVC,dcrandom,ReLu2,1.5403453809957344,284
6285,0.4628637719563819,perceptual,EVC,dcrandom,ReLu2,1.880095703196969,285
6286,0.47717565816152663,perceptual,EVC,dcrandom,ReLu2,2.0527177548965794,286
6287,0.4116746791146742,perceptual,EVC,dcrandom,ReLu2,2.0943100260337566,287
6288,0.5060623219184117,perceptual,EVC,dcrandom,ReLu2,1.895805336972123,288
6289,0.3461425024057801,perceptual,EVC,dcrandom,ReLu2,1.2976646395835993,289
6290,0.4068903104554484,perceptual,EVC,dcrandom,ReLu2,2.1714347865766137,290
6291,0.45154880353403304,perceptual,EVC,dcrandom,ReLu2,2.3759672253018964,291
6292,0.5297891539787217,perceptual,EVC,dcrandom,ReLu2,2.3136167899478073,292
6293,0.5019410125495164,perceptual,EVC,dcrandom,ReLu2,1.8711143293456738,293
6294,0.42205313931958344,perceptual,EVC,dcrandom,ReLu2,1.938908254036674,294
6295,0.37083868826811117,perceptual,EVC,dcrandom,ReLu2,1.6887161561904303,295
6296,0.39517881773779157,perceptual,EVC,dcrandom,ReLu2,1.8889683919737092,296
6297,0.4365116728809469,perceptual,EVC,dcrandom,ReLu2,1.8394985900349767,297
6298,0.4173912284029221,perceptual,EVC,dcrandom,ReLu2,1.775710585029504,298
6299,0.3301623140367324,perceptual,EVC,dcrandom,ReLu2,1.8375734412357254,299
6300,0.42449838817328145,perceptual,EVC,dcrandom,ReLu2,1.9410589452108675,300
6301,0.5086245241237856,perceptual,EVC,dcrandom,ReLu2,1.8762316324887527,301
6302,0.4414756467502515,perceptual,EVC,dcrandom,ReLu2,2.024166124185929,302
6303,0.4043016353784106,perceptual,EVC,dcrandom,ReLu2,1.7673118269590433,303
6304,0.44901252313053797,perceptual,EVC,dcrandom,ReLu2,2.0707813294945305,304
6305,0.4708014448288911,perceptual,EVC,dcrandom,ReLu2,1.7698984923830472,305
6306,0.3604713366135468,perceptual,EVC,dcrandom,ReLu2,1.8264007627894894,306
6307,0.4680079644374695,perceptual,EVC,dcrandom,ReLu2,2.044257060095574,307
6308,0.5194812752445962,perceptual,EVC,dcrandom,ReLu2,1.8679732892625949,308
6309,0.32833263675865326,perceptual,EVC,dcrandom,ReLu2,1.4481615359699362,309
6310,0.4132710039654981,perceptual,EVC,dcrandom,ReLu2,2.0602885511422855,310
6311,0.43266125732813543,perceptual,EVC,dcrandom,ReLu2,1.8586496254546403,311
6312,0.4716092327021435,perceptual,EVC,dcrandom,ReLu2,2.0773197748803653,312
6313,0.5350215538030991,perceptual,EVC,dcrandom,ReLu2,2.15769598859808,313
6314,0.5543962304045935,perceptual,EVC,dcrandom,ReLu2,1.921718929220979,314
6315,0.3414352667758408,perceptual,EVC,dcrandom,ReLu2,1.6743260763590784,315
6316,0.44971017023101423,perceptual,EVC,dcrandom,ReLu2,2.0470218923842416,316
6317,0.4483428133938425,perceptual,EVC,dcrandom,ReLu2,1.4030264137599966,317
6318,0.5629172853964515,perceptual,EVC,dcrandom,ReLu2,2.0542914155511722,318
6319,0.42562695376641185,perceptual,EVC,dcrandom,ReLu2,1.834417137813898,319
6320,0.4395028535706688,perceptual,EVC,dcrandom,ReLu2,2.0744523771820518,320
6321,0.44338968343054147,perceptual,EVC,dcrandom,ReLu2,1.6342623095616176,321
6322,0.39981072751039665,perceptual,EVC,dcrandom,ReLu2,2.0860472801124565,322
6323,0.40192371008123956,perceptual,EVC,dcrandom,ReLu2,2.0851124744212073,323
6324,0.5785091108937657,perceptual,EVC,dcrandom,ReLu2,2.4051932780019483,324
6325,0.4307219560777423,perceptual,EVC,dcrandom,ReLu2,1.650184262446849,325
6326,0.416868107286403,perceptual,EVC,dcrandom,ReLu2,1.9994861707851252,326
6327,0.43781254005348036,perceptual,EVC,dcrandom,ReLu2,2.207827419218729,327
6328,0.5497922551716313,perceptual,EVC,dcrandom,ReLu2,2.0936476871136405,328
6329,0.4762118282375483,perceptual,EVC,dcrandom,ReLu2,2.241825016934959,329
6330,0.45053632149477607,perceptual,EVC,dcrandom,ReLu2,2.4759524669776996,330
6331,0.469649310314112,perceptual,EVC,dcrandom,ReLu2,1.944245934453317,331
6332,0.4815677509604288,perceptual,EVC,dcrandom,ReLu2,2.1893822670752705,332
6333,0.43063522389142767,perceptual,EVC,dcrandom,ReLu2,2.068704937578546,333
6334,0.4202704028734305,perceptual,EVC,dcrandom,ReLu2,1.8453053147632512,334
6335,0.5188063163351174,perceptual,EVC,dcrandom,ReLu2,1.8818760533986105,335
6336,0.47230724277437014,perceptual,EVC,dcrandom,ReLu2,1.9427744358866668,336
6337,0.49889596533593766,perceptual,EVC,dcrandom,ReLu2,2.2428909720099086,337
6338,0.5122914273491983,perceptual,EVC,dcrandom,ReLu2,2.0901335978937574,338
6339,0.4533984354354711,perceptual,EVC,dcrandom,ReLu2,2.450704165500415,339
6340,0.42349514119849074,perceptual,EVC,dcrandom,ReLu2,2.237253449986892,340
6341,0.5053325645887945,perceptual,EVC,dcrandom,ReLu2,2.0280164433280303,341
6342,0.4598308750752907,perceptual,EVC,dcrandom,ReLu2,1.6881345316666418,342
6343,0.47704649306934366,perceptual,EVC,dcrandom,ReLu2,2.5155055274325826,343
6344,0.40556826920832534,perceptual,EVC,dcrandom,ReLu2,2.2259700689237527,344
6345,0.48323717583852277,perceptual,EVC,dcrandom,ReLu2,2.0084315374505333,345
6346,0.4956000277112625,perceptual,EVC,dcrandom,ReLu2,2.1834160545712002,346
6347,0.5146024546370807,perceptual,EVC,dcrandom,ReLu2,2.1910606713054603,347
6348,0.40298655302433695,perceptual,EVC,dcrandom,ReLu2,2.0233472069945084,348
6349,0.4500822314478275,perceptual,EVC,dcrandom,ReLu2,2.1975879201338815,349
6350,0.46951373387217593,perceptual,EVC,dcrandom,ReLu2,2.2514676140094374,350
6351,0.4332535972048462,perceptual,EVC,dcrandom,ReLu2,2.1125636506223584,351
6352,0.4160120331453141,perceptual,EVC,dcrandom,ReLu2,1.6336931157431165,352
6353,0.5591963983841022,perceptual,EVC,dcrandom,ReLu2,2.1060131058035094,353
6354,0.4583163309558994,perceptual,EVC,dcrandom,ReLu2,1.7465186497717915,354
6355,0.4347357864590484,perceptual,EVC,dcrandom,ReLu2,2.5844793830893336,355
6356,0.4850304228366921,perceptual,EVC,dcrandom,ReLu2,1.9029231077829756,356
6357,0.4235194748829149,perceptual,EVC,dcrandom,ReLu2,1.8356448307442277,357
6358,0.4643263658558641,perceptual,EVC,dcrandom,ReLu2,2.2099466976309503,358
6359,0.4005938266644612,perceptual,EVC,dcrandom,ReLu2,1.8983532170937099,359
6360,0.4603633738947255,perceptual,EVC,dcrandom,ReLu2,1.728544393209153,360
6361,0.39265195233496525,perceptual,EVC,dcrandom,ReLu2,2.3508501915205473,361
6362,0.3508984690333255,perceptual,EVC,dcrandom,ReLu2,1.7582833655168633,362
6363,0.4050924084687171,perceptual,EVC,dcrandom,ReLu2,1.9546810172220708,363
6364,0.4046453615233497,perceptual,EVC,dcrandom,ReLu2,2.167530689335085,364
6365,0.3929875971502461,perceptual,EVC,dcrandom,ReLu2,1.8070255087109701,365
6366,0.5326870973501255,perceptual,EVC,dcrandom,ReLu2,1.953326454055258,366
6367,0.4260571043659162,perceptual,EVC,dcrandom,ReLu2,1.8138912721635103,367
6368,0.42694374215946873,perceptual,EVC,dcrandom,ReLu2,2.0180458200117104,368
6369,0.4879865485996769,perceptual,EVC,dcrandom,ReLu2,1.5807054322046947,369
6370,0.4043637340830802,perceptual,EVC,dcrandom,ReLu2,1.8612517796547507,370
6371,0.40875876948087136,perceptual,EVC,dcrandom,ReLu2,2.067429495558857,371
6372,0.3973917055537477,perceptual,EVC,dcrandom,ReLu2,2.224698860849141,372
6373,0.4942731561694248,perceptual,EVC,dcrandom,ReLu2,2.010127238707803,373
6374,0.4466042364467518,perceptual,EVC,dcrandom,ReLu2,1.4981406865770208,374
6375,0.31042959856546215,perceptual,EVC,dcrandom,ReLu2,1.5685020311149867,375
6376,0.4464546819903107,perceptual,EVC,dcrandom,ReLu2,1.8875995670704442,376
6377,0.5608975394987008,perceptual,EVC,dcrandom,ReLu2,2.51708009700931,377
6378,0.4363409794849816,perceptual,EVC,dcrandom,ReLu2,1.797976249709695,378
6379,0.4199822522275268,perceptual,EVC,dcrandom,ReLu2,1.6809401204857677,379
6380,0.4505384428630775,perceptual,EVC,dcrandom,ReLu2,1.6196157871268946,380
6381,0.4144779493542276,perceptual,EVC,dcrandom,ReLu2,1.9763691210986696,381
6382,0.4713043825202356,perceptual,EVC,dcrandom,ReLu2,1.7659777396079512,382
6383,0.3786498433582413,perceptual,EVC,dcrandom,ReLu2,1.9351909135642924,383
6384,0.4317534214076391,perceptual,EVC,dcrandom,ReLu2,1.8768215405890205,384
6385,0.5370798214759225,perceptual,EVC,dcrandom,ReLu2,1.90232138587699,385
6386,0.43646579204648733,perceptual,EVC,dcrandom,ReLu2,1.7013917443643192,386
6387,0.4253017424741102,perceptual,EVC,dcrandom,ReLu2,1.9407989904862246,387
6388,0.37497394056316896,perceptual,EVC,dcrandom,ReLu2,1.9408429448186364,388
6389,0.4541921416004987,perceptual,EVC,dcrandom,ReLu2,2.3150641348045156,389
6390,0.516719598209567,perceptual,EVC,dcrandom,ReLu2,1.7780947611828437,390
6391,0.4667460473602403,perceptual,EVC,dcrandom,ReLu2,2.3120374435682374,391
6392,0.5325384971377134,perceptual,EVC,dcrandom,ReLu2,1.8616001703876375,392
6393,0.3901568490869405,perceptual,EVC,dcrandom,ReLu2,1.4767239323888817,393
6394,0.44614069504244697,perceptual,EVC,dcrandom,ReLu2,2.231553316556354,394
6395,0.39429822567138545,perceptual,EVC,dcrandom,ReLu2,1.758819943266078,395
6396,0.43099584755299847,perceptual,EVC,dcrandom,ReLu2,1.7972086073659737,396
6397,0.4088590655594028,perceptual,EVC,dcrandom,ReLu2,1.939096252709985,397
6398,0.4143772433406499,perceptual,EVC,dcrandom,ReLu2,1.7557570723378813,398
6399,0.6009135070155843,perceptual,EVC,dcrandom,ReLu2,1.9928350900600589,399
6400,0.495125840592916,perceptual,EVC,dcrandom,ReLu2,2.340319254959107,400
6401,0.3626736992324497,perceptual,EVC,dcrandom,ReLu2,1.6260834035724718,401
6402,0.5588192240664208,perceptual,EVC,dcrandom,ReLu2,1.8330238957805605,402
6403,0.48007773526984177,perceptual,EVC,dcrandom,ReLu2,1.9663848643573165,403
6404,0.4244199431490187,perceptual,EVC,dcrandom,ReLu2,1.7727967172026344,404
6405,0.3956720980481276,perceptual,EVC,dcrandom,ReLu2,1.5927648731239263,405
6406,0.37682474642827823,perceptual,EVC,dcrandom,ReLu2,1.67192207957411,406
6407,0.42347884856703333,perceptual,EVC,dcrandom,ReLu2,1.8708389016129807,407
6408,0.44494062198589307,perceptual,EVC,dcrandom,ReLu2,1.8801170250416614,408
6409,0.45200288685017936,perceptual,EVC,dcrandom,ReLu2,1.7813653789326702,409
6410,0.41590029797463446,perceptual,EVC,dcrandom,ReLu2,1.9163518434209132,410
6411,0.47968012759637385,perceptual,EVC,dcrandom,ReLu2,2.2104424829576725,411
6412,0.47692582801340316,perceptual,EVC,dcrandom,ReLu2,2.121856187872483,412
6413,0.40175878071475596,perceptual,EVC,dcrandom,ReLu2,1.9190020854370164,413
6414,0.547110245635188,perceptual,EVC,dcrandom,ReLu2,2.6028945347538395,414
6415,0.5323504877348637,perceptual,EVC,dcrandom,ReLu2,2.3698768445460576,415
6416,0.49173890765812905,perceptual,EVC,dcrandom,ReLu2,1.682102508694242,416
6417,0.40325989838854137,perceptual,EVC,dcrandom,ReLu2,1.9541524366104364,417
6418,0.44623994239279574,perceptual,EVC,dcrandom,ReLu2,1.9634799046395846,418
6419,0.38734938977569816,perceptual,EVC,dcrandom,ReLu2,1.736567974080791,419
6420,0.5707963327386003,perceptual,EVC,dcrandom,ReLu2,1.6359131354271317,420
6421,0.4915701357665398,perceptual,EVC,dcrandom,ReLu2,2.45274300160546,421
6422,0.3468659122718934,perceptual,EVC,dcrandom,ReLu2,1.5780125468060344,422
6423,0.44127261400539636,perceptual,EVC,dcrandom,ReLu2,2.2044274179403898,423
6424,0.4675224083064768,perceptual,EVC,dcrandom,ReLu2,2.262972540267156,424
6425,0.4310944767671189,perceptual,EVC,dcrandom,ReLu2,2.059690267076961,425
6426,0.5755924845985462,perceptual,EVC,dcrandom,ReLu2,1.7917178405183938,426
6427,0.4857706809726244,perceptual,EVC,dcrandom,ReLu2,1.8428454468073585,427
6428,0.48607630134739066,perceptual,EVC,dcrandom,ReLu2,1.9045731810972664,428
6429,0.47343034564420733,perceptual,EVC,dcrandom,ReLu2,2.164486301076756,429
6430,0.3969910288222846,perceptual,EVC,dcrandom,ReLu2,1.9010363630353386,430
6431,0.45926879871885495,perceptual,EVC,dcrandom,ReLu2,2.006301036863615,431
6432,0.5182351148271159,perceptual,EVC,dcrandom,ReLu2,2.0125641767757756,432
6433,0.37992768727405474,perceptual,EVC,dcrandom,ReLu2,1.5132776853221077,433
6434,0.5503525501779273,perceptual,EVC,dcrandom,ReLu2,2.118496847884383,434
6435,0.4574053523798753,perceptual,EVC,dcrandom,ReLu2,1.8386433217482767,435
6436,0.4601877254393763,perceptual,EVC,dcrandom,ReLu2,1.6704557210837845,436
6437,0.4651831886323683,perceptual,EVC,dcrandom,ReLu2,1.6127469441808415,437
6438,0.3688431552909815,perceptual,EVC,dcrandom,ReLu2,2.0953249498408693,438
6439,0.3508396956928779,perceptual,EVC,dcrandom,ReLu2,1.7769051746485793,439
6440,0.4090902722384062,perceptual,EVC,dcrandom,ReLu2,1.927292902994684,440
6441,0.44609909129540676,perceptual,EVC,dcrandom,ReLu2,1.5836550456168732,441
6442,0.5256786028779856,perceptual,EVC,dcrandom,ReLu2,2.040930250797206,442
6443,0.36000538935993015,perceptual,EVC,dcrandom,ReLu2,1.9728853809301508,443
6444,0.4263442661516491,perceptual,EVC,dcrandom,ReLu2,2.1923210332155127,444
6445,0.47781830527270475,perceptual,EVC,dcrandom,ReLu2,1.5566976153484398,445
6446,0.6074195364076345,perceptual,EVC,dcrandom,ReLu2,2.1067760578257446,446
6447,0.5052078340784696,perceptual,EVC,dcrandom,ReLu2,2.0656985465198923,447
6448,0.4885557357846071,perceptual,EVC,dcrandom,ReLu2,2.053617118455797,448
6449,0.6002910516996528,perceptual,EVC,dcrandom,ReLu2,1.6879642082640494,449
6450,0.3357559531419409,perceptual,EVC,dcrandom,ReLu2,1.2116545719421719,450
6451,0.5855051353891155,perceptual,EVC,dcrandom,ReLu2,1.911892815063072,451
6452,0.49776801368037854,perceptual,EVC,dcrandom,ReLu2,1.6502650843795523,452
6453,0.4238355315767671,perceptual,EVC,dcrandom,ReLu2,2.0520212719548456,453
6454,0.4445244875900044,perceptual,EVC,dcrandom,ReLu2,2.1621105482695366,454
6455,0.38019856087214887,perceptual,EVC,dcrandom,ReLu2,2.1936022178786354,455
6456,0.38284507351577063,perceptual,EVC,dcrandom,ReLu2,1.854207501666206,456
6457,0.4779914363801855,perceptual,EVC,dcrandom,ReLu2,2.2630326974285024,457
6458,0.5332233723145468,perceptual,EVC,dcrandom,ReLu2,1.707648914210373,458
6459,0.4607547278180727,perceptual,EVC,dcrandom,ReLu2,1.6602565908695435,459
6460,0.418954951222589,perceptual,EVC,dcrandom,ReLu2,2.2281935557922807,460
6461,0.3750534938825428,perceptual,EVC,dcrandom,ReLu2,1.7098170753961224,461
6462,0.4683399749856576,perceptual,EVC,dcrandom,ReLu2,2.377940434691982,462
6463,0.5885872114161163,perceptual,EVC,dcrandom,ReLu2,1.8321067365290058,463
6464,0.41441874228485204,perceptual,EVC,dcrandom,ReLu2,1.757675916152422,464
6465,0.45583112347936894,perceptual,EVC,dcrandom,ReLu2,2.0279247046092674,465
6466,0.4344722946457743,perceptual,EVC,dcrandom,ReLu2,1.8046301329801608,466
6467,0.40198144315251577,perceptual,EVC,dcrandom,ReLu2,1.6389656031811062,467
6468,0.5999457659717039,perceptual,EVC,dcrandom,ReLu2,1.9624969195906952,468
6469,0.5244610671335344,perceptual,EVC,dcrandom,ReLu2,2.3747308648758305,469
6470,0.3765303884927918,perceptual,EVC,dcrandom,ReLu2,1.785814529585008,470
6471,0.475460183215649,perceptual,EVC,dcrandom,ReLu2,1.8954459104191268,471
6472,0.47888661973314534,perceptual,EVC,dcrandom,ReLu2,1.8323750887040744,472
6473,0.4210971535998335,perceptual,EVC,dcrandom,ReLu2,1.819918490367388,473
6474,0.37027266147860033,perceptual,EVC,dcrandom,ReLu2,1.4609684079832395,474
6475,0.5466096365533433,perceptual,EVC,dcrandom,ReLu2,2.1271267154451396,475
6476,0.3791331607377801,perceptual,EVC,dcrandom,ReLu2,1.9049255522375326,476
6477,0.47678068437916393,perceptual,EVC,dcrandom,ReLu2,2.0797442127795422,477
6478,0.3670236902874566,perceptual,EVC,dcrandom,ReLu2,1.7198580391197034,478
6479,0.5041311759458691,perceptual,EVC,dcrandom,ReLu2,2.105016937997778,479
6480,0.3877506616787349,perceptual,EVC,dcrandom,ReLu2,1.7563299051503982,480
6481,0.41366195200986955,perceptual,EVC,dcrandom,ReLu2,2.4733319936442433,481
6482,0.39647591673872556,perceptual,EVC,dcrandom,ReLu2,2.1443683849317683,482
6483,0.512383361845616,perceptual,EVC,dcrandom,ReLu2,1.8597977789974234,483
6484,0.47236247379019203,perceptual,EVC,dcrandom,ReLu2,1.6976227641183033,484
6485,0.4405260870849489,perceptual,EVC,dcrandom,ReLu2,2.2167666512762247,485
6486,0.41301591670019155,perceptual,EVC,dcrandom,ReLu2,1.7730434976873686,486
6487,0.5046227313127436,perceptual,EVC,dcrandom,ReLu2,2.167052129200333,487
6488,0.40315367157827736,perceptual,EVC,dcrandom,ReLu2,1.8925547383077808,488
6489,0.35532607189821785,perceptual,EVC,dcrandom,ReLu2,1.6271968042904459,489
6490,0.4907571039340518,perceptual,EVC,dcrandom,ReLu2,1.8958143573066657,490
6491,0.3570930138138089,perceptual,EVC,dcrandom,ReLu2,1.528051873804459,491
6492,0.41764074788166733,perceptual,EVC,dcrandom,ReLu2,2.038373042916055,492
6493,0.43446362974753533,perceptual,EVC,dcrandom,ReLu2,1.9437673047453856,493
6494,0.44701696973680494,perceptual,EVC,dcrandom,ReLu2,2.0247677488475673,494
6495,0.44157653593411395,perceptual,EVC,dcrandom,ReLu2,1.9805859479150714,495
6496,0.4428411759125627,perceptual,EVC,dcrandom,ReLu2,2.1004582574717388,496
6497,0.4505937672731016,perceptual,EVC,dcrandom,ReLu2,2.0204872829448925,497
6498,0.521367746392747,perceptual,EVC,dcrandom,ReLu2,1.9844515691836069,498
6499,0.4533661411854679,perceptual,EVC,dcrandom,ReLu2,2.2589512368210323,499
6500,0.5981762140287226,perceptual,EVC,dcrandom,ReLu2,1.9567742950847304,500
6501,0.3569364954336014,perceptual,EVC,dcrandom,ReLu2,2.1174350701760134,501
6502,0.48904570202104497,perceptual,EVC,dcrandom,ReLu2,1.221998629651621,502
6503,0.35402837904841783,perceptual,EVC,dcrandom,ReLu2,1.74267469931207,503
6504,0.4485907702204282,perceptual,EVC,dcrandom,ReLu2,2.2581671337296805,504
6505,0.5131299538836479,perceptual,EVC,dcrandom,ReLu2,2.1999349893322435,505
6506,0.45811695632983146,perceptual,EVC,dcrandom,ReLu2,2.0845531063125624,506
6507,0.42926683358397955,perceptual,EVC,dcrandom,ReLu2,2.4441824078334156,507
6508,0.3921892197427804,perceptual,EVC,dcrandom,ReLu2,1.2096924086003278,508
6509,0.25722752505786356,perceptual,EVC,dcrandom,ReLu2,1.3112809051028715,509
6510,0.4431763865069556,perceptual,EVC,dcrandom,ReLu2,1.7993957749720397,510
6511,0.4404826966105565,perceptual,EVC,dcrandom,ReLu2,1.9013883554561493,511
6512,0.5078621699650858,perceptual,EVC,dcrandom,ReLu2,2.36640958908877,512
6513,0.4846260995759363,perceptual,EVC,dcrandom,ReLu2,1.971588114829521,513
6514,0.4671754198838301,perceptual,EVC,dcrandom,ReLu2,2.237922641809331,514
6515,0.4443353465569969,perceptual,EVC,dcrandom,ReLu2,1.9837903223143178,515
6516,0.40050930125656603,perceptual,EVC,dcrandom,ReLu2,1.5235707885984116,516
6517,0.4881292373728374,perceptual,EVC,dcrandom,ReLu2,2.2369986540931572,517
6518,0.39479724854283854,perceptual,EVC,dcrandom,ReLu2,1.5656862586880629,518
6519,0.42921347640549184,perceptual,EVC,dcrandom,ReLu2,2.0375551328278574,519
6520,0.4294422438836864,perceptual,EVC,dcrandom,ReLu2,1.9200262003065345,520
6521,0.4125583800764541,perceptual,EVC,dcrandom,ReLu2,1.8394734346010166,521
6522,0.4030858284791515,perceptual,EVC,dcrandom,ReLu2,1.597385435474189,522
6523,0.48728108965327366,perceptual,EVC,dcrandom,ReLu2,1.5391527119742678,523
6524,0.45270394382178175,perceptual,EVC,dcrandom,ReLu2,1.7930447083987,524
6525,0.4819266140587261,perceptual,EVC,dcrandom,ReLu2,2.0745688727292784,525
6526,0.40728304696963447,perceptual,EVC,dcrandom,ReLu2,2.1333213862350617,526
6527,0.45265231236039233,perceptual,EVC,dcrandom,ReLu2,2.322666790818152,527
6528,0.40039429575734126,perceptual,EVC,dcrandom,ReLu2,1.9626784554788,528
6529,0.48243341683584745,perceptual,EVC,dcrandom,ReLu2,2.1070072720573236,529
6530,0.40435321095564836,perceptual,EVC,dcrandom,ReLu2,1.4598524958434116,530
6531,0.41562819652812955,perceptual,EVC,dcrandom,ReLu2,2.060600250810362,531
6532,0.47720332100076335,perceptual,EVC,dcrandom,ReLu2,2.286303890772007,532
6533,0.38959631922791804,perceptual,EVC,dcrandom,ReLu2,1.777265573181035,533
6534,0.501468640758498,perceptual,EVC,dcrandom,ReLu2,2.1040793308842822,534
6535,0.4149410474441778,perceptual,EVC,dcrandom,ReLu2,2.392692280396987,535
6536,0.49850069849397355,perceptual,EVC,dcrandom,ReLu2,2.012330730872532,536
6537,0.48650324497546216,perceptual,EVC,dcrandom,ReLu2,2.04078429300022,537
6538,0.4618049373507477,perceptual,EVC,dcrandom,ReLu2,2.445879535557351,538
6539,0.5690528544326324,perceptual,EVC,dcrandom,ReLu2,2.18245980093826,539
6540,0.4748937518691316,perceptual,EVC,dcrandom,ReLu2,1.5306021992664016,540
6541,0.3325731015805455,perceptual,EVC,dcrandom,ReLu2,1.2526655409507297,541
6542,0.43959455694631977,perceptual,EVC,dcrandom,ReLu2,2.2858129123251887,542
6543,0.3818664865838086,perceptual,EVC,dcrandom,ReLu2,1.781096258292747,543
6544,0.36520388390496367,perceptual,EVC,dcrandom,ReLu2,1.9197594427340534,544
6545,0.4717330762980705,perceptual,EVC,dcrandom,ReLu2,2.1157979781418863,545
6546,0.5453030926494399,perceptual,EVC,dcrandom,ReLu2,2.1466002116907017,546
6547,0.34625484553764346,perceptual,EVC,dcrandom,ReLu2,1.6549992585918387,547
6548,0.5647566302005195,perceptual,EVC,dcrandom,ReLu2,2.0264397541745454,548
6549,0.33972648779699893,perceptual,EVC,dcrandom,ReLu2,1.6595821140386313,549
6550,0.4180077285627004,perceptual,EVC,dcrandom,ReLu2,1.4965884973868513,550
6551,0.3995770915345146,perceptual,EVC,dcrandom,ReLu2,2.008256974543688,551
6552,0.4408158049094684,perceptual,EVC,dcrandom,ReLu2,2.041644424414018,552
6553,0.3993365212623378,perceptual,EVC,dcrandom,ReLu2,2.210503896374134,553
6554,0.43336767382081504,perceptual,EVC,dcrandom,ReLu2,2.216010251736871,554
6555,0.4826967607594633,perceptual,EVC,dcrandom,ReLu2,1.945117669983298,555
6556,0.5458725595229744,perceptual,EVC,dcrandom,ReLu2,2.036047429030086,556
6557,0.39839969455030255,perceptual,EVC,dcrandom,ReLu2,1.7345466358833557,557
6558,0.34856531738122243,perceptual,EVC,dcrandom,ReLu2,1.3072358093322023,558
6559,0.5355892239203021,perceptual,EVC,dcrandom,ReLu2,1.891506698374262,559
6560,0.4472042386408123,perceptual,EVC,dcrandom,ReLu2,1.5330013423834061,560
6561,0.43361162499544087,perceptual,EVC,dcrandom,ReLu2,1.9755878418625201,561
6562,0.4886888583612759,perceptual,EVC,dcrandom,ReLu2,1.7878303776654714,562
6563,0.47184519241648876,perceptual,EVC,dcrandom,ReLu2,2.1780135038018638,563
6564,0.3955806081504138,perceptual,EVC,dcrandom,ReLu2,2.245742060400846,564
6565,0.49314560839339444,perceptual,EVC,dcrandom,ReLu2,2.4112428515250497,565
6566,0.5389959350680696,perceptual,EVC,dcrandom,ReLu2,2.347970695448754,566
6567,0.38785008476839694,perceptual,EVC,dcrandom,ReLu2,1.426758786629137,567
6568,0.44507553626492546,perceptual,EVC,dcrandom,ReLu2,1.8597419139109492,568
6569,0.4392057746461155,perceptual,EVC,dcrandom,ReLu2,1.6481975959214852,569
6570,0.38587814263430087,perceptual,EVC,dcrandom,ReLu2,1.7391721872775656,570
6571,0.4632532690722556,perceptual,EVC,dcrandom,ReLu2,2.0537469084959876,571
6572,0.5376139729869845,perceptual,EVC,dcrandom,ReLu2,2.05107624814753,572
6573,0.4332733855440638,perceptual,EVC,dcrandom,ReLu2,2.1006065747193885,573
6574,0.4365986420628917,perceptual,EVC,dcrandom,ReLu2,1.7639862281341026,574
6575,0.36685952098473096,perceptual,EVC,dcrandom,ReLu2,1.5104502155061132,575
6576,0.3642113133203237,perceptual,EVC,dcrandom,ReLu2,1.507760008590596,576
6577,0.4084287532005435,perceptual,EVC,dcrandom,ReLu2,2.017901439571993,577
6578,0.42208154951826365,perceptual,EVC,dcrandom,ReLu2,1.5953871194719822,578
6579,0.48265338786656037,perceptual,EVC,dcrandom,ReLu2,1.7097144642878566,579
6580,0.5547971836448589,perceptual,EVC,dcrandom,ReLu2,1.7166723240181656,580
6581,0.5045427928359475,perceptual,EVC,dcrandom,ReLu2,1.905616741236619,581
6582,0.3812271339339843,perceptual,EVC,dcrandom,ReLu2,2.1240187700661286,582
6583,0.4191090775052137,perceptual,EVC,dcrandom,ReLu2,1.6913556541666082,583
6584,0.3915199536149574,perceptual,EVC,dcrandom,ReLu2,1.5773593352299373,584
6585,0.512389336633574,perceptual,EVC,dcrandom,ReLu2,2.174318559619053,585
6586,0.4618684413058753,perceptual,EVC,dcrandom,ReLu2,2.331416817607097,586
6587,0.5079231702999573,perceptual,EVC,dcrandom,ReLu2,2.115615752478252,587
6588,0.34746951039824275,perceptual,EVC,dcrandom,ReLu2,2.213330175417167,588
6589,0.5620916432151374,perceptual,EVC,dcrandom,ReLu2,2.366914786042749,589
6590,0.39258438278764946,perceptual,EVC,dcrandom,ReLu2,1.8396551104242709,590
6591,0.4624385478091278,perceptual,EVC,dcrandom,ReLu2,1.9982848060266338,591
6592,0.4805098700306971,perceptual,EVC,dcrandom,ReLu2,1.5867491115647439,592
6593,0.45373897092826604,perceptual,EVC,dcrandom,ReLu2,1.8422845494470752,593
6594,0.34857295553742096,perceptual,EVC,dcrandom,ReLu2,1.7013495214658523,594
6595,0.40896311231382354,perceptual,EVC,dcrandom,ReLu2,1.8751137177811925,595
6596,0.4504415111843925,perceptual,EVC,dcrandom,ReLu2,1.9053398827686494,596
6597,0.41882764137862954,perceptual,EVC,dcrandom,ReLu2,2.0662561809601003,597
6598,0.3958804816439928,perceptual,EVC,dcrandom,ReLu2,1.8221345369980786,598
6599,0.5293034039303262,perceptual,EVC,dcrandom,ReLu2,1.985229583315396,599
6600,0.46887723120205477,perceptual,EVC,dcrandom,ReLu2,2.096168546521865,600
6601,0.43598106683860666,perceptual,EVC,dcrandom,ReLu2,1.976834783965465,601
6602,0.3787642339794588,perceptual,EVC,dcrandom,ReLu2,1.8473413517537467,602
6603,0.5198963624365185,perceptual,EVC,dcrandom,ReLu2,2.250146474875578,603
6604,0.4433398931597789,perceptual,EVC,dcrandom,ReLu2,1.6783011890054178,604
6605,0.3979996912944788,perceptual,EVC,dcrandom,ReLu2,1.747724729452644,605
6606,0.3439165434060857,perceptual,EVC,dcrandom,ReLu2,1.8889968435522522,606
6607,0.4322054388439479,perceptual,EVC,dcrandom,ReLu2,1.7699192342390901,607
6608,0.5235047821149724,perceptual,EVC,dcrandom,ReLu2,1.7234787192591354,608
6609,0.4273661065651018,perceptual,EVC,dcrandom,ReLu2,1.733122366531183,609
6610,0.48808602587290534,perceptual,EVC,dcrandom,ReLu2,1.5123141641578237,610
6611,0.484538049831081,perceptual,EVC,dcrandom,ReLu2,2.409043527793437,611
6612,0.4463870915115565,perceptual,EVC,dcrandom,ReLu2,2.1013189855140206,612
6613,0.3657462998493292,perceptual,EVC,dcrandom,ReLu2,1.4176619971919613,613
6614,0.4498900356344861,perceptual,EVC,dcrandom,ReLu2,1.9559207885920324,614
6615,0.4274433861465234,perceptual,EVC,dcrandom,ReLu2,1.983254302974683,615
6616,0.4928054863702467,perceptual,EVC,dcrandom,ReLu2,2.1604431757020537,616
6617,0.5204645518922496,perceptual,EVC,dcrandom,ReLu2,1.79390322092242,617
6618,0.4636624229680362,perceptual,EVC,dcrandom,ReLu2,2.1558727161355487,618
6619,0.4352868908927036,perceptual,EVC,dcrandom,ReLu2,1.8862266449035598,619
6620,0.5167070146668935,perceptual,EVC,dcrandom,ReLu2,1.6437728801691687,620
6621,0.37423428957937144,perceptual,EVC,dcrandom,ReLu2,1.5610678340216997,621
6622,0.4053718301200897,perceptual,EVC,dcrandom,ReLu2,1.639319304902745,622
6623,0.5383779722371058,perceptual,EVC,dcrandom,ReLu2,2.1218939475247343,623
6624,0.41494927380939073,perceptual,EVC,dcrandom,ReLu2,2.0530755796120532,624
6625,0.53189872881314,perceptual,EVC,dcrandom,ReLu2,1.574159205645913,625
6626,0.5173834848825437,perceptual,EVC,dcrandom,ReLu2,1.9362627470601592,626
6627,0.5654883730065783,perceptual,EVC,dcrandom,ReLu2,2.536574754801205,627
6628,0.4609506265691382,perceptual,EVC,dcrandom,ReLu2,2.278963780666957,628
6629,0.3886583754563956,perceptual,EVC,dcrandom,ReLu2,1.5856343383891331,629
6630,0.38751105372996375,perceptual,EVC,dcrandom,ReLu2,1.780403347253634,630
6631,0.5103925893196875,perceptual,EVC,dcrandom,ReLu2,2.247097701258916,631
6632,0.5744918492208083,perceptual,EVC,dcrandom,ReLu2,2.4425517094346807,632
6633,0.5733945904378079,perceptual,EVC,dcrandom,ReLu2,2.000263838592617,633
6634,0.42306415368543476,perceptual,EVC,dcrandom,ReLu2,2.042672866364438,634
6635,0.43107741162982616,perceptual,EVC,dcrandom,ReLu2,2.566315373475419,635
6636,0.4277289904141728,perceptual,EVC,dcrandom,ReLu2,2.107042052527231,636
6637,0.4131856042984403,perceptual,EVC,dcrandom,ReLu2,1.7496653485100189,637
6638,0.45080958130325616,perceptual,EVC,dcrandom,ReLu2,2.2977736342607242,638
6639,0.3093104345293249,perceptual,EVC,dcrandom,ReLu2,1.427744869520406,639
6640,0.4312851286560494,perceptual,EVC,dcrandom,ReLu2,2.165679734914857,640
6641,0.37946288331474126,perceptual,EVC,dcrandom,ReLu2,1.826384065527997,641
6642,0.37906020480615943,perceptual,EVC,dcrandom,ReLu2,2.1556420515757537,642
6643,0.36876323444499237,perceptual,EVC,dcrandom,ReLu2,1.6184031644604928,643
6644,0.47896883771195875,perceptual,EVC,dcrandom,ReLu2,2.055374070193118,644
6645,0.5112613888730629,perceptual,EVC,dcrandom,ReLu2,2.083306640062489,645
6646,0.4991787693359799,perceptual,EVC,dcrandom,ReLu2,2.1416024560371145,646
6647,0.35486073613254926,perceptual,EVC,dcrandom,ReLu2,1.9034611922115525,647
6648,0.4013914870069113,perceptual,EVC,dcrandom,ReLu2,2.052436139275206,648
6649,0.43533046669601294,perceptual,EVC,dcrandom,ReLu2,1.8189458162467167,649
6650,0.4400631126118731,perceptual,EVC,dcrandom,ReLu2,1.99555911667651,650
6651,0.400601966377389,perceptual,EVC,dcrandom,ReLu2,1.533447246608306,651
6652,0.4222628455885313,perceptual,EVC,dcrandom,ReLu2,1.7458000565431595,652
6653,0.450060376426037,perceptual,EVC,dcrandom,ReLu2,1.9083441136609447,653
6654,0.49545712513289575,perceptual,EVC,dcrandom,ReLu2,2.031403999092764,654
6655,0.42563683242637335,perceptual,EVC,dcrandom,ReLu2,2.5320195368185088,655
6656,0.43952357749975973,perceptual,EVC,dcrandom,ReLu2,1.9609440987515738,656
6657,0.408178992808466,perceptual,EVC,dcrandom,ReLu2,1.6229870258230714,657
6658,0.3640717083437295,perceptual,EVC,dcrandom,ReLu2,1.869116901489988,658
6659,0.44831813467889425,perceptual,EVC,dcrandom,ReLu2,1.9290086379810722,659
6660,0.5202473870229314,perceptual,EVC,dcrandom,ReLu2,1.6403656229333308,660
6661,0.4337239724418716,perceptual,EVC,dcrandom,ReLu2,1.97817575726049,661
6662,0.5133186846404323,perceptual,EVC,dcrandom,ReLu2,1.592521878685293,662
6663,0.38999081471256414,perceptual,EVC,dcrandom,ReLu2,1.4215951226690355,663
6664,0.3515584161551657,perceptual,EVC,dcrandom,ReLu2,1.8573835552572755,664
6665,0.3718175476258131,perceptual,EVC,dcrandom,ReLu2,1.9742431624898877,665
6666,0.40531867650809744,perceptual,EVC,dcrandom,ReLu2,2.00120544297653,666
6667,0.3765765526348552,perceptual,EVC,dcrandom,ReLu2,1.5469794859405959,667
6668,0.43299346678624356,perceptual,EVC,dcrandom,ReLu2,1.8139076223624018,668
6669,0.45185446561096554,perceptual,EVC,dcrandom,ReLu2,1.9500066934098161,669
6670,0.4661776948416365,perceptual,EVC,dcrandom,ReLu2,1.7416619375857,670
6671,0.4374675114395199,perceptual,EVC,dcrandom,ReLu2,1.9212956472723168,671
6672,0.4058077366407918,perceptual,EVC,dcrandom,ReLu2,2.4534623967796034,672
6673,0.3979262738976797,perceptual,EVC,dcrandom,ReLu2,1.5950449195014258,673
6674,0.503675054202386,perceptual,EVC,dcrandom,ReLu2,2.263680888141821,674
6675,0.46227522360807666,perceptual,EVC,dcrandom,ReLu2,2.3441214910227672,675
6676,0.4419437049917391,perceptual,EVC,dcrandom,ReLu2,1.9638513960986044,676
6677,0.38098447750317826,perceptual,EVC,dcrandom,ReLu2,1.670135031905819,677
6678,0.4964195032416853,perceptual,EVC,dcrandom,ReLu2,1.9627885822182742,678
6679,0.42579584111358115,perceptual,EVC,dcrandom,ReLu2,1.6369125887257432,679
6680,0.41819296113222076,perceptual,EVC,dcrandom,ReLu2,2.2692178034133854,680
6681,0.3615144242487547,perceptual,EVC,dcrandom,ReLu2,1.817396716392874,681
6682,0.39038517000082124,perceptual,EVC,dcrandom,ReLu2,2.0886440409116327,682
6683,0.4349128296754772,perceptual,EVC,dcrandom,ReLu2,1.743362816589433,683
6684,0.5188112725754314,perceptual,EVC,dcrandom,ReLu2,2.0874607077982703,684
6685,0.36592740028800463,perceptual,EVC,dcrandom,ReLu2,1.4218508045074159,685
6686,0.47287733267839926,perceptual,EVC,dcrandom,ReLu2,1.2849767435661636,686
6687,0.48466854128828507,perceptual,EVC,dcrandom,ReLu2,2.20316989821852,687
6688,0.5303255519441934,perceptual,EVC,dcrandom,ReLu2,2.397856527160978,688
6689,0.4637169537047266,perceptual,EVC,dcrandom,ReLu2,1.9783595614168674,689
6690,0.5163796939866432,perceptual,EVC,dcrandom,ReLu2,2.0538373249542583,690
6691,0.34913872706529525,perceptual,EVC,dcrandom,ReLu2,1.968369844703624,691
6692,0.3416882926496125,perceptual,EVC,dcrandom,ReLu2,1.6693335826731068,692
6693,0.5134067617880961,perceptual,EVC,dcrandom,ReLu2,1.7374540011035586,693
6694,0.5648020598060074,perceptual,EVC,dcrandom,ReLu2,2.1374457866878616,694
6695,0.4844841072333942,perceptual,EVC,dcrandom,ReLu2,1.8923390828695577,695
6696,0.3895514264920795,perceptual,EVC,dcrandom,ReLu2,1.9014137688833839,696
6697,0.4712169629738564,perceptual,EVC,dcrandom,ReLu2,1.7539999266753397,697
6698,0.4451672247132153,perceptual,EVC,dcrandom,ReLu2,1.817280701834882,698
6699,0.3476512773618181,perceptual,EVC,dcrandom,ReLu2,1.7870066622438125,699
6700,0.3808039101463512,perceptual,EVC,dcrandom,ReLu2,1.7221568413747244,700
6701,0.3799465665453429,perceptual,EVC,dcrandom,ReLu2,1.8441209373558227,701
6702,0.47442333124395475,perceptual,EVC,dcrandom,ReLu2,1.8580412902201213,702
6703,0.4250176192851448,perceptual,EVC,dcrandom,ReLu2,1.8312544975750475,703
6704,0.4664033981066698,perceptual,EVC,dcrandom,ReLu2,2.198296575778924,704
6705,0.5099446239671156,perceptual,EVC,dcrandom,ReLu2,2.224590591691894,705
6706,0.3987920881362558,perceptual,EVC,dcrandom,ReLu2,1.8164609389942568,706
6707,0.4100400469095369,perceptual,EVC,dcrandom,ReLu2,2.1714864239472718,707
6708,0.5211639772545931,perceptual,EVC,dcrandom,ReLu2,2.3337407211031147,708
6709,0.46979708350393934,perceptual,EVC,dcrandom,ReLu2,1.901442447679589,709
6710,0.49792424988940165,perceptual,EVC,dcrandom,ReLu2,1.795214204854064,710
6711,0.4578535338699086,perceptual,EVC,dcrandom,ReLu2,2.3601080668441066,711
6712,0.46455243564609233,perceptual,EVC,dcrandom,ReLu2,2.1766047256116505,712
6713,0.4887426367342676,perceptual,EVC,dcrandom,ReLu2,1.6605544037697544,713
6714,0.563191723615039,perceptual,EVC,dcrandom,ReLu2,2.0600917157495253,714
6715,0.47119132912616585,perceptual,EVC,dcrandom,ReLu2,1.7860819522325548,715
6716,0.4716272901177001,perceptual,EVC,dcrandom,ReLu2,2.0541498023475686,716
6717,0.44789724843187784,perceptual,EVC,dcrandom,ReLu2,2.2970474546578847,717
6718,0.4701575201035153,perceptual,EVC,dcrandom,ReLu2,1.890714691722374,718
6719,0.45945541118530125,perceptual,EVC,dcrandom,ReLu2,1.7800124721010204,719
6720,0.43543516742911875,perceptual,EVC,dcrandom,ReLu2,2.269335157941412,720
6721,0.509209265645392,perceptual,EVC,dcrandom,ReLu2,1.7064682488539824,721
6722,0.470325642599772,perceptual,EVC,dcrandom,ReLu2,1.9568968605171957,722
6723,0.46968144103035114,perceptual,EVC,dcrandom,ReLu2,2.0097012630396685,723
6724,0.4873680880166232,perceptual,EVC,dcrandom,ReLu2,1.7143460085124373,724
6725,0.4831261883190233,perceptual,EVC,dcrandom,ReLu2,1.8773422160285267,725
6726,0.46933338242119294,perceptual,EVC,dcrandom,ReLu2,2.168656674703672,726
6727,0.42872846410721505,perceptual,EVC,dcrandom,ReLu2,1.5772613642260203,727
6728,0.4712242627972095,perceptual,EVC,dcrandom,ReLu2,1.8653716506362583,728
6729,0.4173814315025095,perceptual,EVC,dcrandom,ReLu2,1.8160237569231128,729
6730,0.5639413603256065,perceptual,EVC,dcrandom,ReLu2,1.8997854375075165,730
6731,0.6272944639712105,perceptual,EVC,dcrandom,ReLu2,1.7757488077431733,731
6732,0.372514772868742,perceptual,EVC,dcrandom,ReLu2,2.0509845392812616,732
6733,0.4015758232125628,perceptual,EVC,dcrandom,ReLu2,1.8727737268497915,733
6734,0.41058573522740077,perceptual,EVC,dcrandom,ReLu2,2.1855120447749643,734
6735,0.40482902992487463,perceptual,EVC,dcrandom,ReLu2,2.2714782752632203,735
6736,0.4368799546912789,perceptual,EVC,dcrandom,ReLu2,1.935544411682138,736
6737,0.4974206957634624,perceptual,EVC,dcrandom,ReLu2,2.2086008416765934,737
6738,0.639095124132283,perceptual,EVC,dcrandom,ReLu2,1.9798726514875415,738
6739,0.4632248755851381,perceptual,EVC,dcrandom,ReLu2,2.0857110894268853,739
6740,0.4322440426374628,perceptual,EVC,dcrandom,ReLu2,2.2981352425336334,740
6741,0.4985788640145087,perceptual,EVC,dcrandom,ReLu2,1.8622137505408227,741
6742,0.4522768779318296,perceptual,EVC,dcrandom,ReLu2,1.8213282275066116,742
6743,0.45900466822679353,perceptual,EVC,dcrandom,ReLu2,2.4610834324905273,743
6744,0.4076492191490789,perceptual,EVC,dcrandom,ReLu2,1.957505771966749,744
6745,0.4488670163803017,perceptual,EVC,dcrandom,ReLu2,2.0060701216560375,745
6746,0.42810189300972556,perceptual,EVC,dcrandom,ReLu2,2.135648830188314,746
6747,0.4661036189193836,perceptual,EVC,dcrandom,ReLu2,1.6456977857029005,747
6748,0.5286068981156048,perceptual,EVC,dcrandom,ReLu2,1.7269506281257971,748
6749,0.4265243911918498,perceptual,EVC,dcrandom,ReLu2,1.9904153456882532,749
6750,0.4515922680681335,perceptual,EVC,dcrandom,ReLu2,1.878059998177748,750
6751,0.5056686950389907,perceptual,EVC,dcrandom,ReLu2,2.0619836825234996,751
6752,0.43545329047915493,perceptual,EVC,dcrandom,ReLu2,1.739443492482068,752
6753,0.43277410619748147,perceptual,EVC,dcrandom,ReLu2,2.1875909043742987,753
6754,0.4136821461965544,perceptual,EVC,dcrandom,ReLu2,1.746581498307461,754
6755,0.4510046860212255,perceptual,EVC,dcrandom,ReLu2,1.2696472670020529,755
6756,0.5088587205599392,perceptual,EVC,dcrandom,ReLu2,2.5630419379944906,756
6757,0.3950402807009416,perceptual,EVC,dcrandom,ReLu2,1.8436561130255773,757
6758,0.38749067916954827,perceptual,EVC,dcrandom,ReLu2,1.7665203187433784,758
6759,0.4927739645147575,perceptual,EVC,dcrandom,ReLu2,1.9968208762942043,759
6760,0.44789621670021706,perceptual,EVC,dcrandom,ReLu2,1.7807925113839356,760
6761,0.47817531721073453,perceptual,EVC,dcrandom,ReLu2,2.2282118461115186,761
6762,0.34235880424220094,perceptual,EVC,dcrandom,ReLu2,1.5986766857660786,762
6763,0.738459342814756,perceptual,EVC,dcrandom,ReLu2,2.021764467971967,763
6764,0.348718984846326,perceptual,EVC,dcrandom,ReLu2,1.8990441141883225,764
6765,0.4210080305555247,perceptual,EVC,dcrandom,ReLu2,2.5125151399679355,765
6766,0.723351851717704,perceptual,EVC,dcrandom,ReLu2,2.0714012058917652,766
6767,0.4842263723017466,perceptual,EVC,dcrandom,ReLu2,1.821275273603463,767
6768,0.37247030278257975,perceptual,EVC,dcrandom,ReLu2,1.8277720396401418,768
6769,0.4279510413442462,perceptual,EVC,dcrandom,ReLu2,2.337143782644514,769
6770,0.41555620351114414,perceptual,EVC,dcrandom,ReLu2,1.8493976239905585,770
6771,0.43404415040425604,perceptual,EVC,dcrandom,ReLu2,1.8480165262598345,771
6772,0.5489930392551217,perceptual,EVC,dcrandom,ReLu2,1.9400729329210118,772
6773,0.5100124010079011,perceptual,EVC,dcrandom,ReLu2,2.093740954581089,773
6774,0.45096011637873806,perceptual,EVC,dcrandom,ReLu2,1.8414890838411848,774
6775,0.427211925643059,perceptual,EVC,dcrandom,ReLu2,2.1499747663712028,775
6776,0.3595329599355006,perceptual,EVC,dcrandom,ReLu2,1.4097346868280896,776
6777,0.5507490045608099,perceptual,EVC,dcrandom,ReLu2,2.271134199420428,777
6778,0.5280624452206207,perceptual,EVC,dcrandom,ReLu2,2.2435531835583786,778
6779,0.36038532852538296,perceptual,EVC,dcrandom,ReLu2,1.6297682971183476,779
6780,0.490978928284495,perceptual,EVC,dcrandom,ReLu2,2.209161532540346,780
6781,0.3459502620321404,perceptual,EVC,dcrandom,ReLu2,1.2195799171303814,781
6782,0.4806359510226715,perceptual,EVC,dcrandom,ReLu2,2.3038406753440706,782
6783,0.4786100029522387,perceptual,EVC,dcrandom,ReLu2,2.377033395863756,783
6784,0.49695225025091094,perceptual,EVC,dcrandom,ReLu2,2.00641956259012,784
6785,0.5066713893921915,perceptual,EVC,dcrandom,ReLu2,2.2792496684048382,785
6786,0.4575537167632359,perceptual,EVC,dcrandom,ReLu2,1.797110850168434,786
6787,0.47418906686773027,perceptual,EVC,dcrandom,ReLu2,2.0211825289025467,787
6788,0.4798541429096493,perceptual,EVC,dcrandom,ReLu2,1.7790014125870321,788
6789,0.4381142540003312,perceptual,EVC,dcrandom,ReLu2,1.7254318205674577,789
6790,0.5223596989855412,perceptual,EVC,dcrandom,ReLu2,1.9087970269696015,790
6791,0.42204778435220053,perceptual,EVC,dcrandom,ReLu2,1.7862883126339437,791
6792,0.4119704901477892,perceptual,EVC,dcrandom,ReLu2,2.5044438921973544,792
6793,0.4170700287396691,perceptual,EVC,dcrandom,ReLu2,1.5916954881292869,793
6794,0.4588509217919648,perceptual,EVC,dcrandom,ReLu2,2.265973419061202,794
6795,0.39801756026861196,perceptual,EVC,dcrandom,ReLu2,2.0855726112481996,795
6796,0.48138823377050277,perceptual,EVC,dcrandom,ReLu2,2.331711209164446,796
6797,0.46501060911549147,perceptual,EVC,dcrandom,ReLu2,2.185651715568622,797
6798,0.4053827473407292,perceptual,EVC,dcrandom,ReLu2,2.202465247911972,798
6799,0.4648285692896922,perceptual,EVC,dcrandom,ReLu2,2.677089257810901,799
6800,0.4901886417925068,perceptual,EVC,dcrandom,ReLu2,1.8842845092960228,800
6801,0.48066561500744137,perceptual,EVC,dcrandom,ReLu2,1.649981785196431,801
6802,0.36682350542369274,perceptual,EVC,dcrandom,ReLu2,1.746594455745331,802
6803,0.40905246062569495,perceptual,EVC,dcrandom,ReLu2,1.3716477461674277,803
6804,0.37905710120351965,perceptual,EVC,dcrandom,ReLu2,1.797427134508545,804
6805,0.3539354556586523,perceptual,EVC,dcrandom,ReLu2,1.7168939122386118,805
6806,0.5426396373613599,perceptual,EVC,dcrandom,ReLu2,2.2634565360805357,806
6807,0.47831830715428647,perceptual,EVC,dcrandom,ReLu2,2.1017733444967703,807
6808,0.4982722046074321,perceptual,EVC,dcrandom,ReLu2,1.5985065212239309,808
6809,0.4420431384040838,perceptual,EVC,dcrandom,ReLu2,2.0264712115494268,809
6810,0.5467751207495198,perceptual,EVC,dcrandom,ReLu2,1.8542387550875645,810
6811,0.3884855825450832,perceptual,EVC,dcrandom,ReLu2,1.9111687228801075,811
6812,0.4115867846098357,perceptual,EVC,dcrandom,ReLu2,2.089393461580288,812
6813,0.4621401306889983,perceptual,EVC,dcrandom,ReLu2,2.221372696514147,813
6814,0.4305526887930755,perceptual,EVC,dcrandom,ReLu2,1.3317042065069362,814
6815,0.4986312556318892,perceptual,EVC,dcrandom,ReLu2,1.8087469568916283,815
6816,0.3605648096385043,perceptual,EVC,dcrandom,ReLu2,1.787307831457892,816
6817,0.4598120184997091,perceptual,EVC,dcrandom,ReLu2,1.803928937556162,817
6818,0.44510919444756225,perceptual,EVC,dcrandom,ReLu2,2.1865937875658132,818
6819,0.4177091259086628,perceptual,EVC,dcrandom,ReLu2,1.7791175489889697,819
6820,0.44752844340849757,perceptual,EVC,dcrandom,ReLu2,2.107998212777939,820
6821,0.4007134288498198,perceptual,EVC,dcrandom,ReLu2,1.8835702591050865,821
6822,0.37226330690645937,perceptual,EVC,dcrandom,ReLu2,1.6472578956666715,822
6823,0.3596611871096238,perceptual,EVC,dcrandom,ReLu2,1.7840949189920758,823
6824,0.5238242609884655,perceptual,EVC,dcrandom,ReLu2,1.7100571242484806,824
6825,0.4972774421708213,perceptual,EVC,dcrandom,ReLu2,2.362579982745938,825
6826,0.3943013250677926,perceptual,EVC,dcrandom,ReLu2,1.6162880092133547,826
6827,0.39798568395843337,perceptual,EVC,dcrandom,ReLu2,1.705021497320173,827
6828,0.3386671877479305,perceptual,EVC,dcrandom,ReLu2,1.9761429884391477,828
6829,0.4683453444100218,perceptual,EVC,dcrandom,ReLu2,2.291599516495002,829
6830,0.47819118601404353,perceptual,EVC,dcrandom,ReLu2,1.9705703791676021,830
6831,0.38203682669634226,perceptual,EVC,dcrandom,ReLu2,1.9838382649108668,831
6832,0.3965602847882025,perceptual,EVC,dcrandom,ReLu2,1.8482882227383168,832
6833,0.4853622791761863,perceptual,EVC,dcrandom,ReLu2,2.0575664226207313,833
6834,0.35681048525106207,perceptual,EVC,dcrandom,ReLu2,1.6997983083508579,834
6835,0.4559436226691996,perceptual,EVC,dcrandom,ReLu2,2.0688454877780047,835
6836,0.4037943485902118,perceptual,EVC,dcrandom,ReLu2,1.6607070191140934,836
6837,0.36193716775520757,perceptual,EVC,dcrandom,ReLu2,1.8923546466636074,837
6838,0.39734959971352496,perceptual,EVC,dcrandom,ReLu2,2.254188653847685,838
6839,0.39658699374955825,perceptual,EVC,dcrandom,ReLu2,1.8937385333825945,839
6840,0.488816930339857,perceptual,EVC,dcrandom,ReLu2,1.830574216368008,840
6841,0.4255738741623002,perceptual,EVC,dcrandom,ReLu2,1.5986618583851027,841
6842,0.34374034230404504,perceptual,EVC,dcrandom,ReLu2,1.5868974299878058,842
6843,0.4300984316334553,perceptual,EVC,dcrandom,ReLu2,2.2077718736308714,843
6844,0.3576086781646666,perceptual,EVC,dcrandom,ReLu2,2.0027848639939063,844
6845,0.48579138771082614,perceptual,EVC,dcrandom,ReLu2,1.9122988839734192,845
6846,0.5590438108505829,perceptual,EVC,dcrandom,ReLu2,1.901951317311869,846
6847,0.3938083432693003,perceptual,EVC,dcrandom,ReLu2,1.778840293212769,847
6848,0.5278412631530082,perceptual,EVC,dcrandom,ReLu2,2.1240286330731664,848
6849,0.3744999065335521,perceptual,EVC,dcrandom,ReLu2,2.0681607837662197,849
6850,0.40546146044894465,perceptual,EVC,dcrandom,ReLu2,2.0887243965983924,850
6851,0.38966530583019227,perceptual,EVC,dcrandom,ReLu2,1.8536019622601398,851
6852,0.415458207562139,perceptual,EVC,dcrandom,ReLu2,1.7899069192618438,852
6853,0.4087407436855086,perceptual,EVC,dcrandom,ReLu2,2.095167501432589,853
6854,0.49372116921994025,perceptual,EVC,dcrandom,ReLu2,1.8928753400925569,854
6855,0.4103833703594514,perceptual,EVC,dcrandom,ReLu2,1.8515826274365819,855
6856,0.576331784352105,perceptual,EVC,dcrandom,ReLu2,2.347953260679285,856
6857,0.46128253084265913,perceptual,EVC,dcrandom,ReLu2,2.5087159094300526,857
6858,0.33436178688293633,perceptual,EVC,dcrandom,ReLu2,1.6203396361943438,858
6859,0.3918019077739393,perceptual,EVC,dcrandom,ReLu2,1.621601685340487,859
6860,0.564960249703322,perceptual,EVC,dcrandom,ReLu2,2.127417748459117,860
6861,0.4542718874979684,perceptual,EVC,dcrandom,ReLu2,1.9510838179003147,861
6862,0.462045579622143,perceptual,EVC,dcrandom,ReLu2,1.9607690568570884,862
6863,0.3717819582168415,perceptual,EVC,dcrandom,ReLu2,1.3797329515621906,863
6864,0.33771622034413956,perceptual,EVC,dcrandom,ReLu2,1.719217524704931,864
6865,0.3659040615921549,perceptual,EVC,dcrandom,ReLu2,1.8791598062052537,865
6866,0.5179500263255695,perceptual,EVC,dcrandom,ReLu2,2.1204509670532543,866
6867,0.4344969290877376,perceptual,EVC,dcrandom,ReLu2,2.0326553306269592,867
6868,0.3675385517809558,perceptual,EVC,dcrandom,ReLu2,1.988637096182359,868
6869,0.4375623607220207,perceptual,EVC,dcrandom,ReLu2,2.0427082064383084,869
6870,0.3929197413431844,perceptual,EVC,dcrandom,ReLu2,1.7432303155011,870
6871,0.405457227409338,perceptual,EVC,dcrandom,ReLu2,1.560060616493021,871
6872,0.44112019000188624,perceptual,EVC,dcrandom,ReLu2,2.2669208668291336,872
6873,0.5356343654427266,perceptual,EVC,dcrandom,ReLu2,2.283257003375086,873
6874,0.3988074164820846,perceptual,EVC,dcrandom,ReLu2,1.68336375315264,874
6875,0.37147591712872413,perceptual,EVC,dcrandom,ReLu2,1.8269932342273618,875
6876,0.531587465789925,perceptual,EVC,dcrandom,ReLu2,2.4567371087928422,876
6877,0.510050934505467,perceptual,EVC,dcrandom,ReLu2,2.1406622962921382,877
6878,0.449373473386241,perceptual,EVC,dcrandom,ReLu2,1.8056877257682606,878
6879,0.4638486155089661,perceptual,EVC,dcrandom,ReLu2,2.153141913024997,879
6880,0.43131496550755594,perceptual,EVC,dcrandom,ReLu2,1.810974543364503,880
6881,0.39574568039023517,perceptual,EVC,dcrandom,ReLu2,1.7174381752053858,881
6882,0.48512216204455516,perceptual,EVC,dcrandom,ReLu2,2.2211758612927124,882
6883,0.44272343297156475,perceptual,EVC,dcrandom,ReLu2,2.1426256074013277,883
6884,0.47352478237621076,perceptual,EVC,dcrandom,ReLu2,1.9895790938868583,884
6885,0.5841205885564784,perceptual,EVC,dcrandom,ReLu2,2.3952343028260072,885
6886,0.36605454775623375,perceptual,EVC,dcrandom,ReLu2,1.7346584131950704,886
6887,0.4685564018113673,perceptual,EVC,dcrandom,ReLu2,2.2520239743432633,887
6888,0.35420008758428545,perceptual,EVC,dcrandom,ReLu2,1.668514883172039,888
6889,0.4256277374390402,perceptual,EVC,dcrandom,ReLu2,2.0514520610030815,889
6890,0.36769305273471165,perceptual,EVC,dcrandom,ReLu2,2.3043637629250586,890
6891,0.32875253942926913,perceptual,EVC,dcrandom,ReLu2,1.3146486798696706,891
6892,0.5039241241926615,perceptual,EVC,dcrandom,ReLu2,2.011034940113416,892
6893,0.38644055264869664,perceptual,EVC,dcrandom,ReLu2,1.9155090183703785,893
6894,0.4061614012561648,perceptual,EVC,dcrandom,ReLu2,1.9619926411512763,894
6895,0.43329584571615787,perceptual,EVC,dcrandom,ReLu2,2.1017294770069688,895
6896,0.49538796633700793,perceptual,EVC,dcrandom,ReLu2,2.3674904946320767,896
6897,0.376301921542214,perceptual,EVC,dcrandom,ReLu2,1.7778344374771737,897
6898,0.34801366094859865,perceptual,EVC,dcrandom,ReLu2,1.524328157962266,898
6899,0.3528206898985821,perceptual,EVC,dcrandom,ReLu2,1.6594561601621023,899
6900,0.4858816861424475,perceptual,EVC,dcrandom,ReLu2,2.389298293701952,900
6901,0.5029447951724797,perceptual,EVC,dcrandom,ReLu2,2.0171712675566553,901
6902,0.3907421524005772,perceptual,EVC,dcrandom,ReLu2,1.6290017230686922,902
6903,0.37249204872828917,perceptual,EVC,dcrandom,ReLu2,1.9377802570774612,903
6904,0.4584185070332857,perceptual,EVC,dcrandom,ReLu2,2.0714916439925837,904
6905,0.43949327837840313,perceptual,EVC,dcrandom,ReLu2,1.8745265760267018,905
6906,0.35859961121186074,perceptual,EVC,dcrandom,ReLu2,1.6003480730574293,906
6907,0.3794076047424999,perceptual,EVC,dcrandom,ReLu2,1.6513844698934463,907
6908,0.5075434967758297,perceptual,EVC,dcrandom,ReLu2,1.708068339754205,908
6909,0.4229936995969226,perceptual,EVC,dcrandom,ReLu2,1.9689033953115471,909
6910,0.47547041712388816,perceptual,EVC,dcrandom,ReLu2,1.9771416920994898,910
6911,0.38887581911076513,perceptual,EVC,dcrandom,ReLu2,1.472880550688429,911
6912,0.5311020087097147,perceptual,EVC,dcrandom,ReLu2,2.364282290231697,912
6913,0.4012513375871868,perceptual,EVC,dcrandom,ReLu2,1.9928369116001687,913
6914,0.44988658067753007,perceptual,EVC,dcrandom,ReLu2,1.8162731813598247,914
6915,0.6512317394724754,perceptual,EVC,dcrandom,ReLu2,2.048524966845945,915
6916,0.37605898618347267,perceptual,EVC,dcrandom,ReLu2,1.5613867193726338,916
6917,0.40417336104527474,perceptual,EVC,dcrandom,ReLu2,1.7044631633549363,917
6918,0.3298202081978557,perceptual,EVC,dcrandom,ReLu2,1.7247464228578515,918
6919,0.4992955866388323,perceptual,EVC,dcrandom,ReLu2,2.0861205220907832,919
6920,0.4727821080967284,perceptual,EVC,dcrandom,ReLu2,2.241823894635787,920
6921,0.43856463510261895,perceptual,EVC,dcrandom,ReLu2,2.296741047716701,921
6922,0.5381988137104412,perceptual,EVC,dcrandom,ReLu2,2.028507509334602,922
6923,0.43738332946006003,perceptual,EVC,dcrandom,ReLu2,2.0426645406088815,923
6924,0.5073105783814496,perceptual,EVC,dcrandom,ReLu2,2.0488208241682004,924
6925,0.4741723313597429,perceptual,EVC,dcrandom,ReLu2,1.8029250118433995,925
6926,0.4636959688450918,perceptual,EVC,dcrandom,ReLu2,1.6503450668531046,926
6927,0.48374908232695796,perceptual,EVC,dcrandom,ReLu2,2.28096212034301,927
6928,0.5353399142912277,perceptual,EVC,dcrandom,ReLu2,2.2397850260321053,928
6929,0.3450607087705683,perceptual,EVC,dcrandom,ReLu2,1.7827191066809651,929
6930,0.46542125473167034,perceptual,EVC,dcrandom,ReLu2,2.3337300564016883,930
6931,0.5332160955824415,perceptual,EVC,dcrandom,ReLu2,2.190232191030581,931
6932,0.5082114532867887,perceptual,EVC,dcrandom,ReLu2,2.133270914039397,932
6933,0.4959171712067606,perceptual,EVC,dcrandom,ReLu2,2.0676994622418157,933
6934,0.4223440587052367,perceptual,EVC,dcrandom,ReLu2,1.8811934578379723,934
6935,0.4422752891348864,perceptual,EVC,dcrandom,ReLu2,2.0670770783192935,935
6936,0.4877208528904132,perceptual,EVC,dcrandom,ReLu2,2.1793232306357266,936
6937,0.39583096751056973,perceptual,EVC,dcrandom,ReLu2,1.6018306633289754,937
6938,0.29957012338305355,perceptual,EVC,dcrandom,ReLu2,1.5699670040845852,938
6939,0.438422759600344,perceptual,EVC,dcrandom,ReLu2,2.237521244755674,939
6940,0.43200195117514284,perceptual,EVC,dcrandom,ReLu2,1.9379551162911985,940
6941,0.42466709992228113,perceptual,EVC,dcrandom,ReLu2,2.053059967647671,941
6942,0.6280808061849774,perceptual,EVC,dcrandom,ReLu2,1.7225694959913365,942
6943,0.3918139025212912,perceptual,EVC,dcrandom,ReLu2,2.1207980212435533,943
6944,0.540256374773978,perceptual,EVC,dcrandom,ReLu2,2.1314623466237226,944
6945,0.3948744825122383,perceptual,EVC,dcrandom,ReLu2,1.6463496539000493,945
6946,0.44017797153649074,perceptual,EVC,dcrandom,ReLu2,1.3601643724617833,946
6947,0.38783807881559096,perceptual,EVC,dcrandom,ReLu2,1.9661692221876603,947
6948,0.45508108499326827,perceptual,EVC,dcrandom,ReLu2,2.1561666583754766,948
6949,0.3608650755517045,perceptual,EVC,dcrandom,ReLu2,1.6683316256945717,949
6950,0.5208124787947291,perceptual,EVC,dcrandom,ReLu2,2.0981380429642433,950
6951,0.4047529842002367,perceptual,EVC,dcrandom,ReLu2,1.98471851101566,951
6952,0.4778253198864575,perceptual,EVC,dcrandom,ReLu2,2.1860584799184903,952
6953,0.47609501157686346,perceptual,EVC,dcrandom,ReLu2,2.2475830540639326,953
6954,0.433574025854192,perceptual,EVC,dcrandom,ReLu2,2.088001017055489,954
6955,0.5300059260507914,perceptual,EVC,dcrandom,ReLu2,2.04737754089991,955
6956,0.4508543517577484,perceptual,EVC,dcrandom,ReLu2,1.6064185787817018,956
6957,0.4674563839535835,perceptual,EVC,dcrandom,ReLu2,1.9242962093508202,957
6958,0.4438806322812781,perceptual,EVC,dcrandom,ReLu2,1.6189977978840502,958
6959,0.4616841838091045,perceptual,EVC,dcrandom,ReLu2,2.0314263405253996,959
6960,0.49665314527201815,perceptual,EVC,dcrandom,ReLu2,2.4462833239935846,960
6961,0.4125657238153548,perceptual,EVC,dcrandom,ReLu2,1.737851238870586,961
6962,0.40212023883002107,perceptual,EVC,dcrandom,ReLu2,1.7688646310816056,962
6963,0.4674509746002193,perceptual,EVC,dcrandom,ReLu2,2.0889024731201227,963
6964,0.410648045284431,perceptual,EVC,dcrandom,ReLu2,1.4611998948719744,964
6965,0.3532776877008528,perceptual,EVC,dcrandom,ReLu2,1.7187565813459977,965
6966,0.37903629564172664,perceptual,EVC,dcrandom,ReLu2,2.2320832732658227,966
6967,0.4129771480215121,perceptual,EVC,dcrandom,ReLu2,1.9454715257219708,967
6968,0.42772527085153966,perceptual,EVC,dcrandom,ReLu2,2.176437897007574,968
6969,0.45413352153370623,perceptual,EVC,dcrandom,ReLu2,1.9179143435920325,969
6970,0.4266229047268654,perceptual,EVC,dcrandom,ReLu2,2.0319397391677945,970
6971,0.48092106987518396,perceptual,EVC,dcrandom,ReLu2,2.400293791245277,971
6972,0.4178141863758084,perceptual,EVC,dcrandom,ReLu2,1.8858982760500527,972
6973,0.4739814229408025,perceptual,EVC,dcrandom,ReLu2,2.216160023136232,973
6974,0.45259425433665207,perceptual,EVC,dcrandom,ReLu2,2.0843444019572326,974
6975,0.35242878143089335,perceptual,EVC,dcrandom,ReLu2,1.763594509504741,975
6976,0.4567085743760236,perceptual,EVC,dcrandom,ReLu2,1.515171909289463,976
6977,0.42926166995847437,perceptual,EVC,dcrandom,ReLu2,1.7388962584867742,977
6978,0.510525978315608,perceptual,EVC,dcrandom,ReLu2,1.9501694262765046,978
6979,0.4438283189768357,perceptual,EVC,dcrandom,ReLu2,2.164886432701279,979
6980,0.45784078989894705,perceptual,EVC,dcrandom,ReLu2,1.8665554256932277,980
6981,0.481938324375481,perceptual,EVC,dcrandom,ReLu2,1.9265928015688267,981
6982,0.3673103943342843,perceptual,EVC,dcrandom,ReLu2,1.850721612640489,982
6983,0.43536290678260153,perceptual,EVC,dcrandom,ReLu2,1.8940222349318612,983
6984,0.40164987432451776,perceptual,EVC,dcrandom,ReLu2,1.388153566100895,984
6985,0.4562686923215288,perceptual,EVC,dcrandom,ReLu2,1.906933621445198,985
6986,0.294173623374366,perceptual,EVC,dcrandom,ReLu2,1.152015035131164,986
6987,0.3950462349906286,perceptual,EVC,dcrandom,ReLu2,1.9062927400942093,987
6988,0.3904120121706539,perceptual,EVC,dcrandom,ReLu2,1.6646752942459675,988
6989,0.45677853246791467,perceptual,EVC,dcrandom,ReLu2,1.8404025397144101,989
6990,0.34451330023511173,perceptual,EVC,dcrandom,ReLu2,1.4957078488784417,990
6991,0.41269268587522856,perceptual,EVC,dcrandom,ReLu2,1.8447850744910403,991
6992,0.43487970666154513,perceptual,EVC,dcrandom,ReLu2,1.799908537745731,992
6993,0.48470672030309886,perceptual,EVC,dcrandom,ReLu2,2.0996556392457695,993
6994,0.4135806925899685,perceptual,EVC,dcrandom,ReLu2,2.0903338664048285,994
6995,0.5273302007101226,perceptual,EVC,dcrandom,ReLu2,2.3961108237178004,995
6996,0.5279839010282429,perceptual,EVC,dcrandom,ReLu2,2.3243566865097396,996
6997,0.4168130349414706,perceptual,EVC,dcrandom,ReLu2,1.9853873104327218,997
6998,0.6011375299091014,perceptual,EVC,dcrandom,ReLu2,1.8142410101390423,998
6999,0.5142277910944435,perceptual,EVC,dcrandom,ReLu2,2.408150760433486,999
7000,0.48292851177117513,perceptual,EVC,dcrandom,ReLu7,0.31239504641954235,0
7001,0.4464275546848883,perceptual,EVC,dcrandom,ReLu7,0.29995594840101447,1
7002,0.39072734007334464,perceptual,EVC,dcrandom,ReLu7,0.307747849676545,2
7003,0.4750390973632109,perceptual,EVC,dcrandom,ReLu7,0.30017383752304333,3
7004,0.37981503190156946,perceptual,EVC,dcrandom,ReLu7,0.23429119051632857,4
7005,0.5155081835624148,perceptual,EVC,dcrandom,ReLu7,0.39700438601578203,5
7006,0.5612713985797989,perceptual,EVC,dcrandom,ReLu7,0.3820999096990277,6
7007,0.4487302110007482,perceptual,EVC,dcrandom,ReLu7,0.2599696953681556,7
7008,0.5039036188045953,perceptual,EVC,dcrandom,ReLu7,0.28588205661870236,8
7009,0.591924674756617,perceptual,EVC,dcrandom,ReLu7,0.33590583129102614,9
7010,0.4444209579319909,perceptual,EVC,dcrandom,ReLu7,0.26044144559226695,10
7011,0.38694491627268585,perceptual,EVC,dcrandom,ReLu7,0.3148808470592648,11
7012,0.49843574017144343,perceptual,EVC,dcrandom,ReLu7,0.27340705693226264,12
7013,0.5026763446964673,perceptual,EVC,dcrandom,ReLu7,0.27637952208689726,13
7014,0.43720266001861346,perceptual,EVC,dcrandom,ReLu7,0.37657876753643477,14
7015,0.39392491620913994,perceptual,EVC,dcrandom,ReLu7,0.3014818118530448,15
7016,0.45845574234576375,perceptual,EVC,dcrandom,ReLu7,0.326325738265631,16
7017,0.5204901159587281,perceptual,EVC,dcrandom,ReLu7,0.34725721631899087,17
7018,0.42585172582665076,perceptual,EVC,dcrandom,ReLu7,0.3588852445344281,18
7019,0.35290664868966104,perceptual,EVC,dcrandom,ReLu7,0.21869743625437288,19
7020,0.44949038008686504,perceptual,EVC,dcrandom,ReLu7,0.43342193820593905,20
7021,0.40822304900924256,perceptual,EVC,dcrandom,ReLu7,0.34939814870184466,21
7022,0.3984026359404641,perceptual,EVC,dcrandom,ReLu7,0.3164978637461615,22
7023,0.4577046113820907,perceptual,EVC,dcrandom,ReLu7,0.35367108952918497,23
7024,0.4097015797420764,perceptual,EVC,dcrandom,ReLu7,0.3064598379654798,24
7025,0.4537515753738632,perceptual,EVC,dcrandom,ReLu7,0.2624627527036652,25
7026,0.534732350389062,perceptual,EVC,dcrandom,ReLu7,0.3210897281917606,26
7027,0.44254642481396606,perceptual,EVC,dcrandom,ReLu7,0.3002303396383168,27
7028,0.4684123228511741,perceptual,EVC,dcrandom,ReLu7,0.28114112581414824,28
7029,0.4246259821132582,perceptual,EVC,dcrandom,ReLu7,0.3088687742202676,29
7030,0.4168852834362904,perceptual,EVC,dcrandom,ReLu7,0.2839599498980979,30
7031,0.38468902946746963,perceptual,EVC,dcrandom,ReLu7,0.261416455506964,31
7032,0.3204008791164612,perceptual,EVC,dcrandom,ReLu7,0.24455708069704707,32
7033,0.5066377389083532,perceptual,EVC,dcrandom,ReLu7,0.3453768745740494,33
7034,0.48097798278164067,perceptual,EVC,dcrandom,ReLu7,0.35772166364109803,34
7035,0.38207876898119525,perceptual,EVC,dcrandom,ReLu7,0.2099459694713655,35
7036,0.5314920853238213,perceptual,EVC,dcrandom,ReLu7,0.2582788337024097,36
7037,0.3307855697176897,perceptual,EVC,dcrandom,ReLu7,0.22473831328087504,37
7038,0.36089641021020763,perceptual,EVC,dcrandom,ReLu7,0.24616336756084123,38
7039,0.5241925814397929,perceptual,EVC,dcrandom,ReLu7,0.37471143279464936,39
7040,0.33778370540640074,perceptual,EVC,dcrandom,ReLu7,0.24981688025701226,40
7041,0.27709639761234695,perceptual,EVC,dcrandom,ReLu7,0.17160834868512972,41
7042,0.6639201118687592,perceptual,EVC,dcrandom,ReLu7,0.37688687709907737,42
7043,0.411323760672945,perceptual,EVC,dcrandom,ReLu7,0.3097309769394704,43
7044,0.663082211129749,perceptual,EVC,dcrandom,ReLu7,0.3308841865915638,44
7045,0.45615749750375334,perceptual,EVC,dcrandom,ReLu7,0.3076495450901557,45
7046,0.3780226667988441,perceptual,EVC,dcrandom,ReLu7,0.326730137399584,46
7047,0.3907619696730395,perceptual,EVC,dcrandom,ReLu7,0.2933062315510594,47
7048,0.352804563062234,perceptual,EVC,dcrandom,ReLu7,0.2596304687866813,48
7049,0.33289601695709475,perceptual,EVC,dcrandom,ReLu7,0.2565068684755301,49
7050,0.7118478470419237,perceptual,EVC,dcrandom,ReLu7,0.3988495623980884,50
7051,0.4818154525857624,perceptual,EVC,dcrandom,ReLu7,0.2892485765006937,51
7052,0.45279431790336827,perceptual,EVC,dcrandom,ReLu7,0.35467802529748105,52
7053,0.40077680891967854,perceptual,EVC,dcrandom,ReLu7,0.19695697709539287,53
7054,0.4388881788619854,perceptual,EVC,dcrandom,ReLu7,0.32954986778040396,54
7055,0.3357221073245452,perceptual,EVC,dcrandom,ReLu7,0.26095582846184223,55
7056,0.5069323835509963,perceptual,EVC,dcrandom,ReLu7,0.32402533527884203,56
7057,0.5080415636657178,perceptual,EVC,dcrandom,ReLu7,0.2913102899243289,57
7058,0.4104174290859395,perceptual,EVC,dcrandom,ReLu7,0.32502743407406,58
7059,0.4372247562302172,perceptual,EVC,dcrandom,ReLu7,0.2769518714960144,59
7060,0.6319108051619649,perceptual,EVC,dcrandom,ReLu7,0.38715013214007143,60
7061,0.5614036732444276,perceptual,EVC,dcrandom,ReLu7,0.32125866548723003,61
7062,0.5541087234985812,perceptual,EVC,dcrandom,ReLu7,0.3538300390839953,62
7063,0.4904561855482492,perceptual,EVC,dcrandom,ReLu7,0.26454829352357473,63
7064,0.4865982615105565,perceptual,EVC,dcrandom,ReLu7,0.30997599528972664,64
7065,0.5126565607773066,perceptual,EVC,dcrandom,ReLu7,0.4190237433888514,65
7066,0.4274987893661145,perceptual,EVC,dcrandom,ReLu7,0.3648776509380396,66
7067,0.3498214588458357,perceptual,EVC,dcrandom,ReLu7,0.25416489499368267,67
7068,0.2558905956694066,perceptual,EVC,dcrandom,ReLu7,0.16927754155138658,68
7069,0.5264673819254369,perceptual,EVC,dcrandom,ReLu7,0.3643140534040179,69
7070,0.33232822279445096,perceptual,EVC,dcrandom,ReLu7,0.2374130487510386,70
7071,0.7348911905006044,perceptual,EVC,dcrandom,ReLu7,0.36891710699744823,71
7072,0.41157580392576953,perceptual,EVC,dcrandom,ReLu7,0.31685851716367663,72
7073,0.46689505639973006,perceptual,EVC,dcrandom,ReLu7,0.3599084174489475,73
7074,0.45890641311211716,perceptual,EVC,dcrandom,ReLu7,0.33645929492509075,74
7075,0.33718280678231927,perceptual,EVC,dcrandom,ReLu7,0.24505527727015436,75
7076,0.4419343463405994,perceptual,EVC,dcrandom,ReLu7,0.314507247461576,76
7077,0.4746853648022199,perceptual,EVC,dcrandom,ReLu7,0.31115703617458046,77
7078,0.37640324046958534,perceptual,EVC,dcrandom,ReLu7,0.24844835573219703,78
7079,0.6345674097203542,perceptual,EVC,dcrandom,ReLu7,0.3430689216277971,79
7080,0.4059765831899799,perceptual,EVC,dcrandom,ReLu7,0.3591703007231418,80
7081,0.405984522156325,perceptual,EVC,dcrandom,ReLu7,0.3080715024945883,81
7082,0.37123566004392033,perceptual,EVC,dcrandom,ReLu7,0.2536655520120289,82
7083,0.37552475489780646,perceptual,EVC,dcrandom,ReLu7,0.27612083185159436,83
7084,0.41057318330869763,perceptual,EVC,dcrandom,ReLu7,0.27706633884310405,84
7085,0.46640966216744284,perceptual,EVC,dcrandom,ReLu7,0.20361213153593938,85
7086,0.428959210439568,perceptual,EVC,dcrandom,ReLu7,0.281660931762727,86
7087,0.5240032933029316,perceptual,EVC,dcrandom,ReLu7,0.34579464579418423,87
7088,0.5161177645193478,perceptual,EVC,dcrandom,ReLu7,0.3783686385964301,88
7089,0.4079175057104778,perceptual,EVC,dcrandom,ReLu7,0.30874506343766095,89
7090,0.4766757213520986,perceptual,EVC,dcrandom,ReLu7,0.36320059575523955,90
7091,0.4901709684052902,perceptual,EVC,dcrandom,ReLu7,0.3392545780609285,91
7092,0.362191091544139,perceptual,EVC,dcrandom,ReLu7,0.281523273027652,92
7093,0.4496772922633207,perceptual,EVC,dcrandom,ReLu7,0.33780780937498783,93
7094,0.496442630545193,perceptual,EVC,dcrandom,ReLu7,0.3606352922364583,94
7095,0.5674199655913069,perceptual,EVC,dcrandom,ReLu7,0.3710930248405249,95
7096,0.393357011722597,perceptual,EVC,dcrandom,ReLu7,0.3364337871697663,96
7097,0.6005050025582395,perceptual,EVC,dcrandom,ReLu7,0.39942620653206395,97
7098,0.3921638677066358,perceptual,EVC,dcrandom,ReLu7,0.24620542265567846,98
7099,0.37109886351678145,perceptual,EVC,dcrandom,ReLu7,0.23891205080147368,99
7100,0.5330414341095161,perceptual,EVC,dcrandom,ReLu7,0.4720952378894442,100
7101,0.4286231859565349,perceptual,EVC,dcrandom,ReLu7,0.3275702733335748,101
7102,0.5977628125025266,perceptual,EVC,dcrandom,ReLu7,0.33345374943458006,102
7103,0.43718545767496286,perceptual,EVC,dcrandom,ReLu7,0.2711851801418647,103
7104,0.4418540885648538,perceptual,EVC,dcrandom,ReLu7,0.32244961873687106,104
7105,0.4058747607812897,perceptual,EVC,dcrandom,ReLu7,0.28747150907161917,105
7106,0.49280780663700063,perceptual,EVC,dcrandom,ReLu7,0.35714096135763035,106
7107,0.35492173423821194,perceptual,EVC,dcrandom,ReLu7,0.2740314859780044,107
7108,0.4773732278847808,perceptual,EVC,dcrandom,ReLu7,0.2819073297428004,108
7109,0.40864700417525335,perceptual,EVC,dcrandom,ReLu7,0.28902437834756406,109
7110,0.345949010535695,perceptual,EVC,dcrandom,ReLu7,0.285374864004609,110
7111,0.47239396550597246,perceptual,EVC,dcrandom,ReLu7,0.3108812144895533,111
7112,0.5983504757429204,perceptual,EVC,dcrandom,ReLu7,0.2818778808135658,112
7113,0.44789621301713683,perceptual,EVC,dcrandom,ReLu7,0.3084943683534975,113
7114,0.4310482191461493,perceptual,EVC,dcrandom,ReLu7,0.33954083986349326,114
7115,0.40952257006043463,perceptual,EVC,dcrandom,ReLu7,0.2769078795293478,115
7116,0.532473089219386,perceptual,EVC,dcrandom,ReLu7,0.420094928280503,116
7117,0.5350110604785868,perceptual,EVC,dcrandom,ReLu7,0.38832745048436323,117
7118,0.4407092230343317,perceptual,EVC,dcrandom,ReLu7,0.2937069644971416,118
7119,0.563793915999341,perceptual,EVC,dcrandom,ReLu7,0.266231830619334,119
7120,0.3387801118470493,perceptual,EVC,dcrandom,ReLu7,0.23981406226456786,120
7121,0.4359976177163311,perceptual,EVC,dcrandom,ReLu7,0.34300848870820394,121
7122,0.47914153480394256,perceptual,EVC,dcrandom,ReLu7,0.2895756765438242,122
7123,0.36101513026359244,perceptual,EVC,dcrandom,ReLu7,0.2759574774587331,123
7124,0.3955069016573591,perceptual,EVC,dcrandom,ReLu7,0.3362341133565637,124
7125,0.35847530836203667,perceptual,EVC,dcrandom,ReLu7,0.27557562933210494,125
7126,0.6303497371089801,perceptual,EVC,dcrandom,ReLu7,0.39022076445658593,126
7127,0.5138124224475225,perceptual,EVC,dcrandom,ReLu7,0.3405370848734872,127
7128,0.4895357999000215,perceptual,EVC,dcrandom,ReLu7,0.3746354615259375,128
7129,0.46604854985929245,perceptual,EVC,dcrandom,ReLu7,0.28303328331141986,129
7130,0.4006826485311713,perceptual,EVC,dcrandom,ReLu7,0.30480768965297605,130
7131,0.3795392708038012,perceptual,EVC,dcrandom,ReLu7,0.31351090206781396,131
7132,0.4095370126492264,perceptual,EVC,dcrandom,ReLu7,0.27627364380698044,132
7133,0.5146321576826073,perceptual,EVC,dcrandom,ReLu7,0.32081883964696756,133
7134,0.4622639498320787,perceptual,EVC,dcrandom,ReLu7,0.3196150555846413,134
7135,0.38353649368599046,perceptual,EVC,dcrandom,ReLu7,0.2562085946607419,135
7136,0.31944765263915714,perceptual,EVC,dcrandom,ReLu7,0.19543062761233568,136
7137,0.5626397578782762,perceptual,EVC,dcrandom,ReLu7,0.3357076575948153,137
7138,0.514687427097337,perceptual,EVC,dcrandom,ReLu7,0.41319980228229475,138
7139,0.5190345343317743,perceptual,EVC,dcrandom,ReLu7,0.3469375487300439,139
7140,0.5454094711630126,perceptual,EVC,dcrandom,ReLu7,0.3504999431369018,140
7141,0.4127220359295427,perceptual,EVC,dcrandom,ReLu7,0.32520370004038235,141
7142,0.5437014948486094,perceptual,EVC,dcrandom,ReLu7,0.3283225212316019,142
7143,0.3588824251596885,perceptual,EVC,dcrandom,ReLu7,0.24099263127508924,143
7144,0.5279021849440162,perceptual,EVC,dcrandom,ReLu7,0.3005557103015434,144
7145,0.3911675636994922,perceptual,EVC,dcrandom,ReLu7,0.24490281648169598,145
7146,0.442922655388199,perceptual,EVC,dcrandom,ReLu7,0.3443857131284811,146
7147,0.42634656425200995,perceptual,EVC,dcrandom,ReLu7,0.2916068310524521,147
7148,0.47614628678591114,perceptual,EVC,dcrandom,ReLu7,0.3350885322845395,148
7149,0.5712768816263233,perceptual,EVC,dcrandom,ReLu7,0.2757922745602081,149
7150,0.4198832804953208,perceptual,EVC,dcrandom,ReLu7,0.4030521731231357,150
7151,0.6002362972214349,perceptual,EVC,dcrandom,ReLu7,0.3382340817240151,151
7152,0.5514968015811484,perceptual,EVC,dcrandom,ReLu7,0.40921728222923714,152
7153,0.4556956466883158,perceptual,EVC,dcrandom,ReLu7,0.36689601542862205,153
7154,0.4251204156437014,perceptual,EVC,dcrandom,ReLu7,0.2527579462251384,154
7155,0.4364156745124371,perceptual,EVC,dcrandom,ReLu7,0.283703981747765,155
7156,0.360634812958785,perceptual,EVC,dcrandom,ReLu7,0.27259452260282896,156
7157,0.5210823202978537,perceptual,EVC,dcrandom,ReLu7,0.2862327349067311,157
7158,0.38020659124792183,perceptual,EVC,dcrandom,ReLu7,0.2337289758131998,158
7159,0.37313021393976087,perceptual,EVC,dcrandom,ReLu7,0.32050815889482076,159
7160,0.48579229743515184,perceptual,EVC,dcrandom,ReLu7,0.32285018568683266,160
7161,0.4331730934226031,perceptual,EVC,dcrandom,ReLu7,0.2688360439161412,161
7162,0.40059716151056723,perceptual,EVC,dcrandom,ReLu7,0.30615790825779066,162
7163,0.5333150821942126,perceptual,EVC,dcrandom,ReLu7,0.37064761508979327,163
7164,0.504562039741484,perceptual,EVC,dcrandom,ReLu7,0.29377119157323284,164
7165,0.4279029678567391,perceptual,EVC,dcrandom,ReLu7,0.3203776521007816,165
7166,0.4262525314122405,perceptual,EVC,dcrandom,ReLu7,0.2669123547895955,166
7167,0.4350151478616563,perceptual,EVC,dcrandom,ReLu7,0.40151757391368564,167
7168,0.47016109290690544,perceptual,EVC,dcrandom,ReLu7,0.3147259697707929,168
7169,0.3547683457507313,perceptual,EVC,dcrandom,ReLu7,0.21563541795048224,169
7170,0.5907952850229791,perceptual,EVC,dcrandom,ReLu7,0.2976755318806821,170
7171,0.5372735259232226,perceptual,EVC,dcrandom,ReLu7,0.3424053347734296,171
7172,0.4851730207002546,perceptual,EVC,dcrandom,ReLu7,0.35977172217975395,172
7173,0.29551769567180114,perceptual,EVC,dcrandom,ReLu7,0.226587647312932,173
7174,0.43029499245602015,perceptual,EVC,dcrandom,ReLu7,0.28398439677692394,174
7175,0.5365151346044857,perceptual,EVC,dcrandom,ReLu7,0.3523620949575363,175
7176,0.4988976837607219,perceptual,EVC,dcrandom,ReLu7,0.3469010199109178,176
7177,0.4521630005587355,perceptual,EVC,dcrandom,ReLu7,0.33655805930619953,177
7178,0.43024850592534725,perceptual,EVC,dcrandom,ReLu7,0.32518615179534843,178
7179,0.432000569581842,perceptual,EVC,dcrandom,ReLu7,0.38109105311402536,179
7180,0.44260278330847747,perceptual,EVC,dcrandom,ReLu7,0.3027292670661529,180
7181,0.390099797534057,perceptual,EVC,dcrandom,ReLu7,0.2771188302717122,181
7182,0.32013624192115303,perceptual,EVC,dcrandom,ReLu7,0.21769550693052966,182
7183,0.5347858644513749,perceptual,EVC,dcrandom,ReLu7,0.38616182922923414,183
7184,0.48224396291085575,perceptual,EVC,dcrandom,ReLu7,0.3132477576401579,184
7185,0.4048030821323477,perceptual,EVC,dcrandom,ReLu7,0.32317109732797994,185
7186,0.36786452811332737,perceptual,EVC,dcrandom,ReLu7,0.3130566128280345,186
7187,0.450896885124762,perceptual,EVC,dcrandom,ReLu7,0.3052440540801987,187
7188,0.4985891236500565,perceptual,EVC,dcrandom,ReLu7,0.28025554015448934,188
7189,0.44089338617311474,perceptual,EVC,dcrandom,ReLu7,0.3258320015865845,189
7190,0.44261956059038976,perceptual,EVC,dcrandom,ReLu7,0.2611655805489437,190
7191,0.5046529095179637,perceptual,EVC,dcrandom,ReLu7,0.3907775211308354,191
7192,0.4105405323354088,perceptual,EVC,dcrandom,ReLu7,0.29557333884010395,192
7193,0.4563537004624585,perceptual,EVC,dcrandom,ReLu7,0.3311206268314741,193
7194,0.405180248910218,perceptual,EVC,dcrandom,ReLu7,0.30287213708693417,194
7195,0.6524152741063518,perceptual,EVC,dcrandom,ReLu7,0.37562744003438586,195
7196,0.430680824632612,perceptual,EVC,dcrandom,ReLu7,0.33114350546313476,196
7197,0.5248352665309961,perceptual,EVC,dcrandom,ReLu7,0.316487969513376,197
7198,0.4202980930131319,perceptual,EVC,dcrandom,ReLu7,0.2961260471914756,198
7199,0.39581784549433907,perceptual,EVC,dcrandom,ReLu7,0.264922211106016,199
7200,0.4683032406238461,perceptual,EVC,dcrandom,ReLu7,0.3354118246526949,200
7201,0.40698666322961913,perceptual,EVC,dcrandom,ReLu7,0.29759115096638866,201
7202,0.44680088111385047,perceptual,EVC,dcrandom,ReLu7,0.32088619388632866,202
7203,0.41101466467134085,perceptual,EVC,dcrandom,ReLu7,0.3137631265577604,203
7204,0.5113202751882941,perceptual,EVC,dcrandom,ReLu7,0.26615784341214765,204
7205,0.43215412562121835,perceptual,EVC,dcrandom,ReLu7,0.36332363525721184,205
7206,0.4088447818142263,perceptual,EVC,dcrandom,ReLu7,0.21310704222408255,206
7207,0.3562204328377967,perceptual,EVC,dcrandom,ReLu7,0.2524543598534429,207
7208,0.46315457409203814,perceptual,EVC,dcrandom,ReLu7,0.3334932875420085,208
7209,0.4463523705193555,perceptual,EVC,dcrandom,ReLu7,0.3310523889697354,209
7210,0.4517726903476548,perceptual,EVC,dcrandom,ReLu7,0.29576665394602575,210
7211,0.32678201135484913,perceptual,EVC,dcrandom,ReLu7,0.19299509172323673,211
7212,0.4514600241271018,perceptual,EVC,dcrandom,ReLu7,0.3273802236472129,212
7213,0.426705677384236,perceptual,EVC,dcrandom,ReLu7,0.276607542425774,213
7214,0.5132059614381893,perceptual,EVC,dcrandom,ReLu7,0.33854186349601356,214
7215,0.6013790221689527,perceptual,EVC,dcrandom,ReLu7,0.35750632404951144,215
7216,0.4142599480675209,perceptual,EVC,dcrandom,ReLu7,0.2519033463080811,216
7217,0.4022158382824719,perceptual,EVC,dcrandom,ReLu7,0.3218062563887868,217
7218,0.7600522159876888,perceptual,EVC,dcrandom,ReLu7,0.347468188371414,218
7219,0.4521507145858942,perceptual,EVC,dcrandom,ReLu7,0.329282477553513,219
7220,0.5290521463521272,perceptual,EVC,dcrandom,ReLu7,0.2392379163779919,220
7221,0.43588314263912836,perceptual,EVC,dcrandom,ReLu7,0.2634298928557619,221
7222,0.5567221902390241,perceptual,EVC,dcrandom,ReLu7,0.2890265631044434,222
7223,0.508998610810582,perceptual,EVC,dcrandom,ReLu7,0.39362511905164776,223
7224,0.383572903087668,perceptual,EVC,dcrandom,ReLu7,0.29611721376908107,224
7225,0.5237257832028142,perceptual,EVC,dcrandom,ReLu7,0.4098618041965807,225
7226,0.4585475626114129,perceptual,EVC,dcrandom,ReLu7,0.34586537709264475,226
7227,0.47012183406865954,perceptual,EVC,dcrandom,ReLu7,0.36596570817415364,227
7228,0.5222242173446525,perceptual,EVC,dcrandom,ReLu7,0.4040303713387068,228
7229,0.38751988478396626,perceptual,EVC,dcrandom,ReLu7,0.31026141711488847,229
7230,0.538491817486679,perceptual,EVC,dcrandom,ReLu7,0.33343653193734557,230
7231,0.47958756810032677,perceptual,EVC,dcrandom,ReLu7,0.3230523663564328,231
7232,0.40828669499136006,perceptual,EVC,dcrandom,ReLu7,0.28812520050767493,232
7233,0.4128396115791582,perceptual,EVC,dcrandom,ReLu7,0.31604066986117957,233
7234,0.45214045438379985,perceptual,EVC,dcrandom,ReLu7,0.3416995317827272,234
7235,0.4797774845825313,perceptual,EVC,dcrandom,ReLu7,0.2968678293501405,235
7236,0.29774089811749366,perceptual,EVC,dcrandom,ReLu7,0.22821103843255258,236
7237,0.4460955226951422,perceptual,EVC,dcrandom,ReLu7,0.38323084983004874,237
7238,0.4082041492053461,perceptual,EVC,dcrandom,ReLu7,0.25361292966688853,238
7239,0.43781876320372715,perceptual,EVC,dcrandom,ReLu7,0.3660826019191431,239
7240,0.4074426123330537,perceptual,EVC,dcrandom,ReLu7,0.2241155598344623,240
7241,0.5058506356136768,perceptual,EVC,dcrandom,ReLu7,0.34128518793249857,241
7242,0.6391002268087251,perceptual,EVC,dcrandom,ReLu7,0.3207073442089127,242
7243,0.45696400740765597,perceptual,EVC,dcrandom,ReLu7,0.349404824003531,243
7244,0.5806516142179473,perceptual,EVC,dcrandom,ReLu7,0.33558073596872,244
7245,0.3480282333902044,perceptual,EVC,dcrandom,ReLu7,0.23700842753149293,245
7246,0.39581181020592016,perceptual,EVC,dcrandom,ReLu7,0.3211649404187432,246
7247,0.42579944045106777,perceptual,EVC,dcrandom,ReLu7,0.28615162710843,247
7248,0.3022966135395945,perceptual,EVC,dcrandom,ReLu7,0.24202200542990465,248
7249,0.39139327074437497,perceptual,EVC,dcrandom,ReLu7,0.2815947464160925,249
7250,0.45769414222845894,perceptual,EVC,dcrandom,ReLu7,0.3282174030962448,250
7251,0.4972202567410812,perceptual,EVC,dcrandom,ReLu7,0.34940488351945753,251
7252,0.35712153388977036,perceptual,EVC,dcrandom,ReLu7,0.2799221868535276,252
7253,0.4768606746386084,perceptual,EVC,dcrandom,ReLu7,0.258561287079306,253
7254,0.45445294541554737,perceptual,EVC,dcrandom,ReLu7,0.2630581422824716,254
7255,0.4917092871782151,perceptual,EVC,dcrandom,ReLu7,0.3386405333939846,255
7256,0.4506499760962688,perceptual,EVC,dcrandom,ReLu7,0.3052372036398282,256
7257,0.4770101821222247,perceptual,EVC,dcrandom,ReLu7,0.3216440668549617,257
7258,0.36206174615154907,perceptual,EVC,dcrandom,ReLu7,0.2686964756158321,258
7259,0.3593400528176583,perceptual,EVC,dcrandom,ReLu7,0.2803388503361165,259
7260,0.4909266502954896,perceptual,EVC,dcrandom,ReLu7,0.3388403972591475,260
7261,0.35439670775261933,perceptual,EVC,dcrandom,ReLu7,0.28313482835053067,261
7262,0.44557043150839076,perceptual,EVC,dcrandom,ReLu7,0.3035467343146341,262
7263,0.4618089958620148,perceptual,EVC,dcrandom,ReLu7,0.23739890461205154,263
7264,0.4766230157639962,perceptual,EVC,dcrandom,ReLu7,0.2606257996557576,264
7265,0.39316912600542175,perceptual,EVC,dcrandom,ReLu7,0.2633295739980256,265
7266,0.3579076184008835,perceptual,EVC,dcrandom,ReLu7,0.2563574260749036,266
7267,0.46553386784703915,perceptual,EVC,dcrandom,ReLu7,0.41976917478727155,267
7268,0.4305096946905052,perceptual,EVC,dcrandom,ReLu7,0.3458949331736828,268
7269,0.3566994337930675,perceptual,EVC,dcrandom,ReLu7,0.25411281345258724,269
7270,0.5035737555791707,perceptual,EVC,dcrandom,ReLu7,0.32410858291736366,270
7271,0.6010152476643743,perceptual,EVC,dcrandom,ReLu7,0.35362991971337804,271
7272,0.42340510180709,perceptual,EVC,dcrandom,ReLu7,0.33165033448437414,272
7273,0.401533571570649,perceptual,EVC,dcrandom,ReLu7,0.3585077549438582,273
7274,0.46518518944154424,perceptual,EVC,dcrandom,ReLu7,0.3194096069392331,274
7275,0.36296172859295783,perceptual,EVC,dcrandom,ReLu7,0.2554816660413253,275
7276,0.4430947067892888,perceptual,EVC,dcrandom,ReLu7,0.33250947414814624,276
7277,0.5314159935338886,perceptual,EVC,dcrandom,ReLu7,0.2683474898458891,277
7278,0.4050523333960782,perceptual,EVC,dcrandom,ReLu7,0.2708285291418654,278
7279,0.40903242822221664,perceptual,EVC,dcrandom,ReLu7,0.32620465162565215,279
7280,0.3768212414936303,perceptual,EVC,dcrandom,ReLu7,0.29508995161827556,280
7281,0.4455285583991472,perceptual,EVC,dcrandom,ReLu7,0.29085445642586516,281
7282,0.38744516404106477,perceptual,EVC,dcrandom,ReLu7,0.2619879299672647,282
7283,0.40924823613332795,perceptual,EVC,dcrandom,ReLu7,0.33053972597895676,283
7284,0.34373213771611616,perceptual,EVC,dcrandom,ReLu7,0.26783455477704243,284
7285,0.7138930318527614,perceptual,EVC,dcrandom,ReLu7,0.38445173464963295,285
7286,0.3756396042202836,perceptual,EVC,dcrandom,ReLu7,0.2410380047780359,286
7287,0.4956908157555708,perceptual,EVC,dcrandom,ReLu7,0.34857894913793896,287
7288,0.5404937097891028,perceptual,EVC,dcrandom,ReLu7,0.33788928487504144,288
7289,0.5610582202569245,perceptual,EVC,dcrandom,ReLu7,0.3375280139735755,289
7290,0.4232371092656766,perceptual,EVC,dcrandom,ReLu7,0.2737802789449346,290
7291,0.4034320526165784,perceptual,EVC,dcrandom,ReLu7,0.27087939545345535,291
7292,0.452803599774849,perceptual,EVC,dcrandom,ReLu7,0.3578327826252846,292
7293,0.43187972961572724,perceptual,EVC,dcrandom,ReLu7,0.350506682216031,293
7294,0.5536745399232438,perceptual,EVC,dcrandom,ReLu7,0.32901870104710906,294
7295,0.4137819124197389,perceptual,EVC,dcrandom,ReLu7,0.34286592736108445,295
7296,0.4773811838886308,perceptual,EVC,dcrandom,ReLu7,0.3052251804473814,296
7297,0.4307552834254857,perceptual,EVC,dcrandom,ReLu7,0.2565113798127695,297
7298,0.4017234781644762,perceptual,EVC,dcrandom,ReLu7,0.2915707988441193,298
7299,0.43432761646520407,perceptual,EVC,dcrandom,ReLu7,0.2521444997144952,299
7300,0.45767545566499634,perceptual,EVC,dcrandom,ReLu7,0.28529801104181846,300
7301,0.3714589243425673,perceptual,EVC,dcrandom,ReLu7,0.21760295906031232,301
7302,0.4384924797082928,perceptual,EVC,dcrandom,ReLu7,0.34897257842525436,302
7303,0.5422222500954198,perceptual,EVC,dcrandom,ReLu7,0.4337127205119565,303
7304,0.5133518006785583,perceptual,EVC,dcrandom,ReLu7,0.3726199833486782,304
7305,0.4070926049226862,perceptual,EVC,dcrandom,ReLu7,0.2990922536934243,305
7306,0.48949521944898167,perceptual,EVC,dcrandom,ReLu7,0.33447432898816637,306
7307,0.37089029168022525,perceptual,EVC,dcrandom,ReLu7,0.2939634065888837,307
7308,0.588937736856713,perceptual,EVC,dcrandom,ReLu7,0.3817701546274296,308
7309,0.44360824520979664,perceptual,EVC,dcrandom,ReLu7,0.3176412808293602,309
7310,0.3357769950183596,perceptual,EVC,dcrandom,ReLu7,0.23544657518942408,310
7311,0.4965024715767338,perceptual,EVC,dcrandom,ReLu7,0.2962677143108857,311
7312,0.5966409157373063,perceptual,EVC,dcrandom,ReLu7,0.4085219541552706,312
7313,0.48929340154891887,perceptual,EVC,dcrandom,ReLu7,0.36109768243842444,313
7314,0.4888599727491721,perceptual,EVC,dcrandom,ReLu7,0.33350569444853456,314
7315,0.5152622713878323,perceptual,EVC,dcrandom,ReLu7,0.291326947653584,315
7316,0.4856628645908133,perceptual,EVC,dcrandom,ReLu7,0.3055839221947615,316
7317,0.46497041485295554,perceptual,EVC,dcrandom,ReLu7,0.3785080598088012,317
7318,0.516007929061566,perceptual,EVC,dcrandom,ReLu7,0.3168402566931898,318
7319,0.43287315249164543,perceptual,EVC,dcrandom,ReLu7,0.2639791313675497,319
7320,0.4739308002723391,perceptual,EVC,dcrandom,ReLu7,0.3547963026833568,320
7321,0.41589933991634553,perceptual,EVC,dcrandom,ReLu7,0.31612241969686583,321
7322,0.40023839455604854,perceptual,EVC,dcrandom,ReLu7,0.2828046263742696,322
7323,0.49874909535698575,perceptual,EVC,dcrandom,ReLu7,0.24954449938501233,323
7324,0.39575587430564285,perceptual,EVC,dcrandom,ReLu7,0.2766116669131661,324
7325,0.5449736377885678,perceptual,EVC,dcrandom,ReLu7,0.3283190696910833,325
7326,0.38814806823985565,perceptual,EVC,dcrandom,ReLu7,0.21068195900878298,326
7327,0.5299945898809355,perceptual,EVC,dcrandom,ReLu7,0.328486630623391,327
7328,0.5806626215169167,perceptual,EVC,dcrandom,ReLu7,0.388609791297019,328
7329,0.5969910575685516,perceptual,EVC,dcrandom,ReLu7,0.39092144769476245,329
7330,0.3723728619673642,perceptual,EVC,dcrandom,ReLu7,0.26552751135883557,330
7331,0.39181771461365694,perceptual,EVC,dcrandom,ReLu7,0.2854451596106928,331
7332,0.5676656484539596,perceptual,EVC,dcrandom,ReLu7,0.36679477097047697,332
7333,0.439991513590049,perceptual,EVC,dcrandom,ReLu7,0.41027916479618615,333
7334,0.5484618404785769,perceptual,EVC,dcrandom,ReLu7,0.30147394495558283,334
7335,0.39217753608644096,perceptual,EVC,dcrandom,ReLu7,0.32441866655660295,335
7336,0.4729867750151834,perceptual,EVC,dcrandom,ReLu7,0.3898315695151731,336
7337,0.5319490192606208,perceptual,EVC,dcrandom,ReLu7,0.36052635552834394,337
7338,0.3606747956431785,perceptual,EVC,dcrandom,ReLu7,0.2881573251756529,338
7339,0.43399629513064625,perceptual,EVC,dcrandom,ReLu7,0.27942485147388396,339
7340,0.41254943050418164,perceptual,EVC,dcrandom,ReLu7,0.27406867686292824,340
7341,0.5285492195985344,perceptual,EVC,dcrandom,ReLu7,0.32944329980674686,341
7342,0.5091239400944204,perceptual,EVC,dcrandom,ReLu7,0.3530724390110804,342
7343,0.6661815277068892,perceptual,EVC,dcrandom,ReLu7,0.3185709323468877,343
7344,0.46656789071241644,perceptual,EVC,dcrandom,ReLu7,0.325483786230625,344
7345,0.43073592748580475,perceptual,EVC,dcrandom,ReLu7,0.21195957089990708,345
7346,0.4265283255236237,perceptual,EVC,dcrandom,ReLu7,0.30493646254005513,346
7347,0.45658549178274177,perceptual,EVC,dcrandom,ReLu7,0.34914871769481315,347
7348,0.49971382310371093,perceptual,EVC,dcrandom,ReLu7,0.3333207413654933,348
7349,0.3859820536745345,perceptual,EVC,dcrandom,ReLu7,0.33367435203096163,349
7350,0.37899927893590085,perceptual,EVC,dcrandom,ReLu7,0.20818180271909248,350
7351,0.3810491873025782,perceptual,EVC,dcrandom,ReLu7,0.27476847761841444,351
7352,0.5274220442459773,perceptual,EVC,dcrandom,ReLu7,0.32325471196554445,352
7353,0.46716416975034014,perceptual,EVC,dcrandom,ReLu7,0.30375890158616464,353
7354,0.34030308307727347,perceptual,EVC,dcrandom,ReLu7,0.27148511942146625,354
7355,0.48334344765797427,perceptual,EVC,dcrandom,ReLu7,0.2817359192239428,355
7356,0.5782815912543066,perceptual,EVC,dcrandom,ReLu7,0.3911654861025804,356
7357,0.40644786245682224,perceptual,EVC,dcrandom,ReLu7,0.27515726685401554,357
7358,0.4850054176841801,perceptual,EVC,dcrandom,ReLu7,0.308526876922252,358
7359,0.35039588092749374,perceptual,EVC,dcrandom,ReLu7,0.20349933338465478,359
7360,0.40130597988020367,perceptual,EVC,dcrandom,ReLu7,0.2595532833256717,360
7361,0.4370127475489503,perceptual,EVC,dcrandom,ReLu7,0.2572724937487912,361
7362,0.6367550436320127,perceptual,EVC,dcrandom,ReLu7,0.3439755376850554,362
7363,0.5232978141853368,perceptual,EVC,dcrandom,ReLu7,0.31310324510475496,363
7364,0.5640618562026866,perceptual,EVC,dcrandom,ReLu7,0.3427634729907575,364
7365,0.4085323010050457,perceptual,EVC,dcrandom,ReLu7,0.25144981672842737,365
7366,0.35369692707757644,perceptual,EVC,dcrandom,ReLu7,0.24897068937862826,366
7367,0.5264659547120966,perceptual,EVC,dcrandom,ReLu7,0.3911393229599688,367
7368,0.46581327276244117,perceptual,EVC,dcrandom,ReLu7,0.32514237874045626,368
7369,0.3972284792143929,perceptual,EVC,dcrandom,ReLu7,0.24303467176790589,369
7370,0.5037454254051663,perceptual,EVC,dcrandom,ReLu7,0.3620053925332358,370
7371,0.5235167245845278,perceptual,EVC,dcrandom,ReLu7,0.39495695305299955,371
7372,0.43392367695821854,perceptual,EVC,dcrandom,ReLu7,0.3256925156517256,372
7373,0.3732873206754705,perceptual,EVC,dcrandom,ReLu7,0.2936451973931891,373
7374,0.3606004975684882,perceptual,EVC,dcrandom,ReLu7,0.2114056666744829,374
7375,0.5090336228628889,perceptual,EVC,dcrandom,ReLu7,0.3102842052660655,375
7376,0.3488716154719534,perceptual,EVC,dcrandom,ReLu7,0.17150565461754252,376
7377,0.5148663162194014,perceptual,EVC,dcrandom,ReLu7,0.3723021209642285,377
7378,0.37513759231672295,perceptual,EVC,dcrandom,ReLu7,0.26503401468407195,378
7379,0.47768780488451623,perceptual,EVC,dcrandom,ReLu7,0.31977168205084905,379
7380,0.3535880677025126,perceptual,EVC,dcrandom,ReLu7,0.24210283015786155,380
7381,0.5314612903387904,perceptual,EVC,dcrandom,ReLu7,0.2914542344815023,381
7382,0.47966904810615785,perceptual,EVC,dcrandom,ReLu7,0.2840335548977227,382
7383,0.5847061955867973,perceptual,EVC,dcrandom,ReLu7,0.30081002484146985,383
7384,0.45018081739694993,perceptual,EVC,dcrandom,ReLu7,0.3650749924108151,384
7385,0.36185291840180656,perceptual,EVC,dcrandom,ReLu7,0.30568864939110196,385
7386,0.4953516140222323,perceptual,EVC,dcrandom,ReLu7,0.37177669227353116,386
7387,0.42643699964450815,perceptual,EVC,dcrandom,ReLu7,0.31821936760677016,387
7388,0.49748088722751116,perceptual,EVC,dcrandom,ReLu7,0.3164040809725431,388
7389,0.34532144312470325,perceptual,EVC,dcrandom,ReLu7,0.20058580471541032,389
7390,0.4891013579948911,perceptual,EVC,dcrandom,ReLu7,0.34409979574541283,390
7391,0.36747625038442877,perceptual,EVC,dcrandom,ReLu7,0.3311927823975861,391
7392,0.450452821460685,perceptual,EVC,dcrandom,ReLu7,0.3053469649743976,392
7393,0.5304521490606757,perceptual,EVC,dcrandom,ReLu7,0.36813490327996545,393
7394,0.3328079599476245,perceptual,EVC,dcrandom,ReLu7,0.2252700714792381,394
7395,0.3819186294247154,perceptual,EVC,dcrandom,ReLu7,0.2294116669555505,395
7396,0.48169022123909855,perceptual,EVC,dcrandom,ReLu7,0.4073751662923105,396
7397,0.4195607246473429,perceptual,EVC,dcrandom,ReLu7,0.28859868973455405,397
7398,0.420358961903289,perceptual,EVC,dcrandom,ReLu7,0.24804359033572454,398
7399,0.3966187780513525,perceptual,EVC,dcrandom,ReLu7,0.19957969564081263,399
7400,0.4157892330298444,perceptual,EVC,dcrandom,ReLu7,0.27497928793857296,400
7401,0.3197386499359429,perceptual,EVC,dcrandom,ReLu7,0.23563264712497634,401
7402,0.40498885264580325,perceptual,EVC,dcrandom,ReLu7,0.32816595463012155,402
7403,0.35369448389954644,perceptual,EVC,dcrandom,ReLu7,0.20817686756171233,403
7404,0.6063975021868486,perceptual,EVC,dcrandom,ReLu7,0.3334421070902918,404
7405,0.3972835833782995,perceptual,EVC,dcrandom,ReLu7,0.32129783596794326,405
7406,0.5126396271290835,perceptual,EVC,dcrandom,ReLu7,0.36092241357810606,406
7407,0.48703053207769265,perceptual,EVC,dcrandom,ReLu7,0.36051720138850507,407
7408,0.4215893225482758,perceptual,EVC,dcrandom,ReLu7,0.3629414937714355,408
7409,0.3832384423399773,perceptual,EVC,dcrandom,ReLu7,0.2677413206206743,409
7410,0.4344432038987918,perceptual,EVC,dcrandom,ReLu7,0.3189564915173928,410
7411,0.3887689899203454,perceptual,EVC,dcrandom,ReLu7,0.29496642408496304,411
7412,0.4049537302390225,perceptual,EVC,dcrandom,ReLu7,0.3045940319300309,412
7413,0.3211535911227332,perceptual,EVC,dcrandom,ReLu7,0.22113271997458667,413
7414,0.4835006885125184,perceptual,EVC,dcrandom,ReLu7,0.3949900551748717,414
7415,0.2967107645620183,perceptual,EVC,dcrandom,ReLu7,0.2188214239126791,415
7416,0.46530710675948134,perceptual,EVC,dcrandom,ReLu7,0.33947091723283296,416
7417,0.5963111907821538,perceptual,EVC,dcrandom,ReLu7,0.4117387152949974,417
7418,0.4698644837890483,perceptual,EVC,dcrandom,ReLu7,0.37773897507310283,418
7419,0.45647579817458594,perceptual,EVC,dcrandom,ReLu7,0.31760488280656485,419
7420,0.5436128026116904,perceptual,EVC,dcrandom,ReLu7,0.3804084614945652,420
7421,0.3813668572523439,perceptual,EVC,dcrandom,ReLu7,0.32629047871087374,421
7422,0.5636263124869708,perceptual,EVC,dcrandom,ReLu7,0.3826668947008913,422
7423,0.431058277007557,perceptual,EVC,dcrandom,ReLu7,0.3326966363694573,423
7424,0.3258606736272036,perceptual,EVC,dcrandom,ReLu7,0.1783537584984665,424
7425,0.37351823208217183,perceptual,EVC,dcrandom,ReLu7,0.27197531401206737,425
7426,0.5546628321348723,perceptual,EVC,dcrandom,ReLu7,0.3182777443266184,426
7427,0.4507930671776814,perceptual,EVC,dcrandom,ReLu7,0.3378132520489764,427
7428,0.5696567433674948,perceptual,EVC,dcrandom,ReLu7,0.31201764732359427,428
7429,0.43502647035049985,perceptual,EVC,dcrandom,ReLu7,0.29256775415597824,429
7430,0.469822508156688,perceptual,EVC,dcrandom,ReLu7,0.33985768969577945,430
7431,0.4573448051087951,perceptual,EVC,dcrandom,ReLu7,0.36936710074165313,431
7432,0.4974805386008681,perceptual,EVC,dcrandom,ReLu7,0.3872775933000403,432
7433,0.48686509840565195,perceptual,EVC,dcrandom,ReLu7,0.4074254401332803,433
7434,0.40181277150150524,perceptual,EVC,dcrandom,ReLu7,0.28141655290678347,434
7435,0.4288392350350337,perceptual,EVC,dcrandom,ReLu7,0.27099753826418904,435
7436,0.39729640618357426,perceptual,EVC,dcrandom,ReLu7,0.27396904061992106,436
7437,0.4641369623318075,perceptual,EVC,dcrandom,ReLu7,0.33799547844774264,437
7438,0.5751191297595455,perceptual,EVC,dcrandom,ReLu7,0.3825211877464697,438
7439,0.4043021971411418,perceptual,EVC,dcrandom,ReLu7,0.2598554441768489,439
7440,0.4612099084153668,perceptual,EVC,dcrandom,ReLu7,0.24524271873100967,440
7441,0.3936369202659598,perceptual,EVC,dcrandom,ReLu7,0.1927123351596196,441
7442,0.5993311259604953,perceptual,EVC,dcrandom,ReLu7,0.2989390191551362,442
7443,0.3311939941366252,perceptual,EVC,dcrandom,ReLu7,0.19229868807564554,443
7444,0.44269192160778076,perceptual,EVC,dcrandom,ReLu7,0.3584993975471814,444
7445,0.6309908113843306,perceptual,EVC,dcrandom,ReLu7,0.36736757472165726,445
7446,0.384373822399654,perceptual,EVC,dcrandom,ReLu7,0.2832733323651468,446
7447,0.3835128438955436,perceptual,EVC,dcrandom,ReLu7,0.29080517251836324,447
7448,0.46402338866471965,perceptual,EVC,dcrandom,ReLu7,0.2437949657070153,448
7449,0.3964431866677315,perceptual,EVC,dcrandom,ReLu7,0.3008723212814508,449
7450,0.36999644069614,perceptual,EVC,dcrandom,ReLu7,0.27704792601388806,450
7451,0.45712438610510403,perceptual,EVC,dcrandom,ReLu7,0.2793444401343412,451
7452,0.4549623492023285,perceptual,EVC,dcrandom,ReLu7,0.3410887414006249,452
7453,0.5938973898638478,perceptual,EVC,dcrandom,ReLu7,0.3819514130383316,453
7454,0.3976253462201164,perceptual,EVC,dcrandom,ReLu7,0.20612095896247873,454
7455,0.6171352608878522,perceptual,EVC,dcrandom,ReLu7,0.3477758199159995,455
7456,0.27306294651812935,perceptual,EVC,dcrandom,ReLu7,0.1788821511185393,456
7457,0.4110473443730155,perceptual,EVC,dcrandom,ReLu7,0.33550251247174667,457
7458,0.44272216647631935,perceptual,EVC,dcrandom,ReLu7,0.2998270739882336,458
7459,0.4051079418165148,perceptual,EVC,dcrandom,ReLu7,0.3020691975062109,459
7460,0.43546495463537493,perceptual,EVC,dcrandom,ReLu7,0.24924166332071473,460
7461,0.4171818698775346,perceptual,EVC,dcrandom,ReLu7,0.24215145244186442,461
7462,0.4817531775987433,perceptual,EVC,dcrandom,ReLu7,0.23705251395229407,462
7463,0.4391069670350096,perceptual,EVC,dcrandom,ReLu7,0.294115267780152,463
7464,0.40385690766616245,perceptual,EVC,dcrandom,ReLu7,0.27018784880514884,464
7465,0.41358915814478897,perceptual,EVC,dcrandom,ReLu7,0.2607178996309556,465
7466,0.4807857475365773,perceptual,EVC,dcrandom,ReLu7,0.3026145408335355,466
7467,0.5020105524214612,perceptual,EVC,dcrandom,ReLu7,0.41825943282109956,467
7468,0.503619055174802,perceptual,EVC,dcrandom,ReLu7,0.3107105587507901,468
7469,0.32762097574871724,perceptual,EVC,dcrandom,ReLu7,0.22567308560518395,469
7470,0.43817396854537255,perceptual,EVC,dcrandom,ReLu7,0.2766711658076456,470
7471,0.6356369361274083,perceptual,EVC,dcrandom,ReLu7,0.4315585109173644,471
7472,0.3151354411971842,perceptual,EVC,dcrandom,ReLu7,0.2266129016502098,472
7473,0.3655995068199163,perceptual,EVC,dcrandom,ReLu7,0.21764011939909456,473
7474,0.43615336120264053,perceptual,EVC,dcrandom,ReLu7,0.2881195986382985,474
7475,0.4927292617230352,perceptual,EVC,dcrandom,ReLu7,0.3628666301467005,475
7476,0.39801612080530674,perceptual,EVC,dcrandom,ReLu7,0.31245434155432905,476
7477,0.6404829288087619,perceptual,EVC,dcrandom,ReLu7,0.4026524722450956,477
7478,0.3732529230383767,perceptual,EVC,dcrandom,ReLu7,0.21791057367814926,478
7479,0.4299806508332508,perceptual,EVC,dcrandom,ReLu7,0.24295489219497227,479
7480,0.6226780983285014,perceptual,EVC,dcrandom,ReLu7,0.30154172235825255,480
7481,0.45472876808152185,perceptual,EVC,dcrandom,ReLu7,0.3310095143284869,481
7482,0.35111855176328227,perceptual,EVC,dcrandom,ReLu7,0.2690463905828352,482
7483,0.4474219085053094,perceptual,EVC,dcrandom,ReLu7,0.3248406969253087,483
7484,0.600905789861076,perceptual,EVC,dcrandom,ReLu7,0.40787950066349865,484
7485,0.486887145359194,perceptual,EVC,dcrandom,ReLu7,0.3317712242130049,485
7486,0.5276460972021465,perceptual,EVC,dcrandom,ReLu7,0.3786147399742068,486
7487,0.3875715398847068,perceptual,EVC,dcrandom,ReLu7,0.2887966780939587,487
7488,0.464073456362827,perceptual,EVC,dcrandom,ReLu7,0.33792689878184934,488
7489,0.3331925606073248,perceptual,EVC,dcrandom,ReLu7,0.2571436640971882,489
7490,0.6140798209768458,perceptual,EVC,dcrandom,ReLu7,0.36967501246814705,490
7491,0.3643997931621151,perceptual,EVC,dcrandom,ReLu7,0.2535939172232343,491
7492,0.4250957975269213,perceptual,EVC,dcrandom,ReLu7,0.34095237439750226,492
7493,0.44574560418323933,perceptual,EVC,dcrandom,ReLu7,0.3064059815935374,493
7494,0.38783480645664364,perceptual,EVC,dcrandom,ReLu7,0.2659751350440678,494
7495,0.5328790677417377,perceptual,EVC,dcrandom,ReLu7,0.3877450279083593,495
7496,0.638787889753827,perceptual,EVC,dcrandom,ReLu7,0.34440131443011224,496
7497,0.4158332465124493,perceptual,EVC,dcrandom,ReLu7,0.3462768745985279,497
7498,0.5265679258353901,perceptual,EVC,dcrandom,ReLu7,0.23951082744122754,498
7499,0.43531420491436845,perceptual,EVC,dcrandom,ReLu7,0.3241065570700109,499
7500,0.578088387354804,perceptual,EVC,dcrandom,ReLu7,0.33808851993286504,500
7501,0.3760646332814376,perceptual,EVC,dcrandom,ReLu7,0.26565618199978247,501
7502,0.5096645285347996,perceptual,EVC,dcrandom,ReLu7,0.3648876427780542,502
7503,0.44236390227335604,perceptual,EVC,dcrandom,ReLu7,0.2909947645669406,503
7504,0.391702757892982,perceptual,EVC,dcrandom,ReLu7,0.3471046458295752,504
7505,0.40074358833952645,perceptual,EVC,dcrandom,ReLu7,0.2347744551082507,505
7506,0.4428656049840959,perceptual,EVC,dcrandom,ReLu7,0.3716373367537063,506
7507,0.3024249697664144,perceptual,EVC,dcrandom,ReLu7,0.23754214712183952,507
7508,0.4173276605520082,perceptual,EVC,dcrandom,ReLu7,0.3106368378161709,508
7509,0.4815213714973486,perceptual,EVC,dcrandom,ReLu7,0.3128328180747555,509
7510,0.5052312641337656,perceptual,EVC,dcrandom,ReLu7,0.36803535308139845,510
7511,0.4058666910922199,perceptual,EVC,dcrandom,ReLu7,0.30750154277308267,511
7512,0.3394758414198384,perceptual,EVC,dcrandom,ReLu7,0.29148212082853414,512
7513,0.448627970661351,perceptual,EVC,dcrandom,ReLu7,0.30557707974783244,513
7514,0.455704765403188,perceptual,EVC,dcrandom,ReLu7,0.2969248314088442,514
7515,0.5579369382036148,perceptual,EVC,dcrandom,ReLu7,0.3166256379811079,515
7516,0.3832741159576838,perceptual,EVC,dcrandom,ReLu7,0.30189995194026326,516
7517,0.6337765500575565,perceptual,EVC,dcrandom,ReLu7,0.41320543824068573,517
7518,0.39789244227161014,perceptual,EVC,dcrandom,ReLu7,0.33092846392562525,518
7519,0.511584532944555,perceptual,EVC,dcrandom,ReLu7,0.2742718256751161,519
7520,0.4912907133751455,perceptual,EVC,dcrandom,ReLu7,0.3092458382103961,520
7521,0.47782063680521053,perceptual,EVC,dcrandom,ReLu7,0.2256769997435127,521
7522,0.4469184336318554,perceptual,EVC,dcrandom,ReLu7,0.33488002250261006,522
7523,0.4278271289432826,perceptual,EVC,dcrandom,ReLu7,0.2865492691806014,523
7524,0.42846423036375647,perceptual,EVC,dcrandom,ReLu7,0.35335375755917287,524
7525,0.35113926562711395,perceptual,EVC,dcrandom,ReLu7,0.20171960211637296,525
7526,0.4555799146030741,perceptual,EVC,dcrandom,ReLu7,0.3093986800412274,526
7527,0.5699578005153695,perceptual,EVC,dcrandom,ReLu7,0.33143703987902473,527
7528,0.558534863424367,perceptual,EVC,dcrandom,ReLu7,0.2791065212403684,528
7529,0.47241045279403526,perceptual,EVC,dcrandom,ReLu7,0.3450628105303697,529
7530,0.4659280972027572,perceptual,EVC,dcrandom,ReLu7,0.430605643106559,530
7531,0.592963907325166,perceptual,EVC,dcrandom,ReLu7,0.3111331889332716,531
7532,0.42111916826231083,perceptual,EVC,dcrandom,ReLu7,0.27261309976489756,532
7533,0.3831241146428083,perceptual,EVC,dcrandom,ReLu7,0.26535406017816604,533
7534,0.4848283033021246,perceptual,EVC,dcrandom,ReLu7,0.2835927899880796,534
7535,0.4286881667467462,perceptual,EVC,dcrandom,ReLu7,0.292440313803756,535
7536,0.5092219195760275,perceptual,EVC,dcrandom,ReLu7,0.28926651304080075,536
7537,0.4406748293438101,perceptual,EVC,dcrandom,ReLu7,0.27910340703784464,537
7538,0.4266150436446257,perceptual,EVC,dcrandom,ReLu7,0.3272269504027626,538
7539,0.4795390744261475,perceptual,EVC,dcrandom,ReLu7,0.2893366596404092,539
7540,0.5416247726761081,perceptual,EVC,dcrandom,ReLu7,0.31770070822757607,540
7541,0.6020747134752605,perceptual,EVC,dcrandom,ReLu7,0.3255218221260211,541
7542,0.49780656851638244,perceptual,EVC,dcrandom,ReLu7,0.2743865861649648,542
7543,0.44681012695302064,perceptual,EVC,dcrandom,ReLu7,0.290718213713122,543
7544,0.36897898730848866,perceptual,EVC,dcrandom,ReLu7,0.27047391170175683,544
7545,0.40060532238859325,perceptual,EVC,dcrandom,ReLu7,0.31460816489546184,545
7546,0.4661071367682657,perceptual,EVC,dcrandom,ReLu7,0.30660258288620035,546
7547,0.4695490771854026,perceptual,EVC,dcrandom,ReLu7,0.2760747362633385,547
7548,0.40195691579552195,perceptual,EVC,dcrandom,ReLu7,0.2877122212893341,548
7549,0.32114270128448574,perceptual,EVC,dcrandom,ReLu7,0.24571870656832132,549
7550,0.5215747702403315,perceptual,EVC,dcrandom,ReLu7,0.24522313435571358,550
7551,0.5327618121843541,perceptual,EVC,dcrandom,ReLu7,0.441387825395545,551
7552,0.43918261295399613,perceptual,EVC,dcrandom,ReLu7,0.27676503523641083,552
7553,0.4797655924394618,perceptual,EVC,dcrandom,ReLu7,0.36945151059985676,553
7554,0.3551744047499625,perceptual,EVC,dcrandom,ReLu7,0.23004128407711416,554
7555,0.41795360516430397,perceptual,EVC,dcrandom,ReLu7,0.30020925209223576,555
7556,0.4462051865375658,perceptual,EVC,dcrandom,ReLu7,0.32171441868342243,556
7557,0.5125126121175092,perceptual,EVC,dcrandom,ReLu7,0.3172565008048094,557
7558,0.47487904968556927,perceptual,EVC,dcrandom,ReLu7,0.3109929821988024,558
7559,0.353342326913363,perceptual,EVC,dcrandom,ReLu7,0.2732015958191969,559
7560,0.3981987876499436,perceptual,EVC,dcrandom,ReLu7,0.3162794713683977,560
7561,0.4383515032055686,perceptual,EVC,dcrandom,ReLu7,0.3146033800636794,561
7562,0.4603925820295669,perceptual,EVC,dcrandom,ReLu7,0.2866523027354732,562
7563,0.31083124760851943,perceptual,EVC,dcrandom,ReLu7,0.22830427391540137,563
7564,0.42244109128402624,perceptual,EVC,dcrandom,ReLu7,0.31431936278513833,564
7565,0.35382307431019433,perceptual,EVC,dcrandom,ReLu7,0.26118007014439837,565
7566,0.6819621784136128,perceptual,EVC,dcrandom,ReLu7,0.36209568397973174,566
7567,0.3958985365576313,perceptual,EVC,dcrandom,ReLu7,0.302051697876391,567
7568,0.3251627980920897,perceptual,EVC,dcrandom,ReLu7,0.214291074884,568
7569,0.4363753901027302,perceptual,EVC,dcrandom,ReLu7,0.2854797765622401,569
7570,0.4511196175720197,perceptual,EVC,dcrandom,ReLu7,0.2636823330360139,570
7571,0.43943410921734755,perceptual,EVC,dcrandom,ReLu7,0.28702130687645133,571
7572,0.4150398550314882,perceptual,EVC,dcrandom,ReLu7,0.28120543042230883,572
7573,0.35759330188472754,perceptual,EVC,dcrandom,ReLu7,0.23983859336997293,573
7574,0.7969023792938053,perceptual,EVC,dcrandom,ReLu7,0.3628724209879854,574
7575,0.3370180515863471,perceptual,EVC,dcrandom,ReLu7,0.256427800293316,575
7576,0.4182468981937649,perceptual,EVC,dcrandom,ReLu7,0.2580585634601195,576
7577,0.42269214698558905,perceptual,EVC,dcrandom,ReLu7,0.2984770992168033,577
7578,0.45196205261740646,perceptual,EVC,dcrandom,ReLu7,0.33517061188413355,578
7579,0.5040549813483373,perceptual,EVC,dcrandom,ReLu7,0.38426989744433215,579
7580,0.482159089395139,perceptual,EVC,dcrandom,ReLu7,0.32669924962781516,580
7581,0.46300970125345514,perceptual,EVC,dcrandom,ReLu7,0.32227508505988695,581
7582,0.45946659459200667,perceptual,EVC,dcrandom,ReLu7,0.33028593669044515,582
7583,0.4451989901640315,perceptual,EVC,dcrandom,ReLu7,0.2904929039704723,583
7584,0.45106677234558984,perceptual,EVC,dcrandom,ReLu7,0.31592631931692466,584
7585,0.4160377474065367,perceptual,EVC,dcrandom,ReLu7,0.2710322132687434,585
7586,0.542644543645447,perceptual,EVC,dcrandom,ReLu7,0.3512364726596307,586
7587,0.3914204907557512,perceptual,EVC,dcrandom,ReLu7,0.24850762817965155,587
7588,0.5107253407320018,perceptual,EVC,dcrandom,ReLu7,0.3373971412530772,588
7589,0.5420403634514422,perceptual,EVC,dcrandom,ReLu7,0.4001936944808684,589
7590,0.41746550287520967,perceptual,EVC,dcrandom,ReLu7,0.28530742432948936,590
7591,0.49194989888158946,perceptual,EVC,dcrandom,ReLu7,0.32691977471920375,591
7592,0.3853718949284824,perceptual,EVC,dcrandom,ReLu7,0.3193862719937691,592
7593,0.48044421288151173,perceptual,EVC,dcrandom,ReLu7,0.2951230581470422,593
7594,0.5781532061558068,perceptual,EVC,dcrandom,ReLu7,0.3899004949864917,594
7595,0.5432573495070316,perceptual,EVC,dcrandom,ReLu7,0.34965773885249235,595
7596,0.44122317659739474,perceptual,EVC,dcrandom,ReLu7,0.30285248705002904,596
7597,0.4935589307022365,perceptual,EVC,dcrandom,ReLu7,0.3505936149113834,597
7598,0.42928987910055166,perceptual,EVC,dcrandom,ReLu7,0.3334988048238676,598
7599,0.5378991391839669,perceptual,EVC,dcrandom,ReLu7,0.2543556748324803,599
7600,0.565281965315928,perceptual,EVC,dcrandom,ReLu7,0.3748226061671577,600
7601,0.5584059535477836,perceptual,EVC,dcrandom,ReLu7,0.31374233358557013,601
7602,0.3349965465240322,perceptual,EVC,dcrandom,ReLu7,0.22473592475472248,602
7603,0.48057801837842884,perceptual,EVC,dcrandom,ReLu7,0.3117926503170584,603
7604,0.2761051809624414,perceptual,EVC,dcrandom,ReLu7,0.1640039757080542,604
7605,0.4614978509875639,perceptual,EVC,dcrandom,ReLu7,0.2508843649303879,605
7606,0.33707089053104683,perceptual,EVC,dcrandom,ReLu7,0.21321061898060603,606
7607,0.41461762541798614,perceptual,EVC,dcrandom,ReLu7,0.2182249031047638,607
7608,0.38111802245536497,perceptual,EVC,dcrandom,ReLu7,0.2940204901958844,608
7609,0.4166639164586285,perceptual,EVC,dcrandom,ReLu7,0.32747133750489,609
7610,0.38411038713230083,perceptual,EVC,dcrandom,ReLu7,0.2839055820018617,610
7611,0.5684358185632741,perceptual,EVC,dcrandom,ReLu7,0.3615114732355803,611
7612,0.42903908585439704,perceptual,EVC,dcrandom,ReLu7,0.21225699717308127,612
7613,0.5544641982047066,perceptual,EVC,dcrandom,ReLu7,0.380735216743056,613
7614,0.4071835244713504,perceptual,EVC,dcrandom,ReLu7,0.26455720304759156,614
7615,0.445736094545441,perceptual,EVC,dcrandom,ReLu7,0.3366244878810957,615
7616,0.3988076744730639,perceptual,EVC,dcrandom,ReLu7,0.2763986520958894,616
7617,0.5162353690536451,perceptual,EVC,dcrandom,ReLu7,0.2783892354482674,617
7618,0.5268227228438548,perceptual,EVC,dcrandom,ReLu7,0.2991499840493018,618
7619,0.4956334571106758,perceptual,EVC,dcrandom,ReLu7,0.37413336238565,619
7620,0.39692353109165973,perceptual,EVC,dcrandom,ReLu7,0.2743420347873028,620
7621,0.25333452985671884,perceptual,EVC,dcrandom,ReLu7,0.18064893906296536,621
7622,0.4001071520679018,perceptual,EVC,dcrandom,ReLu7,0.32513745818984835,622
7623,0.4671440911179107,perceptual,EVC,dcrandom,ReLu7,0.336725349305542,623
7624,0.5118502200906696,perceptual,EVC,dcrandom,ReLu7,0.3241933300665345,624
7625,0.37784181640937853,perceptual,EVC,dcrandom,ReLu7,0.24818384698059243,625
7626,0.6009519970021794,perceptual,EVC,dcrandom,ReLu7,0.39516883646041256,626
7627,0.47574010158121294,perceptual,EVC,dcrandom,ReLu7,0.34791232424633756,627
7628,0.4143921616600098,perceptual,EVC,dcrandom,ReLu7,0.263048106281164,628
7629,0.41524616403008585,perceptual,EVC,dcrandom,ReLu7,0.33395483189244524,629
7630,0.3322695482280181,perceptual,EVC,dcrandom,ReLu7,0.17189517860303813,630
7631,0.4281659582648886,perceptual,EVC,dcrandom,ReLu7,0.29636838744726945,631
7632,0.4553786354191061,perceptual,EVC,dcrandom,ReLu7,0.33265721069629123,632
7633,0.4105314690342261,perceptual,EVC,dcrandom,ReLu7,0.30651762538381555,633
7634,0.3734095533448562,perceptual,EVC,dcrandom,ReLu7,0.28621008618345023,634
7635,0.45120310434261257,perceptual,EVC,dcrandom,ReLu7,0.28287842595620705,635
7636,0.4231906313038034,perceptual,EVC,dcrandom,ReLu7,0.2582935460033709,636
7637,0.4492208311734009,perceptual,EVC,dcrandom,ReLu7,0.3281755437124121,637
7638,0.44387834962315287,perceptual,EVC,dcrandom,ReLu7,0.35014116591496475,638
7639,0.5359090550424973,perceptual,EVC,dcrandom,ReLu7,0.3917297523522948,639
7640,0.5297772096675607,perceptual,EVC,dcrandom,ReLu7,0.3861233458694413,640
7641,0.5395579562937306,perceptual,EVC,dcrandom,ReLu7,0.3611995010360093,641
7642,0.40491355214498503,perceptual,EVC,dcrandom,ReLu7,0.33030691818549435,642
7643,0.42603666614037894,perceptual,EVC,dcrandom,ReLu7,0.3823878990476487,643
7644,0.350468378950424,perceptual,EVC,dcrandom,ReLu7,0.2747367686899574,644
7645,0.4002221901217278,perceptual,EVC,dcrandom,ReLu7,0.26959038799032964,645
7646,0.3924015762129761,perceptual,EVC,dcrandom,ReLu7,0.2678240675142664,646
7647,0.38546803370240595,perceptual,EVC,dcrandom,ReLu7,0.2789007580780611,647
7648,0.4982963992708314,perceptual,EVC,dcrandom,ReLu7,0.33142372372202145,648
7649,0.4398880446315506,perceptual,EVC,dcrandom,ReLu7,0.3276241253178018,649
7650,0.4666092986649369,perceptual,EVC,dcrandom,ReLu7,0.351692547504995,650
7651,0.3668402791282436,perceptual,EVC,dcrandom,ReLu7,0.2834909549323663,651
7652,0.3715993993318613,perceptual,EVC,dcrandom,ReLu7,0.28274285187339426,652
7653,0.3715910601655688,perceptual,EVC,dcrandom,ReLu7,0.23279009376423632,653
7654,0.4123134498005087,perceptual,EVC,dcrandom,ReLu7,0.28174550650547936,654
7655,0.5077049701407292,perceptual,EVC,dcrandom,ReLu7,0.364730136125623,655
7656,0.4034239275967476,perceptual,EVC,dcrandom,ReLu7,0.28579800000030775,656
7657,0.586877956649137,perceptual,EVC,dcrandom,ReLu7,0.32786485714606695,657
7658,0.5153076446494823,perceptual,EVC,dcrandom,ReLu7,0.36185786591577884,658
7659,0.4506006919455064,perceptual,EVC,dcrandom,ReLu7,0.37901094904469257,659
7660,0.48051594372265743,perceptual,EVC,dcrandom,ReLu7,0.3409731347398265,660
7661,0.49092730343109664,perceptual,EVC,dcrandom,ReLu7,0.2855801430657232,661
7662,0.3842204529465281,perceptual,EVC,dcrandom,ReLu7,0.30634699011908106,662
7663,0.3487237341481448,perceptual,EVC,dcrandom,ReLu7,0.24632420432615726,663
7664,0.3782682168363421,perceptual,EVC,dcrandom,ReLu7,0.29124110754369575,664
7665,0.4598519116244076,perceptual,EVC,dcrandom,ReLu7,0.267697311618063,665
7666,0.37897651957673234,perceptual,EVC,dcrandom,ReLu7,0.25296513526970127,666
7667,0.2830555672991617,perceptual,EVC,dcrandom,ReLu7,0.19978939063269804,667
7668,0.5662595681560189,perceptual,EVC,dcrandom,ReLu7,0.34192065759028883,668
7669,0.4940826806906736,perceptual,EVC,dcrandom,ReLu7,0.314881906851912,669
7670,0.42458832083594145,perceptual,EVC,dcrandom,ReLu7,0.264195546050189,670
7671,0.39162918567008315,perceptual,EVC,dcrandom,ReLu7,0.2544801582732313,671
7672,0.393039342879978,perceptual,EVC,dcrandom,ReLu7,0.22255342692850255,672
7673,0.39751854152575117,perceptual,EVC,dcrandom,ReLu7,0.21522467834479514,673
7674,0.5134673145759221,perceptual,EVC,dcrandom,ReLu7,0.2825222928399524,674
7675,0.48005259530837896,perceptual,EVC,dcrandom,ReLu7,0.3089525504457561,675
7676,0.5205685001405248,perceptual,EVC,dcrandom,ReLu7,0.35081747589914414,676
7677,0.4463657603785019,perceptual,EVC,dcrandom,ReLu7,0.3524686686671556,677
7678,0.28883280963735775,perceptual,EVC,dcrandom,ReLu7,0.1974680407019761,678
7679,0.4394390998479909,perceptual,EVC,dcrandom,ReLu7,0.29290452687328805,679
7680,0.523119581254873,perceptual,EVC,dcrandom,ReLu7,0.3159266412713764,680
7681,0.3243610318086074,perceptual,EVC,dcrandom,ReLu7,0.25606607677140414,681
7682,0.47773535507097853,perceptual,EVC,dcrandom,ReLu7,0.36456183088810623,682
7683,0.462665887278605,perceptual,EVC,dcrandom,ReLu7,0.33992006359101046,683
7684,0.467862128989539,perceptual,EVC,dcrandom,ReLu7,0.3406454236209525,684
7685,0.4150705363859789,perceptual,EVC,dcrandom,ReLu7,0.3626665805054205,685
7686,0.41597068310543056,perceptual,EVC,dcrandom,ReLu7,0.32913361860450996,686
7687,0.4737889684607426,perceptual,EVC,dcrandom,ReLu7,0.3108352590441351,687
7688,0.5143732801621841,perceptual,EVC,dcrandom,ReLu7,0.2681535213822134,688
7689,0.41477517811664105,perceptual,EVC,dcrandom,ReLu7,0.3359553047047519,689
7690,0.44228386873951603,perceptual,EVC,dcrandom,ReLu7,0.38304653205958494,690
7691,0.5761128845724047,perceptual,EVC,dcrandom,ReLu7,0.36089065278367227,691
7692,0.6023281094983585,perceptual,EVC,dcrandom,ReLu7,0.3554337829126027,692
7693,0.5171286852443852,perceptual,EVC,dcrandom,ReLu7,0.277891933448955,693
7694,0.5412072589443125,perceptual,EVC,dcrandom,ReLu7,0.3840486445521294,694
7695,0.48656595647658457,perceptual,EVC,dcrandom,ReLu7,0.4071125228766613,695
7696,0.4394780981122092,perceptual,EVC,dcrandom,ReLu7,0.3452136080604362,696
7697,0.30758546546613547,perceptual,EVC,dcrandom,ReLu7,0.2593788364551721,697
7698,0.44464149927600033,perceptual,EVC,dcrandom,ReLu7,0.3465480490789179,698
7699,0.4414814164551836,perceptual,EVC,dcrandom,ReLu7,0.3740032434825227,699
7700,0.38148736363022034,perceptual,EVC,dcrandom,ReLu7,0.29771969410746885,700
7701,0.4199402648374442,perceptual,EVC,dcrandom,ReLu7,0.2875968022529797,701
7702,0.5701117328840989,perceptual,EVC,dcrandom,ReLu7,0.34717781178581025,702
7703,0.4984377400420733,perceptual,EVC,dcrandom,ReLu7,0.33280991212225214,703
7704,0.46404776020561106,perceptual,EVC,dcrandom,ReLu7,0.27701340001680747,704
7705,0.4373061811873901,perceptual,EVC,dcrandom,ReLu7,0.3342574544082348,705
7706,0.3974846514380501,perceptual,EVC,dcrandom,ReLu7,0.23331866614565225,706
7707,0.5504690604762195,perceptual,EVC,dcrandom,ReLu7,0.3498772207834795,707
7708,0.44798006121721806,perceptual,EVC,dcrandom,ReLu7,0.319855046262153,708
7709,0.4118316280953351,perceptual,EVC,dcrandom,ReLu7,0.2623564522279212,709
7710,0.47971080170252905,perceptual,EVC,dcrandom,ReLu7,0.2992317452925311,710
7711,0.40419454004834987,perceptual,EVC,dcrandom,ReLu7,0.31956939694592623,711
7712,0.447577265633334,perceptual,EVC,dcrandom,ReLu7,0.2930384278377102,712
7713,0.4752151348757953,perceptual,EVC,dcrandom,ReLu7,0.3610328370911605,713
7714,0.6537219791438246,perceptual,EVC,dcrandom,ReLu7,0.30735832089356596,714
7715,0.4066553358505019,perceptual,EVC,dcrandom,ReLu7,0.3080272339254124,715
7716,0.5033246356755383,perceptual,EVC,dcrandom,ReLu7,0.361299162972945,716
7717,0.34677975415733164,perceptual,EVC,dcrandom,ReLu7,0.2641563482901725,717
7718,0.4880466170193407,perceptual,EVC,dcrandom,ReLu7,0.2982866649174554,718
7719,0.5326454334352646,perceptual,EVC,dcrandom,ReLu7,0.2877120541801045,719
7720,0.4242457029543585,perceptual,EVC,dcrandom,ReLu7,0.34282593554872703,720
7721,0.45824014589388257,perceptual,EVC,dcrandom,ReLu7,0.315603812365885,721
7722,0.41072491316271864,perceptual,EVC,dcrandom,ReLu7,0.3293081537792824,722
7723,0.4410396316810244,perceptual,EVC,dcrandom,ReLu7,0.34295643153424404,723
7724,0.4228973388498218,perceptual,EVC,dcrandom,ReLu7,0.3104071362708155,724
7725,0.362940965306499,perceptual,EVC,dcrandom,ReLu7,0.3068042056386005,725
7726,0.47294032886564313,perceptual,EVC,dcrandom,ReLu7,0.28112731078443304,726
7727,0.3680310798710468,perceptual,EVC,dcrandom,ReLu7,0.306232980896915,727
7728,0.5548852794927526,perceptual,EVC,dcrandom,ReLu7,0.3149736254263026,728
7729,0.6480241260834466,perceptual,EVC,dcrandom,ReLu7,0.41327603081733216,729
7730,0.3724265743110141,perceptual,EVC,dcrandom,ReLu7,0.23759251721353533,730
7731,0.3716628196177705,perceptual,EVC,dcrandom,ReLu7,0.27319128492767086,731
7732,0.35987965686870826,perceptual,EVC,dcrandom,ReLu7,0.2776818197032085,732
7733,0.43962734021919453,perceptual,EVC,dcrandom,ReLu7,0.2376191437032801,733
7734,0.5697597909850772,perceptual,EVC,dcrandom,ReLu7,0.3120347733014744,734
7735,0.3933854785351208,perceptual,EVC,dcrandom,ReLu7,0.24548789502486462,735
7736,0.41961497704858053,perceptual,EVC,dcrandom,ReLu7,0.34332107420308183,736
7737,0.4813509627008308,perceptual,EVC,dcrandom,ReLu7,0.3727534247325695,737
7738,0.47055960921430007,perceptual,EVC,dcrandom,ReLu7,0.333880166542365,738
7739,0.35965215224567776,perceptual,EVC,dcrandom,ReLu7,0.30125057817274437,739
7740,0.4981190083237039,perceptual,EVC,dcrandom,ReLu7,0.3408303530619462,740
7741,0.5111160369934051,perceptual,EVC,dcrandom,ReLu7,0.3700419434760067,741
7742,0.43201144718183127,perceptual,EVC,dcrandom,ReLu7,0.3070702345116715,742
7743,0.3223642902795735,perceptual,EVC,dcrandom,ReLu7,0.25707420886689797,743
7744,0.4171097391484233,perceptual,EVC,dcrandom,ReLu7,0.24406761905825441,744
7745,0.4151101905278319,perceptual,EVC,dcrandom,ReLu7,0.24507947055735718,745
7746,0.3717185711782478,perceptual,EVC,dcrandom,ReLu7,0.24575368744654308,746
7747,0.3998425928127564,perceptual,EVC,dcrandom,ReLu7,0.32081926519794535,747
7748,0.6145989027099867,perceptual,EVC,dcrandom,ReLu7,0.37506368321406813,748
7749,0.4556079325095793,perceptual,EVC,dcrandom,ReLu7,0.2966918752818468,749
7750,0.4930731273522714,perceptual,EVC,dcrandom,ReLu7,0.3381363733731629,750
7751,0.36653281916860897,perceptual,EVC,dcrandom,ReLu7,0.2706484804317362,751
7752,0.37826441368517005,perceptual,EVC,dcrandom,ReLu7,0.27454959210857893,752
7753,0.32096354687677514,perceptual,EVC,dcrandom,ReLu7,0.250159855562738,753
7754,0.3932614776683364,perceptual,EVC,dcrandom,ReLu7,0.28306257361937426,754
7755,0.4608150932871682,perceptual,EVC,dcrandom,ReLu7,0.28846137009408745,755
7756,0.40455988231727247,perceptual,EVC,dcrandom,ReLu7,0.3385476704188872,756
7757,0.43655443650525755,perceptual,EVC,dcrandom,ReLu7,0.3525341594139505,757
7758,0.4014145580693583,perceptual,EVC,dcrandom,ReLu7,0.2894649814702313,758
7759,0.4626140366092833,perceptual,EVC,dcrandom,ReLu7,0.29121625641900073,759
7760,0.4129416050410602,perceptual,EVC,dcrandom,ReLu7,0.2776172075433542,760
7761,0.4768719974327213,perceptual,EVC,dcrandom,ReLu7,0.33968473862596427,761
7762,0.43800230299822224,perceptual,EVC,dcrandom,ReLu7,0.32484739790237516,762
7763,0.5059269861966914,perceptual,EVC,dcrandom,ReLu7,0.34087487395852534,763
7764,0.34149095459771217,perceptual,EVC,dcrandom,ReLu7,0.20961473307281742,764
7765,0.5249507828521682,perceptual,EVC,dcrandom,ReLu7,0.32258337857558483,765
7766,0.5331089224986649,perceptual,EVC,dcrandom,ReLu7,0.36797815747037077,766
7767,0.4244082607128743,perceptual,EVC,dcrandom,ReLu7,0.2396542100143085,767
7768,0.42625011125454076,perceptual,EVC,dcrandom,ReLu7,0.23773596543735726,768
7769,0.4563196437732362,perceptual,EVC,dcrandom,ReLu7,0.28888963880259344,769
7770,0.5659025864961977,perceptual,EVC,dcrandom,ReLu7,0.37276154864716976,770
7771,0.45736810112018556,perceptual,EVC,dcrandom,ReLu7,0.33643388653785156,771
7772,0.3305922178200068,perceptual,EVC,dcrandom,ReLu7,0.20794358185699463,772
7773,0.4081781453008054,perceptual,EVC,dcrandom,ReLu7,0.2555578183628005,773
7774,0.4763409683350271,perceptual,EVC,dcrandom,ReLu7,0.2833856080894249,774
7775,0.5642566280725114,perceptual,EVC,dcrandom,ReLu7,0.410946933329738,775
7776,0.4982371449910303,perceptual,EVC,dcrandom,ReLu7,0.3471022309529727,776
7777,0.4971370312655421,perceptual,EVC,dcrandom,ReLu7,0.28593607538993715,777
7778,0.4271444664599126,perceptual,EVC,dcrandom,ReLu7,0.3082957568067782,778
7779,0.5149503910112104,perceptual,EVC,dcrandom,ReLu7,0.4182953242268396,779
7780,0.48359845520682326,perceptual,EVC,dcrandom,ReLu7,0.24666665059721,780
7781,0.3982871173142128,perceptual,EVC,dcrandom,ReLu7,0.28377052279809717,781
7782,0.4811762051515337,perceptual,EVC,dcrandom,ReLu7,0.36499918952236465,782
7783,0.38524805874931156,perceptual,EVC,dcrandom,ReLu7,0.3423235065907,783
7784,0.49545161773317914,perceptual,EVC,dcrandom,ReLu7,0.42405257493816034,784
7785,0.35670913882127764,perceptual,EVC,dcrandom,ReLu7,0.22869934333939718,785
7786,0.5271074612915889,perceptual,EVC,dcrandom,ReLu7,0.3576947299317769,786
7787,0.35847790306120403,perceptual,EVC,dcrandom,ReLu7,0.26265661533005447,787
7788,0.38910551859030934,perceptual,EVC,dcrandom,ReLu7,0.3140831680675129,788
7789,0.5585336828467558,perceptual,EVC,dcrandom,ReLu7,0.3052499256987506,789
7790,0.33694442149480885,perceptual,EVC,dcrandom,ReLu7,0.2861719973429704,790
7791,0.34750733750978163,perceptual,EVC,dcrandom,ReLu7,0.26943571881499695,791
7792,0.42529929116375254,perceptual,EVC,dcrandom,ReLu7,0.3379070464239065,792
7793,0.36633199913176195,perceptual,EVC,dcrandom,ReLu7,0.2716833528637056,793
7794,0.3310452723820713,perceptual,EVC,dcrandom,ReLu7,0.24492725779947816,794
7795,0.4042019516091335,perceptual,EVC,dcrandom,ReLu7,0.2655729774720481,795
7796,0.3813495644253483,perceptual,EVC,dcrandom,ReLu7,0.23770954551192702,796
7797,0.5364250009111681,perceptual,EVC,dcrandom,ReLu7,0.32806657837399533,797
7798,0.463012637583662,perceptual,EVC,dcrandom,ReLu7,0.33434152732080236,798
7799,0.5823843220401607,perceptual,EVC,dcrandom,ReLu7,0.41960264724328056,799
7800,0.6294019972740527,perceptual,EVC,dcrandom,ReLu7,0.426668131171902,800
7801,0.42857811702493226,perceptual,EVC,dcrandom,ReLu7,0.3424669344675086,801
7802,0.4591301357832704,perceptual,EVC,dcrandom,ReLu7,0.34049494823889404,802
7803,0.5512732538742902,perceptual,EVC,dcrandom,ReLu7,0.3692100908423165,803
7804,0.3662729183937984,perceptual,EVC,dcrandom,ReLu7,0.29294540568620137,804
7805,0.4579252576323204,perceptual,EVC,dcrandom,ReLu7,0.31452255205483104,805
7806,0.3572428293479212,perceptual,EVC,dcrandom,ReLu7,0.27946079894058706,806
7807,0.44234256158846236,perceptual,EVC,dcrandom,ReLu7,0.3172260293817507,807
7808,0.6031909405205457,perceptual,EVC,dcrandom,ReLu7,0.3587180886951341,808
7809,0.3550934096688163,perceptual,EVC,dcrandom,ReLu7,0.2631438270806876,809
7810,0.5072608323336294,perceptual,EVC,dcrandom,ReLu7,0.3508600568275957,810
7811,0.34642509217949213,perceptual,EVC,dcrandom,ReLu7,0.2159982309833171,811
7812,0.3799972843876275,perceptual,EVC,dcrandom,ReLu7,0.2834617823048354,812
7813,0.45731843429115926,perceptual,EVC,dcrandom,ReLu7,0.3292598492406078,813
7814,0.5496758479351672,perceptual,EVC,dcrandom,ReLu7,0.3563138181974849,814
7815,0.39407563038527954,perceptual,EVC,dcrandom,ReLu7,0.2577130461894839,815
7816,0.4151459731699724,perceptual,EVC,dcrandom,ReLu7,0.2272693768895926,816
7817,0.37983250588675993,perceptual,EVC,dcrandom,ReLu7,0.23476559123329974,817
7818,0.3955225006615118,perceptual,EVC,dcrandom,ReLu7,0.30582033928213526,818
7819,0.5925874330981508,perceptual,EVC,dcrandom,ReLu7,0.36514498450000843,819
7820,0.5277112814305842,perceptual,EVC,dcrandom,ReLu7,0.3257097078612964,820
7821,0.4002665939313561,perceptual,EVC,dcrandom,ReLu7,0.2697095772735177,821
7822,0.4458219022669153,perceptual,EVC,dcrandom,ReLu7,0.2833582053163571,822
7823,0.45732161190057385,perceptual,EVC,dcrandom,ReLu7,0.31824198448858426,823
7824,0.38082427308928846,perceptual,EVC,dcrandom,ReLu7,0.23152072494719336,824
7825,0.4907450491154867,perceptual,EVC,dcrandom,ReLu7,0.24680024236288153,825
7826,0.4027221352987232,perceptual,EVC,dcrandom,ReLu7,0.26081942729428254,826
7827,0.4680163076632268,perceptual,EVC,dcrandom,ReLu7,0.33376071822201603,827
7828,0.582438682632569,perceptual,EVC,dcrandom,ReLu7,0.41204113163453343,828
7829,0.6678931437798787,perceptual,EVC,dcrandom,ReLu7,0.34131208723508233,829
7830,0.6088355230555794,perceptual,EVC,dcrandom,ReLu7,0.36460513621347557,830
7831,0.5529253584893611,perceptual,EVC,dcrandom,ReLu7,0.40227350404868534,831
7832,0.40162100273818346,perceptual,EVC,dcrandom,ReLu7,0.27819017049708955,832
7833,0.4372261570286804,perceptual,EVC,dcrandom,ReLu7,0.27756639743030626,833
7834,0.36270613561991694,perceptual,EVC,dcrandom,ReLu7,0.25372133134834346,834
7835,0.39747196789690514,perceptual,EVC,dcrandom,ReLu7,0.27856114503556423,835
7836,0.4045198352186077,perceptual,EVC,dcrandom,ReLu7,0.2944582412262472,836
7837,0.4937202622907615,perceptual,EVC,dcrandom,ReLu7,0.2394805885519663,837
7838,0.4766079639055812,perceptual,EVC,dcrandom,ReLu7,0.31869984974563603,838
7839,0.5269649413892927,perceptual,EVC,dcrandom,ReLu7,0.3414074453164226,839
7840,0.41942307931217676,perceptual,EVC,dcrandom,ReLu7,0.2858496566723878,840
7841,0.38234975354098183,perceptual,EVC,dcrandom,ReLu7,0.2592642763253783,841
7842,0.49786666049795236,perceptual,EVC,dcrandom,ReLu7,0.40512521543250946,842
7843,0.6371834847318578,perceptual,EVC,dcrandom,ReLu7,0.3534190674533702,843
7844,0.4210736428852535,perceptual,EVC,dcrandom,ReLu7,0.2411528152775297,844
7845,0.6091382834600552,perceptual,EVC,dcrandom,ReLu7,0.3098829814626599,845
7846,0.35585347577631465,perceptual,EVC,dcrandom,ReLu7,0.26652044636184263,846
7847,0.44012468652218006,perceptual,EVC,dcrandom,ReLu7,0.35201099299589395,847
7848,0.4542041599092671,perceptual,EVC,dcrandom,ReLu7,0.2552022332166616,848
7849,0.3800507421651915,perceptual,EVC,dcrandom,ReLu7,0.24567696592998625,849
7850,0.5795288382799549,perceptual,EVC,dcrandom,ReLu7,0.371425596235137,850
7851,0.5022360907994974,perceptual,EVC,dcrandom,ReLu7,0.32162255462060885,851
7852,0.4453465430384745,perceptual,EVC,dcrandom,ReLu7,0.34613274715733505,852
7853,0.43721958329350835,perceptual,EVC,dcrandom,ReLu7,0.29252805971261453,853
7854,0.35610982843477257,perceptual,EVC,dcrandom,ReLu7,0.2847974193493714,854
7855,0.5171567673578777,perceptual,EVC,dcrandom,ReLu7,0.24722598363645912,855
7856,0.5030676355939007,perceptual,EVC,dcrandom,ReLu7,0.2843519355454934,856
7857,0.4513696967913541,perceptual,EVC,dcrandom,ReLu7,0.3323063984954141,857
7858,0.4325295105465325,perceptual,EVC,dcrandom,ReLu7,0.3773175210255727,858
7859,0.5236275171148829,perceptual,EVC,dcrandom,ReLu7,0.3606880284620272,859
7860,0.48007216488518817,perceptual,EVC,dcrandom,ReLu7,0.3385850660184384,860
7861,0.49020090898393115,perceptual,EVC,dcrandom,ReLu7,0.3730514535766315,861
7862,0.4521740225270709,perceptual,EVC,dcrandom,ReLu7,0.46378659369040875,862
7863,0.2834352876771069,perceptual,EVC,dcrandom,ReLu7,0.15832764056966347,863
7864,0.35852053537304157,perceptual,EVC,dcrandom,ReLu7,0.2535184365601409,864
7865,0.4917429105766312,perceptual,EVC,dcrandom,ReLu7,0.3335083930232791,865
7866,0.35255453150761407,perceptual,EVC,dcrandom,ReLu7,0.2780351293189452,866
7867,0.38981399690536056,perceptual,EVC,dcrandom,ReLu7,0.29056555194685574,867
7868,0.38807134628138684,perceptual,EVC,dcrandom,ReLu7,0.2854590425689575,868
7869,0.49368939047796595,perceptual,EVC,dcrandom,ReLu7,0.3379787234158093,869
7870,0.36781538013575354,perceptual,EVC,dcrandom,ReLu7,0.246731164683069,870
7871,0.3654881906294394,perceptual,EVC,dcrandom,ReLu7,0.21765521510568228,871
7872,0.40030339758867456,perceptual,EVC,dcrandom,ReLu7,0.31671005601409974,872
7873,0.26669756004093587,perceptual,EVC,dcrandom,ReLu7,0.15774939218625267,873
7874,0.32677531678209065,perceptual,EVC,dcrandom,ReLu7,0.24841165065458087,874
7875,0.3915332481337801,perceptual,EVC,dcrandom,ReLu7,0.20996803127807073,875
7876,0.3712900383698803,perceptual,EVC,dcrandom,ReLu7,0.32977557094025006,876
7877,0.5148904615138122,perceptual,EVC,dcrandom,ReLu7,0.29788021899112493,877
7878,0.39590820012824013,perceptual,EVC,dcrandom,ReLu7,0.35287544043814034,878
7879,0.47527768817624,perceptual,EVC,dcrandom,ReLu7,0.3516113849279203,879
7880,0.4830061833069211,perceptual,EVC,dcrandom,ReLu7,0.3247623715913407,880
7881,0.49763016999087123,perceptual,EVC,dcrandom,ReLu7,0.3003409107289255,881
7882,0.4832196112746809,perceptual,EVC,dcrandom,ReLu7,0.31473890177317676,882
7883,0.33698014831883216,perceptual,EVC,dcrandom,ReLu7,0.22619587606792263,883
7884,0.37099816032763694,perceptual,EVC,dcrandom,ReLu7,0.26352107902010274,884
7885,0.508835026898952,perceptual,EVC,dcrandom,ReLu7,0.279153337989542,885
7886,0.3773901203782823,perceptual,EVC,dcrandom,ReLu7,0.2584373843535179,886
7887,0.458007591318698,perceptual,EVC,dcrandom,ReLu7,0.3552311650269489,887
7888,0.4397472299920191,perceptual,EVC,dcrandom,ReLu7,0.26036039032574293,888
7889,0.5765905032215174,perceptual,EVC,dcrandom,ReLu7,0.32551728566057986,889
7890,0.42398049242225827,perceptual,EVC,dcrandom,ReLu7,0.34691686685502876,890
7891,0.4141966535334426,perceptual,EVC,dcrandom,ReLu7,0.26338100827882627,891
7892,0.4886553341386461,perceptual,EVC,dcrandom,ReLu7,0.36838858635428434,892
7893,0.4090461457848979,perceptual,EVC,dcrandom,ReLu7,0.34496163987785766,893
7894,0.6637524797231945,perceptual,EVC,dcrandom,ReLu7,0.3213471700103055,894
7895,0.3992665378436469,perceptual,EVC,dcrandom,ReLu7,0.24312252003783122,895
7896,0.4854875401630159,perceptual,EVC,dcrandom,ReLu7,0.3667750889595578,896
7897,0.4071518553196746,perceptual,EVC,dcrandom,ReLu7,0.2868784289245555,897
7898,0.507411538635972,perceptual,EVC,dcrandom,ReLu7,0.3968818659766863,898
7899,0.4709107532075686,perceptual,EVC,dcrandom,ReLu7,0.36131983873461726,899
7900,0.41816962693040294,perceptual,EVC,dcrandom,ReLu7,0.2807304912472683,900
7901,0.4107568176571754,perceptual,EVC,dcrandom,ReLu7,0.2624465909746501,901
7902,0.39330474489957434,perceptual,EVC,dcrandom,ReLu7,0.2912772875501657,902
7903,0.605005086254843,perceptual,EVC,dcrandom,ReLu7,0.318553070861817,903
7904,0.4380456074011565,perceptual,EVC,dcrandom,ReLu7,0.25552294780524254,904
7905,0.474773218433172,perceptual,EVC,dcrandom,ReLu7,0.3421163105391139,905
7906,0.4408194830654257,perceptual,EVC,dcrandom,ReLu7,0.2817965013421281,906
7907,0.46623220658529263,perceptual,EVC,dcrandom,ReLu7,0.3149110244784056,907
7908,0.37751843108728383,perceptual,EVC,dcrandom,ReLu7,0.24373600678009794,908
7909,0.5040625327700013,perceptual,EVC,dcrandom,ReLu7,0.3430700823052133,909
7910,0.4354794319934127,perceptual,EVC,dcrandom,ReLu7,0.34884610107929065,910
7911,0.33943764108631136,perceptual,EVC,dcrandom,ReLu7,0.2657835481660261,911
7912,0.5150982793848432,perceptual,EVC,dcrandom,ReLu7,0.3018412402525816,912
7913,0.43595454779958664,perceptual,EVC,dcrandom,ReLu7,0.26723449861362963,913
7914,0.4276547797035488,perceptual,EVC,dcrandom,ReLu7,0.30255804554325305,914
7915,0.4404562177751383,perceptual,EVC,dcrandom,ReLu7,0.3192776366955755,915
7916,0.43055276106464746,perceptual,EVC,dcrandom,ReLu7,0.3004282025798156,916
7917,0.43009258353427277,perceptual,EVC,dcrandom,ReLu7,0.3547375274759088,917
7918,0.4617190246301281,perceptual,EVC,dcrandom,ReLu7,0.31522546422328357,918
7919,0.6083418521038755,perceptual,EVC,dcrandom,ReLu7,0.34590397520814514,919
7920,0.36773590087058367,perceptual,EVC,dcrandom,ReLu7,0.28711935175708225,920
7921,0.3829502614426768,perceptual,EVC,dcrandom,ReLu7,0.24036370923301373,921
7922,0.4260482512915016,perceptual,EVC,dcrandom,ReLu7,0.2901616673864591,922
7923,0.5466451594476193,perceptual,EVC,dcrandom,ReLu7,0.28799796637281727,923
7924,0.44293720336735776,perceptual,EVC,dcrandom,ReLu7,0.3068149703996802,924
7925,0.4143060331929648,perceptual,EVC,dcrandom,ReLu7,0.3508224853374507,925
7926,0.4960392336840924,perceptual,EVC,dcrandom,ReLu7,0.3107967916930767,926
7927,0.4097791292063486,perceptual,EVC,dcrandom,ReLu7,0.3598027006346921,927
7928,0.4700279577119387,perceptual,EVC,dcrandom,ReLu7,0.3268365648863747,928
7929,0.35017075881082604,perceptual,EVC,dcrandom,ReLu7,0.2607794917655646,929
7930,0.45456447085391744,perceptual,EVC,dcrandom,ReLu7,0.35501762978790824,930
7931,0.3095711939750328,perceptual,EVC,dcrandom,ReLu7,0.20085745039455483,931
7932,0.5145747140625583,perceptual,EVC,dcrandom,ReLu7,0.399684700618237,932
7933,0.4031648170873982,perceptual,EVC,dcrandom,ReLu7,0.28296065901298606,933
7934,0.4155778560441875,perceptual,EVC,dcrandom,ReLu7,0.25219322172076913,934
7935,0.4376138337579889,perceptual,EVC,dcrandom,ReLu7,0.22928810417096396,935
7936,0.46435895338142535,perceptual,EVC,dcrandom,ReLu7,0.34817948337074023,936
7937,0.5281213270683002,perceptual,EVC,dcrandom,ReLu7,0.30566906865515414,937
7938,0.3807735650263346,perceptual,EVC,dcrandom,ReLu7,0.24215128227829935,938
7939,0.6452048439792285,perceptual,EVC,dcrandom,ReLu7,0.3965945525269092,939
7940,0.34221079039719365,perceptual,EVC,dcrandom,ReLu7,0.2876156043267074,940
7941,0.5173849415454006,perceptual,EVC,dcrandom,ReLu7,0.2966646298311502,941
7942,0.3915506855582158,perceptual,EVC,dcrandom,ReLu7,0.30081657412190754,942
7943,0.6991084776383536,perceptual,EVC,dcrandom,ReLu7,0.3642572195551653,943
7944,0.4084467332987347,perceptual,EVC,dcrandom,ReLu7,0.20708770177878474,944
7945,0.5459368775249304,perceptual,EVC,dcrandom,ReLu7,0.36880370539005125,945
7946,0.3968048784391869,perceptual,EVC,dcrandom,ReLu7,0.28062711125647094,946
7947,0.6316533277517226,perceptual,EVC,dcrandom,ReLu7,0.36764902715199343,947
7948,0.4908529439514234,perceptual,EVC,dcrandom,ReLu7,0.321501017833637,948
7949,0.5444123424686108,perceptual,EVC,dcrandom,ReLu7,0.4051300623265548,949
7950,0.4536875001404452,perceptual,EVC,dcrandom,ReLu7,0.33701973500111215,950
7951,0.4049706005135886,perceptual,EVC,dcrandom,ReLu7,0.33022114626187704,951
7952,0.3831844127787581,perceptual,EVC,dcrandom,ReLu7,0.2524250556206566,952
7953,0.49021342192589895,perceptual,EVC,dcrandom,ReLu7,0.33516120858793913,953
7954,0.3959817279761211,perceptual,EVC,dcrandom,ReLu7,0.29966469169043997,954
7955,0.5867375985221605,perceptual,EVC,dcrandom,ReLu7,0.27267821181783813,955
7956,0.32951453398187674,perceptual,EVC,dcrandom,ReLu7,0.2176977294730675,956
7957,0.27877825157727293,perceptual,EVC,dcrandom,ReLu7,0.2074209431177885,957
7958,0.4045725928650773,perceptual,EVC,dcrandom,ReLu7,0.32551566843513,958
7959,0.5387829291388269,perceptual,EVC,dcrandom,ReLu7,0.39462339331077406,959
7960,0.25015595728153006,perceptual,EVC,dcrandom,ReLu7,0.20674734744150394,960
7961,0.5622146204319642,perceptual,EVC,dcrandom,ReLu7,0.3070175500491842,961
7962,0.6080957642329707,perceptual,EVC,dcrandom,ReLu7,0.3590294089605077,962
7963,0.4371742699042703,perceptual,EVC,dcrandom,ReLu7,0.317271346188336,963
7964,0.40656057033265963,perceptual,EVC,dcrandom,ReLu7,0.29293748760393706,964
7965,0.43546958106889594,perceptual,EVC,dcrandom,ReLu7,0.35488876597388824,965
7966,0.5472704348576711,perceptual,EVC,dcrandom,ReLu7,0.38075751364409305,966
7967,0.4968065437840024,perceptual,EVC,dcrandom,ReLu7,0.3482190826905084,967
7968,0.4586997344491732,perceptual,EVC,dcrandom,ReLu7,0.36470332221071783,968
7969,0.45504372211560734,perceptual,EVC,dcrandom,ReLu7,0.34902689331724235,969
7970,0.3135855223933447,perceptual,EVC,dcrandom,ReLu7,0.24336055910803112,970
7971,0.3272145742495672,perceptual,EVC,dcrandom,ReLu7,0.23280947765575014,971
7972,0.5525999456671715,perceptual,EVC,dcrandom,ReLu7,0.2859657671070752,972
7973,0.41307133529440315,perceptual,EVC,dcrandom,ReLu7,0.3494844511250057,973
7974,0.552244686037727,perceptual,EVC,dcrandom,ReLu7,0.29743449816920964,974
7975,0.4017108059599263,perceptual,EVC,dcrandom,ReLu7,0.335061068175513,975
7976,0.5256582032835211,perceptual,EVC,dcrandom,ReLu7,0.363337887557602,976
7977,0.4269028979640676,perceptual,EVC,dcrandom,ReLu7,0.27632885603624896,977
7978,0.46286911551159937,perceptual,EVC,dcrandom,ReLu7,0.35053504168186156,978
7979,0.5354182253693693,perceptual,EVC,dcrandom,ReLu7,0.34133836100970805,979
7980,0.33053947470872036,perceptual,EVC,dcrandom,ReLu7,0.1815432910697824,980
7981,0.3446987984611737,perceptual,EVC,dcrandom,ReLu7,0.26050491546762,981
7982,0.3717626950043492,perceptual,EVC,dcrandom,ReLu7,0.27084394231287756,982
7983,0.3832316993317483,perceptual,EVC,dcrandom,ReLu7,0.2841082311220854,983
7984,0.4480528445846036,perceptual,EVC,dcrandom,ReLu7,0.290161666704489,984
7985,0.495389780390485,perceptual,EVC,dcrandom,ReLu7,0.3704511840939746,985
7986,0.41461452793762577,perceptual,EVC,dcrandom,ReLu7,0.2815605558011074,986
7987,0.36749699579805234,perceptual,EVC,dcrandom,ReLu7,0.30366611051040143,987
7988,0.3171919643021114,perceptual,EVC,dcrandom,ReLu7,0.272264661650611,988
7989,0.5208697983830431,perceptual,EVC,dcrandom,ReLu7,0.37840484231619564,989
7990,0.4411232405273606,perceptual,EVC,dcrandom,ReLu7,0.27775107180009995,990
7991,0.5209918791720825,perceptual,EVC,dcrandom,ReLu7,0.4324287520038625,991
7992,0.6440199037728251,perceptual,EVC,dcrandom,ReLu7,0.43055976385712513,992
7993,0.6629364840101439,perceptual,EVC,dcrandom,ReLu7,0.4149133895170326,993
7994,0.5774940327133239,perceptual,EVC,dcrandom,ReLu7,0.3423532262574203,994
7995,0.362346509005679,perceptual,EVC,dcrandom,ReLu7,0.22590983579264673,995
7996,0.46577695097251837,perceptual,EVC,dcrandom,ReLu7,0.3552836250781988,996
7997,0.6396207664054061,perceptual,EVC,dcrandom,ReLu7,0.3899871781936276,997
7998,0.4414722415077458,perceptual,EVC,dcrandom,ReLu7,0.2688212230830055,998
7999,0.4430725115677214,perceptual,EVC,dcrandom,ReLu7,0.3564087606061151,999
8000,-60.33342410395381,perceptual,EVC,dctrained,ReLu2,0.06869709837687027,0
8001,1.0681687761148173,perceptual,EVC,dctrained,ReLu2,0.0653281865357138,1
8002,1.8332649702152939,perceptual,EVC,dctrained,ReLu2,0.06746754221537948,2
8003,3.4708759846446093,perceptual,EVC,dctrained,ReLu2,0.08264076411769969,3
8004,1.5125531018265714,perceptual,EVC,dctrained,ReLu2,0.06565605728116498,4
8005,2.3796111493524954,perceptual,EVC,dctrained,ReLu2,0.04731606554821382,5
8006,7.448490497712872,perceptual,EVC,dctrained,ReLu2,0.06027071611150657,6
8007,0.9178822657951442,perceptual,EVC,dctrained,ReLu2,0.09019431856139155,7
8008,0.9191809518437428,perceptual,EVC,dctrained,ReLu2,0.07203780646650894,8
8009,1.9428579644627586,perceptual,EVC,dctrained,ReLu2,0.06281674886089869,9
8010,2.2039876356235752,perceptual,EVC,dctrained,ReLu2,0.06902149444555744,10
8011,-69.04822839135068,perceptual,EVC,dctrained,ReLu2,0.07261458420598244,11
8012,7.284918458797516,perceptual,EVC,dctrained,ReLu2,0.07124070524836336,12
8013,2.0263041870828897,perceptual,EVC,dctrained,ReLu2,0.0830072779455414,13
8014,2.033038213462274,perceptual,EVC,dctrained,ReLu2,0.0525537934148729,14
8015,4.060122302643002,perceptual,EVC,dctrained,ReLu2,0.07831205155667924,15
8016,1.417299145642626,perceptual,EVC,dctrained,ReLu2,0.08401827957915019,16
8017,1.551155424798864,perceptual,EVC,dctrained,ReLu2,0.07316381557860376,17
8018,0.791051856387347,perceptual,EVC,dctrained,ReLu2,0.07270903206521695,18
8019,1.7082903565435226,perceptual,EVC,dctrained,ReLu2,0.08503958493314245,19
8020,0.9572235842099777,perceptual,EVC,dctrained,ReLu2,0.06898395407842485,20
8021,1.8059399368955762,perceptual,EVC,dctrained,ReLu2,0.06325255631643999,21
8022,1.0100058010889839,perceptual,EVC,dctrained,ReLu2,0.08785648044942551,22
8023,1.4026516735362027,perceptual,EVC,dctrained,ReLu2,0.09838198553626672,23
8024,2.7536453587417515,perceptual,EVC,dctrained,ReLu2,0.07168470529323484,24
8025,0.8619112770359943,perceptual,EVC,dctrained,ReLu2,0.08263506693886016,25
8026,6.0766779684002845,perceptual,EVC,dctrained,ReLu2,0.07198124909759256,26
8027,1.0495539259280704,perceptual,EVC,dctrained,ReLu2,0.0904366566203729,27
8028,2.416171989621642,perceptual,EVC,dctrained,ReLu2,0.07852853947122651,28
8029,2.02621519301177,perceptual,EVC,dctrained,ReLu2,0.0771789780290229,29
8030,6.148015070264843,perceptual,EVC,dctrained,ReLu2,0.059356630213343725,30
8031,12.840994438011826,perceptual,EVC,dctrained,ReLu2,0.06040692279058133,31
8032,3.4748801297637844,perceptual,EVC,dctrained,ReLu2,0.06516555038852785,32
8033,0.9361431165520824,perceptual,EVC,dctrained,ReLu2,0.0820350808129243,33
8034,1.5629289508754647,perceptual,EVC,dctrained,ReLu2,0.08251866460368429,34
8035,1.2782959710665305,perceptual,EVC,dctrained,ReLu2,0.08412684773132845,35
8036,0.6538555617987668,perceptual,EVC,dctrained,ReLu2,0.07783536159621268,36
8037,1.457067503413168,perceptual,EVC,dctrained,ReLu2,0.07706047663135314,37
8038,1.1164744861291747,perceptual,EVC,dctrained,ReLu2,0.07554530558542635,38
8039,1.0162016807996395,perceptual,EVC,dctrained,ReLu2,0.0746282972281041,39
8040,7.381828040186754,perceptual,EVC,dctrained,ReLu2,0.0781483981834371,40
8041,1.5836481562536964,perceptual,EVC,dctrained,ReLu2,0.07632193187015118,41
8042,2.0154335793516225,perceptual,EVC,dctrained,ReLu2,0.07006735178583225,42
8043,3.7454179686659614,perceptual,EVC,dctrained,ReLu2,0.08253079026709083,43
8044,7.611879262410138,perceptual,EVC,dctrained,ReLu2,0.07536348356672246,44
8045,1.8658858187229423,perceptual,EVC,dctrained,ReLu2,0.087842925748225,45
8046,0.49350937919683846,perceptual,EVC,dctrained,ReLu2,0.06007328974613187,46
8047,3.7888868380677256,perceptual,EVC,dctrained,ReLu2,0.07311464368908964,47
8048,2.2498607756500872,perceptual,EVC,dctrained,ReLu2,0.07102302888524917,48
8049,1.3155531127088669,perceptual,EVC,dctrained,ReLu2,0.08118284288946498,49
8050,1.1804228365376144,perceptual,EVC,dctrained,ReLu2,0.08074038922077209,50
8051,1.4048704479640592,perceptual,EVC,dctrained,ReLu2,0.07266969011356995,51
8052,1.388585199427041,perceptual,EVC,dctrained,ReLu2,0.0648092758761108,52
8053,1.7448731234112145,perceptual,EVC,dctrained,ReLu2,0.08699461238856752,53
8054,3.0900438838278643,perceptual,EVC,dctrained,ReLu2,0.07852846544561742,54
8055,2.2983518665150524,perceptual,EVC,dctrained,ReLu2,0.05122730464040119,55
8056,9.183846319373872,perceptual,EVC,dctrained,ReLu2,0.04724824526538331,56
8057,1.3294644307022865,perceptual,EVC,dctrained,ReLu2,0.06462223142985335,57
8058,1.0867405387143427,perceptual,EVC,dctrained,ReLu2,0.07563469894313012,58
8059,0.5299017396714022,perceptual,EVC,dctrained,ReLu2,0.04657990261053646,59
8060,2.125661306102223,perceptual,EVC,dctrained,ReLu2,0.07558975800539063,60
8061,6.279521040698299,perceptual,EVC,dctrained,ReLu2,0.06713222303145357,61
8062,1.2751072929626095,perceptual,EVC,dctrained,ReLu2,0.07176718362620342,62
8063,2.3828410539437876,perceptual,EVC,dctrained,ReLu2,0.06908771618421389,63
8064,0.6076261439129754,perceptual,EVC,dctrained,ReLu2,0.06255436082151458,64
8065,2.1557305610909387,perceptual,EVC,dctrained,ReLu2,0.07914139254522409,65
8066,0.8941872548689072,perceptual,EVC,dctrained,ReLu2,0.07497007939644126,66
8067,1.3528990507665275,perceptual,EVC,dctrained,ReLu2,0.08011925623874663,67
8068,1.3481146605479755,perceptual,EVC,dctrained,ReLu2,0.06316342490127475,68
8069,-5.2876602598349365,perceptual,EVC,dctrained,ReLu2,0.056092854800331944,69
8070,1.6482827183044697,perceptual,EVC,dctrained,ReLu2,0.08282318286806752,70
8071,11.225457950305069,perceptual,EVC,dctrained,ReLu2,0.06473107577842072,71
8072,1.083725504232922,perceptual,EVC,dctrained,ReLu2,0.09305440259108166,72
8073,30.930662571420285,perceptual,EVC,dctrained,ReLu2,0.0630367992692208,73
8074,0.9108965561255533,perceptual,EVC,dctrained,ReLu2,0.06856000498719667,74
8075,1.8354914308956163,perceptual,EVC,dctrained,ReLu2,0.09277339503687734,75
8076,1.2962648639501302,perceptual,EVC,dctrained,ReLu2,0.0803819263778334,76
8077,6.582433224367296,perceptual,EVC,dctrained,ReLu2,0.08000835803080093,77
8078,2.1457297814192677,perceptual,EVC,dctrained,ReLu2,0.0785172142108923,78
8079,1.8589444190685267,perceptual,EVC,dctrained,ReLu2,0.07071706660664775,79
8080,6.101015667957934,perceptual,EVC,dctrained,ReLu2,0.07070712192703328,80
8081,7.015037001272297,perceptual,EVC,dctrained,ReLu2,0.08682391932985159,81
8082,4.899552134073925,perceptual,EVC,dctrained,ReLu2,0.08689030234476908,82
8083,2.256201846341173,perceptual,EVC,dctrained,ReLu2,0.08790794804253113,83
8084,1.3172573442513063,perceptual,EVC,dctrained,ReLu2,0.0797138515818887,84
8085,2.065477687549163,perceptual,EVC,dctrained,ReLu2,0.07173995630893942,85
8086,1.3410246229908176,perceptual,EVC,dctrained,ReLu2,0.06441750990038594,86
8087,2.183463732906878,perceptual,EVC,dctrained,ReLu2,0.07090332596982765,87
8088,1.7158930338565652,perceptual,EVC,dctrained,ReLu2,0.0985407028593484,88
8089,0.7716587916993733,perceptual,EVC,dctrained,ReLu2,0.08149666560830911,89
8090,1.0655326405833996,perceptual,EVC,dctrained,ReLu2,0.0736595405695947,90
8091,0.5598349193139296,perceptual,EVC,dctrained,ReLu2,0.08349308424079578,91
8092,2.188696608090576,perceptual,EVC,dctrained,ReLu2,0.08033290248315095,92
8093,1.4202218282088868,perceptual,EVC,dctrained,ReLu2,0.08778115463131972,93
8094,0.8775566269940092,perceptual,EVC,dctrained,ReLu2,0.06497995041651283,94
8095,2.4876010621633156,perceptual,EVC,dctrained,ReLu2,0.09019015483219674,95
8096,1.7697750716380716,perceptual,EVC,dctrained,ReLu2,0.08829541978753078,96
8097,0.9670249031405227,perceptual,EVC,dctrained,ReLu2,0.08059878564810134,97
8098,1.3977498476730579,perceptual,EVC,dctrained,ReLu2,0.07159050207513756,98
8099,1.092448781304838,perceptual,EVC,dctrained,ReLu2,0.059428784489557226,99
8100,2.050684724004957,perceptual,EVC,dctrained,ReLu2,0.0753676571345192,100
8101,0.7705163429158836,perceptual,EVC,dctrained,ReLu2,0.0812460422307793,101
8102,1.5402356227510272,perceptual,EVC,dctrained,ReLu2,0.06670267595669835,102
8103,1.0640044889603784,perceptual,EVC,dctrained,ReLu2,0.07777435029704757,103
8104,5.756364170969711,perceptual,EVC,dctrained,ReLu2,0.08620263754363305,104
8105,0.9069179810194569,perceptual,EVC,dctrained,ReLu2,0.07635138361902188,105
8106,1.4653025397901234,perceptual,EVC,dctrained,ReLu2,0.06865330571709001,106
8107,0.5077643588451057,perceptual,EVC,dctrained,ReLu2,0.07729939458021408,107
8108,1.3285346024992568,perceptual,EVC,dctrained,ReLu2,0.06563526214595264,108
8109,1.701121288497628,perceptual,EVC,dctrained,ReLu2,0.0740721563035486,109
8110,1.2282935199692688,perceptual,EVC,dctrained,ReLu2,0.06230896330185779,110
8111,1.3076395344782623,perceptual,EVC,dctrained,ReLu2,0.07500942048555667,111
8112,0.869090815957277,perceptual,EVC,dctrained,ReLu2,0.06289990937528715,112
8113,6.329582577747761,perceptual,EVC,dctrained,ReLu2,0.08476151104718728,113
8114,2.6764903035216543,perceptual,EVC,dctrained,ReLu2,0.06482851861239997,114
8115,2.55959360198365,perceptual,EVC,dctrained,ReLu2,0.0692617392721037,115
8116,2.042373445674691,perceptual,EVC,dctrained,ReLu2,0.07718650367702176,116
8117,0.6751872220444401,perceptual,EVC,dctrained,ReLu2,0.07135704655494043,117
8118,4.002604253575043,perceptual,EVC,dctrained,ReLu2,0.08035559646898041,118
8119,1.6623603008905157,perceptual,EVC,dctrained,ReLu2,0.09314871792572746,119
8120,1.0801861379355149,perceptual,EVC,dctrained,ReLu2,0.078080682498497,120
8121,8.66851524438738,perceptual,EVC,dctrained,ReLu2,0.07401731827123281,121
8122,1.241566847599877,perceptual,EVC,dctrained,ReLu2,0.07425672732575123,122
8123,1.981153440012794,perceptual,EVC,dctrained,ReLu2,0.0797704191461219,123
8124,2.266283454892916,perceptual,EVC,dctrained,ReLu2,0.07681335866650393,124
8125,1.4941030386388667,perceptual,EVC,dctrained,ReLu2,0.07786986862917167,125
8126,1.5612114696300703,perceptual,EVC,dctrained,ReLu2,0.07169783416014722,126
8127,0.9922779932845067,perceptual,EVC,dctrained,ReLu2,0.041151666366112324,127
8128,3.966576995745705,perceptual,EVC,dctrained,ReLu2,0.06272934426201646,128
8129,8.848694536790418,perceptual,EVC,dctrained,ReLu2,0.05753258120471583,129
8130,2.943573148024202,perceptual,EVC,dctrained,ReLu2,0.09523901476272727,130
8131,1.6435100509657194,perceptual,EVC,dctrained,ReLu2,0.06133654884615942,131
8132,1.2120713866636756,perceptual,EVC,dctrained,ReLu2,0.07129045551849054,132
8133,3.4677735745571576,perceptual,EVC,dctrained,ReLu2,0.0707758063677377,133
8134,1.5506480706262433,perceptual,EVC,dctrained,ReLu2,0.08624085851346511,134
8135,2.4817819593133894,perceptual,EVC,dctrained,ReLu2,0.06771503059134928,135
8136,3.1241745914991017,perceptual,EVC,dctrained,ReLu2,0.0803756481944795,136
8137,1.1789117996057517,perceptual,EVC,dctrained,ReLu2,0.07712872767022055,137
8138,0.9059809297665565,perceptual,EVC,dctrained,ReLu2,0.0648572392830289,138
8139,0.9024949507313345,perceptual,EVC,dctrained,ReLu2,0.07417350279531379,139
8140,1.9495336929619338,perceptual,EVC,dctrained,ReLu2,0.0802421336028895,140
8141,1.9978255177139936,perceptual,EVC,dctrained,ReLu2,0.06962802829176891,141
8142,1.5219009563871793,perceptual,EVC,dctrained,ReLu2,0.07975750384901048,142
8143,12.966311217834471,perceptual,EVC,dctrained,ReLu2,0.07417975951773548,143
8144,1.7127322744705675,perceptual,EVC,dctrained,ReLu2,0.07620285082731898,144
8145,1.2361004386763659,perceptual,EVC,dctrained,ReLu2,0.0697214966523427,145
8146,2.480108805040073,perceptual,EVC,dctrained,ReLu2,0.07612328085533124,146
8147,2.4581461926689823,perceptual,EVC,dctrained,ReLu2,0.07520926973161601,147
8148,3.2065844864583783,perceptual,EVC,dctrained,ReLu2,0.07857321770220382,148
8149,0.8332792237574844,perceptual,EVC,dctrained,ReLu2,0.08481208349983682,149
8150,2.0536472725465575,perceptual,EVC,dctrained,ReLu2,0.06758435395749188,150
8151,-4.744607235499068,perceptual,EVC,dctrained,ReLu2,0.05702612884141807,151
8152,4.371826819617465,perceptual,EVC,dctrained,ReLu2,0.09030273185534554,152
8153,1.0704027229790802,perceptual,EVC,dctrained,ReLu2,0.0679763682971252,153
8154,2.6088866091916274,perceptual,EVC,dctrained,ReLu2,0.05765562996877362,154
8155,1.3756792321302216,perceptual,EVC,dctrained,ReLu2,0.0743453079376018,155
8156,1.6184490489588295,perceptual,EVC,dctrained,ReLu2,0.08410604069155339,156
8157,1.3096295745819149,perceptual,EVC,dctrained,ReLu2,0.06616026766464393,157
8158,1.7407939428103407,perceptual,EVC,dctrained,ReLu2,0.07153636961201773,158
8159,1.4487051029498403,perceptual,EVC,dctrained,ReLu2,0.07937441663434586,159
8160,4.34481835933483,perceptual,EVC,dctrained,ReLu2,0.08101693736534579,160
8161,2.3820332444493966,perceptual,EVC,dctrained,ReLu2,0.08126876171842362,161
8162,0.682550798025339,perceptual,EVC,dctrained,ReLu2,0.06865504268550457,162
8163,1.471657394683342,perceptual,EVC,dctrained,ReLu2,0.06985552419716488,163
8164,2.088492603124151,perceptual,EVC,dctrained,ReLu2,0.07849980897385431,164
8165,192.07778731872122,perceptual,EVC,dctrained,ReLu2,0.064840825097701,165
8166,1.7840711584891795,perceptual,EVC,dctrained,ReLu2,0.09409332766500891,166
8167,3.1100558677761523,perceptual,EVC,dctrained,ReLu2,0.0735097495481559,167
8168,2.3094187826300607,perceptual,EVC,dctrained,ReLu2,0.07278927387143456,168
8169,4.9683432873207645,perceptual,EVC,dctrained,ReLu2,0.0672287640022621,169
8170,2.4414485349274324,perceptual,EVC,dctrained,ReLu2,0.06022669395406073,170
8171,2.037967336705687,perceptual,EVC,dctrained,ReLu2,0.08087346455011957,171
8172,5.798267607114939,perceptual,EVC,dctrained,ReLu2,0.06747931094738938,172
8173,-5.859125452608738,perceptual,EVC,dctrained,ReLu2,0.05798320928350324,173
8174,-14.575586104463957,perceptual,EVC,dctrained,ReLu2,0.05811216303793759,174
8175,1.5215131451189987,perceptual,EVC,dctrained,ReLu2,0.08278406669345567,175
8176,1.5001192362711182,perceptual,EVC,dctrained,ReLu2,0.08402872784440536,176
8177,2.6425620505035075,perceptual,EVC,dctrained,ReLu2,0.06682881481661465,177
8178,1.1840733716005674,perceptual,EVC,dctrained,ReLu2,0.0753967830226178,178
8179,-84.82711816835426,perceptual,EVC,dctrained,ReLu2,0.06494061699057127,179
8180,1.3349207762981765,perceptual,EVC,dctrained,ReLu2,0.07479244201165132,180
8181,1.2241058321703362,perceptual,EVC,dctrained,ReLu2,0.06487244631690478,181
8182,9.650422772069781,perceptual,EVC,dctrained,ReLu2,0.06855105550641256,182
8183,9.684022261654745,perceptual,EVC,dctrained,ReLu2,0.09189628073581135,183
8184,0.988633029974773,perceptual,EVC,dctrained,ReLu2,0.04965321340718977,184
8185,6.147369379650235,perceptual,EVC,dctrained,ReLu2,0.06931542058044295,185
8186,1.29987920762964,perceptual,EVC,dctrained,ReLu2,0.07989313948127218,186
8187,0.8395837607034887,perceptual,EVC,dctrained,ReLu2,0.07015556233304054,187
8188,11.905321364084958,perceptual,EVC,dctrained,ReLu2,0.06480469454880762,188
8189,1.991031098637597,perceptual,EVC,dctrained,ReLu2,0.08082662792955546,189
8190,2.274308907931596,perceptual,EVC,dctrained,ReLu2,0.0762769986944703,190
8191,2.3202733102908044,perceptual,EVC,dctrained,ReLu2,0.08014462730028989,191
8192,0.594711056884138,perceptual,EVC,dctrained,ReLu2,0.06239437852341302,192
8193,2.13441825683976,perceptual,EVC,dctrained,ReLu2,0.06969005500938705,193
8194,1.0856045210183725,perceptual,EVC,dctrained,ReLu2,0.08072903327682446,194
8195,3.3219643527590597,perceptual,EVC,dctrained,ReLu2,0.0680067081843857,195
8196,2.2265651942900853,perceptual,EVC,dctrained,ReLu2,0.0888338962497561,196
8197,0.71870857172746,perceptual,EVC,dctrained,ReLu2,0.07284185574291711,197
8198,-8.445935409225287,perceptual,EVC,dctrained,ReLu2,0.06968935901535402,198
8199,0.8639117405952168,perceptual,EVC,dctrained,ReLu2,0.07379226655318998,199
8200,0.6655601530722141,perceptual,EVC,dctrained,ReLu2,0.0712318731042354,200
8201,1.707527602138904,perceptual,EVC,dctrained,ReLu2,0.08238792350004628,201
8202,2.0143038104754525,perceptual,EVC,dctrained,ReLu2,0.07014792971288408,202
8203,1.1161184509371118,perceptual,EVC,dctrained,ReLu2,0.05832695134059052,203
8204,1.5052769435689264,perceptual,EVC,dctrained,ReLu2,0.06371249939274161,204
8205,2.211917322322873,perceptual,EVC,dctrained,ReLu2,0.07221057849101321,205
8206,0.8294496865635154,perceptual,EVC,dctrained,ReLu2,0.07263406492882496,206
8207,3.322797526987013,perceptual,EVC,dctrained,ReLu2,0.06411014812667264,207
8208,2.3560796637225887,perceptual,EVC,dctrained,ReLu2,0.07900553630150325,208
8209,0.7758312065712605,perceptual,EVC,dctrained,ReLu2,0.06878812886728874,209
8210,1.756376376590616,perceptual,EVC,dctrained,ReLu2,0.08968126343780576,210
8211,2.0496093306954255,perceptual,EVC,dctrained,ReLu2,0.06424222677209934,211
8212,2.2295104658913045,perceptual,EVC,dctrained,ReLu2,0.07464601280737229,212
8213,2.265794819467577,perceptual,EVC,dctrained,ReLu2,0.06781011970030418,213
8214,1.7168517191964183,perceptual,EVC,dctrained,ReLu2,0.07427198525721383,214
8215,0.9930972586506586,perceptual,EVC,dctrained,ReLu2,0.08439857091496378,215
8216,1.7321596719046035,perceptual,EVC,dctrained,ReLu2,0.06658164115774809,216
8217,2.4436962287921875,perceptual,EVC,dctrained,ReLu2,0.07077158968812403,217
8218,2.9000992486778188,perceptual,EVC,dctrained,ReLu2,0.08053152514009984,218
8219,0.6132988093695335,perceptual,EVC,dctrained,ReLu2,0.06985590519392736,219
8220,1.088902869042491,perceptual,EVC,dctrained,ReLu2,0.07150241243884524,220
8221,1.5152584912792786,perceptual,EVC,dctrained,ReLu2,0.07168637441965746,221
8222,2.0010550169900565,perceptual,EVC,dctrained,ReLu2,0.06564758959224186,222
8223,0.8499878479463006,perceptual,EVC,dctrained,ReLu2,0.07528792697691014,223
8224,1.354268602752354,perceptual,EVC,dctrained,ReLu2,0.08408695435456119,224
8225,1.4387764290885894,perceptual,EVC,dctrained,ReLu2,0.08842433079732302,225
8226,2.613393002775754,perceptual,EVC,dctrained,ReLu2,0.06255859699683142,226
8227,4.776523736122592,perceptual,EVC,dctrained,ReLu2,0.061822159021055145,227
8228,1.8823666819824854,perceptual,EVC,dctrained,ReLu2,0.0586635261271735,228
8229,1.5907575393966285,perceptual,EVC,dctrained,ReLu2,0.06242353367787015,229
8230,1.896674595690427,perceptual,EVC,dctrained,ReLu2,0.07596016307818984,230
8231,1.5188815103270261,perceptual,EVC,dctrained,ReLu2,0.08428211684596656,231
8232,1.3461556073643879,perceptual,EVC,dctrained,ReLu2,0.08528765070026316,232
8233,1.1596817918316853,perceptual,EVC,dctrained,ReLu2,0.05584619936081228,233
8234,5.024733667275527,perceptual,EVC,dctrained,ReLu2,0.08530793342936588,234
8235,1.9279020498755879,perceptual,EVC,dctrained,ReLu2,0.07327308947240611,235
8236,1.3729279905183125,perceptual,EVC,dctrained,ReLu2,0.05400242041219064,236
8237,2.4931152477120335,perceptual,EVC,dctrained,ReLu2,0.06312484462112071,237
8238,1.2733776133065824,perceptual,EVC,dctrained,ReLu2,0.06388654964929727,238
8239,1.2105395717551724,perceptual,EVC,dctrained,ReLu2,0.07795417493621663,239
8240,0.9680965463378258,perceptual,EVC,dctrained,ReLu2,0.07026141348852646,240
8241,0.7587528736090684,perceptual,EVC,dctrained,ReLu2,0.08001095014212475,241
8242,0.9076150799406498,perceptual,EVC,dctrained,ReLu2,0.06919526198535571,242
8243,1.8083738665478264,perceptual,EVC,dctrained,ReLu2,0.06932383744326001,243
8244,2.8416176197118777,perceptual,EVC,dctrained,ReLu2,0.08762904000759592,244
8245,2.0041260805383847,perceptual,EVC,dctrained,ReLu2,0.08423207622077139,245
8246,1.6589254498850634,perceptual,EVC,dctrained,ReLu2,0.0820005045539931,246
8247,2.2062398756515256,perceptual,EVC,dctrained,ReLu2,0.0776095108893013,247
8248,0.7232292492468474,perceptual,EVC,dctrained,ReLu2,0.0766281434719639,248
8249,0.5872398911209205,perceptual,EVC,dctrained,ReLu2,0.06470083277288069,249
8250,0.8966611167255066,perceptual,EVC,dctrained,ReLu2,0.07990310517882815,250
8251,1.8165997382446295,perceptual,EVC,dctrained,ReLu2,0.06577093719834592,251
8252,4.143847435534602,perceptual,EVC,dctrained,ReLu2,0.06312149539648601,252
8253,1.5723210196909583,perceptual,EVC,dctrained,ReLu2,0.07991546506643582,253
8254,2.5739551316446816,perceptual,EVC,dctrained,ReLu2,0.05252390124194249,254
8255,10.927414059783706,perceptual,EVC,dctrained,ReLu2,0.07056895926614057,255
8256,3.731511495498709,perceptual,EVC,dctrained,ReLu2,0.06943238869384662,256
8257,28.49415344870546,perceptual,EVC,dctrained,ReLu2,0.08310453009873925,257
8258,0.6704503997590227,perceptual,EVC,dctrained,ReLu2,0.05898650083591858,258
8259,1.7890964134102827,perceptual,EVC,dctrained,ReLu2,0.07985644123056451,259
8260,0.8283005609164612,perceptual,EVC,dctrained,ReLu2,0.07936122713957885,260
8261,1.4670689301422084,perceptual,EVC,dctrained,ReLu2,0.07923630263942884,261
8262,2.2868614997705103,perceptual,EVC,dctrained,ReLu2,0.08427476952763527,262
8263,2.3037768964006,perceptual,EVC,dctrained,ReLu2,0.07408968950023667,263
8264,11.585749784913231,perceptual,EVC,dctrained,ReLu2,0.07321675634912543,264
8265,0.8937489994950144,perceptual,EVC,dctrained,ReLu2,0.0713039910916782,265
8266,3.7818659968837784,perceptual,EVC,dctrained,ReLu2,0.09049025854166065,266
8267,0.7082234362565949,perceptual,EVC,dctrained,ReLu2,0.05699106804943599,267
8268,2.3181915309452896,perceptual,EVC,dctrained,ReLu2,0.07682016519368384,268
8269,0.6605820479566358,perceptual,EVC,dctrained,ReLu2,0.07331912834229916,269
8270,0.924161044327144,perceptual,EVC,dctrained,ReLu2,0.07404868153089766,270
8271,1.0790709159621987,perceptual,EVC,dctrained,ReLu2,0.0792088204930882,271
8272,1.0847780848043307,perceptual,EVC,dctrained,ReLu2,0.07160598412363534,272
8273,2.9654725510007895,perceptual,EVC,dctrained,ReLu2,0.08003434473885479,273
8274,4.328268927677741,perceptual,EVC,dctrained,ReLu2,0.07420824465686723,274
8275,1.7550853640648951,perceptual,EVC,dctrained,ReLu2,0.09356719015519,275
8276,2.5507849475726476,perceptual,EVC,dctrained,ReLu2,0.0754351458631923,276
8277,1.0517420934112451,perceptual,EVC,dctrained,ReLu2,0.05557348489177507,277
8278,-85.46894672552048,perceptual,EVC,dctrained,ReLu2,0.05585751381295487,278
8279,1.1465461202186362,perceptual,EVC,dctrained,ReLu2,0.09250814535155268,279
8280,3.0751404484100786,perceptual,EVC,dctrained,ReLu2,0.08042012949990608,280
8281,1.3358133257127471,perceptual,EVC,dctrained,ReLu2,0.07604223932508714,281
8282,3.1540542303201753,perceptual,EVC,dctrained,ReLu2,0.079626944625244,282
8283,0.9134487804985766,perceptual,EVC,dctrained,ReLu2,0.06105257546228042,283
8284,0.8254572036393688,perceptual,EVC,dctrained,ReLu2,0.05677324327278948,284
8285,1.2313819528455061,perceptual,EVC,dctrained,ReLu2,0.08344331299111807,285
8286,0.5736144338537246,perceptual,EVC,dctrained,ReLu2,0.08177277093228164,286
8287,27.03931656890107,perceptual,EVC,dctrained,ReLu2,0.07423548731316075,287
8288,1.718901971035052,perceptual,EVC,dctrained,ReLu2,0.08114195691860268,288
8289,1.6157270321807011,perceptual,EVC,dctrained,ReLu2,0.09378671663630993,289
8290,3.9361617735651024,perceptual,EVC,dctrained,ReLu2,0.06127466867674841,290
8291,1.2836083206216315,perceptual,EVC,dctrained,ReLu2,0.06664616415435859,291
8292,0.9905788192818231,perceptual,EVC,dctrained,ReLu2,0.07212910871445691,292
8293,0.9312603927905394,perceptual,EVC,dctrained,ReLu2,0.07997094679475272,293
8294,1.734150248102465,perceptual,EVC,dctrained,ReLu2,0.07533132922468133,294
8295,2.073200867875462,perceptual,EVC,dctrained,ReLu2,0.09156382888542325,295
8296,0.5519983593607718,perceptual,EVC,dctrained,ReLu2,0.07634239287286884,296
8297,1.6184228620916647,perceptual,EVC,dctrained,ReLu2,0.06891754396000532,297
8298,3.367770551862447,perceptual,EVC,dctrained,ReLu2,0.09442748608129842,298
8299,1.4032866865570663,perceptual,EVC,dctrained,ReLu2,0.0772714142717854,299
8300,3.9333329049705283,perceptual,EVC,dctrained,ReLu2,0.0773616368950617,300
8301,0.8191743801328076,perceptual,EVC,dctrained,ReLu2,0.08071635187591941,301
8302,3.4509704288235867,perceptual,EVC,dctrained,ReLu2,0.08486812711567071,302
8303,2.9502970559578747,perceptual,EVC,dctrained,ReLu2,0.08674236761811518,303
8304,2.22002209173955,perceptual,EVC,dctrained,ReLu2,0.0715447895329703,304
8305,5.167073584630435,perceptual,EVC,dctrained,ReLu2,0.07752157582908861,305
8306,4.108600071128528,perceptual,EVC,dctrained,ReLu2,0.0767607220922658,306
8307,4.522807656307079,perceptual,EVC,dctrained,ReLu2,0.06994410954633935,307
8308,5.770184978029543,perceptual,EVC,dctrained,ReLu2,0.0818220307877483,308
8309,1.01775129733795,perceptual,EVC,dctrained,ReLu2,0.05222808715040411,309
8310,0.7708265180646415,perceptual,EVC,dctrained,ReLu2,0.06936050815858938,310
8311,7.884421026200236,perceptual,EVC,dctrained,ReLu2,0.07724464155182285,311
8312,1.2605345625948474,perceptual,EVC,dctrained,ReLu2,0.06140530355563487,312
8313,-8.502308763450438,perceptual,EVC,dctrained,ReLu2,0.06717642691752547,313
8314,1.7952941365480592,perceptual,EVC,dctrained,ReLu2,0.09277974597952872,314
8315,1.8469989732303387,perceptual,EVC,dctrained,ReLu2,0.05753388807173923,315
8316,0.6585601882925955,perceptual,EVC,dctrained,ReLu2,0.052447003774154954,316
8317,1.5864937082346326,perceptual,EVC,dctrained,ReLu2,0.08109084421589403,317
8318,2.1201265753423475,perceptual,EVC,dctrained,ReLu2,0.06655919366337659,318
8319,-20.777662875168634,perceptual,EVC,dctrained,ReLu2,0.06587961658450288,319
8320,1.2307740430343288,perceptual,EVC,dctrained,ReLu2,0.058259692662886796,320
8321,2.869396308764557,perceptual,EVC,dctrained,ReLu2,0.07545606476053715,321
8322,2.1237236542522733,perceptual,EVC,dctrained,ReLu2,0.07166707732088733,322
8323,0.6272034957981634,perceptual,EVC,dctrained,ReLu2,0.07269672254564255,323
8324,0.43008951393547407,perceptual,EVC,dctrained,ReLu2,0.06411826569992118,324
8325,0.6870495853008548,perceptual,EVC,dctrained,ReLu2,0.07706965690835511,325
8326,-6.876435430280722,perceptual,EVC,dctrained,ReLu2,0.07843962740390294,326
8327,1.147802954527877,perceptual,EVC,dctrained,ReLu2,0.06196233579527951,327
8328,0.6646625379731433,perceptual,EVC,dctrained,ReLu2,0.05590526858504745,328
8329,0.8024451341604502,perceptual,EVC,dctrained,ReLu2,0.06567587430612279,329
8330,2.2661034972440257,perceptual,EVC,dctrained,ReLu2,0.06963724371167339,330
8331,1.7557120637362695,perceptual,EVC,dctrained,ReLu2,0.07931075819744787,331
8332,1.1489898505492726,perceptual,EVC,dctrained,ReLu2,0.07814622032797947,332
8333,2.4914046613796916,perceptual,EVC,dctrained,ReLu2,0.06431913447579002,333
8334,1.5135668294123568,perceptual,EVC,dctrained,ReLu2,0.07752760795861315,334
8335,0.9602355331938703,perceptual,EVC,dctrained,ReLu2,0.07469252712210017,335
8336,3.9971261177197617,perceptual,EVC,dctrained,ReLu2,0.08304351873010357,336
8337,0.9856342176141643,perceptual,EVC,dctrained,ReLu2,0.07104683035429606,337
8338,7.543362955642218,perceptual,EVC,dctrained,ReLu2,0.08382233794322749,338
8339,1.3404120603755156,perceptual,EVC,dctrained,ReLu2,0.07763648364077222,339
8340,0.5618122657135736,perceptual,EVC,dctrained,ReLu2,0.08459754845577341,340
8341,1.1122890458156713,perceptual,EVC,dctrained,ReLu2,0.08218192200184377,341
8342,1.8186755749353212,perceptual,EVC,dctrained,ReLu2,0.08189303583203732,342
8343,1.8805352203907562,perceptual,EVC,dctrained,ReLu2,0.08412617664368484,343
8344,1.3605229848161333,perceptual,EVC,dctrained,ReLu2,0.06509539716083017,344
8345,1.724924077902591,perceptual,EVC,dctrained,ReLu2,0.0643124822365305,345
8346,1.1516841011079924,perceptual,EVC,dctrained,ReLu2,0.0761339255805809,346
8347,1.1913584141910305,perceptual,EVC,dctrained,ReLu2,0.08503047414622268,347
8348,1.7315421292957387,perceptual,EVC,dctrained,ReLu2,0.07766770631170494,348
8349,1.7009189400872748,perceptual,EVC,dctrained,ReLu2,0.07819022249994187,349
8350,1.0919040710133339,perceptual,EVC,dctrained,ReLu2,0.07817796785730355,350
8351,1.3514969227498086,perceptual,EVC,dctrained,ReLu2,0.05952074340739434,351
8352,0.8897946868655591,perceptual,EVC,dctrained,ReLu2,0.08118901538690315,352
8353,1.6676329053852144,perceptual,EVC,dctrained,ReLu2,0.06775816334071372,353
8354,1.7247763955771316,perceptual,EVC,dctrained,ReLu2,0.08220383432959971,354
8355,-5.127880202942865,perceptual,EVC,dctrained,ReLu2,0.06228649831032823,355
8356,3.0390726343691083,perceptual,EVC,dctrained,ReLu2,0.059494463699560865,356
8357,0.8316106294291359,perceptual,EVC,dctrained,ReLu2,0.07074102031145808,357
8358,6.4891061218101145,perceptual,EVC,dctrained,ReLu2,0.08047095829048959,358
8359,1.144214060586215,perceptual,EVC,dctrained,ReLu2,0.059341298118758726,359
8360,1.4664195432533658,perceptual,EVC,dctrained,ReLu2,0.07233073834903919,360
8361,1.303282228353352,perceptual,EVC,dctrained,ReLu2,0.054259962196844605,361
8362,1.2377528612486104,perceptual,EVC,dctrained,ReLu2,0.07817372582337696,362
8363,5.559411835794235,perceptual,EVC,dctrained,ReLu2,0.07709720695978897,363
8364,1.8896006216428265,perceptual,EVC,dctrained,ReLu2,0.0727447953418124,364
8365,1.111549264610934,perceptual,EVC,dctrained,ReLu2,0.06440585627624375,365
8366,1.892622947183523,perceptual,EVC,dctrained,ReLu2,0.05758501018141994,366
8367,1.409045758839614,perceptual,EVC,dctrained,ReLu2,0.06362470000670559,367
8368,1.5925239679459342,perceptual,EVC,dctrained,ReLu2,0.08145935138986998,368
8369,-5.616433316066552,perceptual,EVC,dctrained,ReLu2,0.06647422003304894,369
8370,2.13990273844125,perceptual,EVC,dctrained,ReLu2,0.07011201765397118,370
8371,1.069402049841143,perceptual,EVC,dctrained,ReLu2,0.07425680889378444,371
8372,0.8190762687198822,perceptual,EVC,dctrained,ReLu2,0.06787653096325885,372
8373,1.0420027320950846,perceptual,EVC,dctrained,ReLu2,0.08340431810500626,373
8374,1.9514208888273135,perceptual,EVC,dctrained,ReLu2,0.09097371301356723,374
8375,1.1367531847735661,perceptual,EVC,dctrained,ReLu2,0.07380735282408944,375
8376,1.5667029343014012,perceptual,EVC,dctrained,ReLu2,0.09338443677238298,376
8377,1.2251995386538732,perceptual,EVC,dctrained,ReLu2,0.08083657293858892,377
8378,1.254244337404958,perceptual,EVC,dctrained,ReLu2,0.06733300255651575,378
8379,0.8813910795517405,perceptual,EVC,dctrained,ReLu2,0.0669357177273729,379
8380,1.7811330587284206,perceptual,EVC,dctrained,ReLu2,0.08028023076849419,380
8381,1.1264446166337594,perceptual,EVC,dctrained,ReLu2,0.08715855884781885,381
8382,1.623248791189294,perceptual,EVC,dctrained,ReLu2,0.08205305131056059,382
8383,0.6011819043686739,perceptual,EVC,dctrained,ReLu2,0.06851637057070975,383
8384,1.4276840890456157,perceptual,EVC,dctrained,ReLu2,0.057598085304724905,384
8385,1.2173043277286053,perceptual,EVC,dctrained,ReLu2,0.05177201788992959,385
8386,1.5007359016596449,perceptual,EVC,dctrained,ReLu2,0.06331496887583196,386
8387,-7.852799202297392,perceptual,EVC,dctrained,ReLu2,0.07593614426610756,387
8388,1.7835577292221116,perceptual,EVC,dctrained,ReLu2,0.06221102106637777,388
8389,3.9800699441263623,perceptual,EVC,dctrained,ReLu2,0.0776745376780528,389
8390,1.4941760342939496,perceptual,EVC,dctrained,ReLu2,0.0793213537159243,390
8391,1.1746226505117443,perceptual,EVC,dctrained,ReLu2,0.0836490601184686,391
8392,1.0725569733157105,perceptual,EVC,dctrained,ReLu2,0.08787345214455256,392
8393,2.524705447442807,perceptual,EVC,dctrained,ReLu2,0.06760544248025188,393
8394,1.7018759578172347,perceptual,EVC,dctrained,ReLu2,0.07537090836614618,394
8395,1.512789233996847,perceptual,EVC,dctrained,ReLu2,0.07490303269439373,395
8396,6.972585991609413,perceptual,EVC,dctrained,ReLu2,0.06676856976691495,396
8397,1.8180771942017437,perceptual,EVC,dctrained,ReLu2,0.08070600596182957,397
8398,4.6748679146152154,perceptual,EVC,dctrained,ReLu2,0.053711728139048884,398
8399,3.056935985358964,perceptual,EVC,dctrained,ReLu2,0.07264522320152317,399
8400,1.846430433243407,perceptual,EVC,dctrained,ReLu2,0.0691130820210216,400
8401,2.805810147834164,perceptual,EVC,dctrained,ReLu2,0.07129024338086598,401
8402,-6.460982314680746,perceptual,EVC,dctrained,ReLu2,0.07935455097225678,402
8403,1.08449438610389,perceptual,EVC,dctrained,ReLu2,0.08691101508266655,403
8404,0.9224439165228343,perceptual,EVC,dctrained,ReLu2,0.07032076200505814,404
8405,4.788989859020928,perceptual,EVC,dctrained,ReLu2,0.07350596516586656,405
8406,2.17532992373387,perceptual,EVC,dctrained,ReLu2,0.07419355610171051,406
8407,1.6408453079381362,perceptual,EVC,dctrained,ReLu2,0.08959716971330736,407
8408,1.9693123391538927,perceptual,EVC,dctrained,ReLu2,0.08466250899643682,408
8409,3.1301633273407283,perceptual,EVC,dctrained,ReLu2,0.08744487781965488,409
8410,2.456655549977894,perceptual,EVC,dctrained,ReLu2,0.07143600235245043,410
8411,2.1272562189380078,perceptual,EVC,dctrained,ReLu2,0.07528498625805971,411
8412,0.6030320639103366,perceptual,EVC,dctrained,ReLu2,0.06629465199394378,412
8413,1.4860728219875516,perceptual,EVC,dctrained,ReLu2,0.0898837897850521,413
8414,5.012370541548489,perceptual,EVC,dctrained,ReLu2,0.0878715205376972,414
8415,4.475791311983981,perceptual,EVC,dctrained,ReLu2,0.07869892084608844,415
8416,1.234148751077052,perceptual,EVC,dctrained,ReLu2,0.08150308953584579,416
8417,1.8806023058220362,perceptual,EVC,dctrained,ReLu2,0.06853652694214318,417
8418,1.0151150626732057,perceptual,EVC,dctrained,ReLu2,0.08728597328023054,418
8419,1.6106508994326576,perceptual,EVC,dctrained,ReLu2,0.061357524002890775,419
8420,1.6155851364692906,perceptual,EVC,dctrained,ReLu2,0.06881958268324823,420
8421,0.8100618689742288,perceptual,EVC,dctrained,ReLu2,0.0662788299863335,421
8422,3.448209470737849,perceptual,EVC,dctrained,ReLu2,0.06897013512702709,422
8423,1.4767125903083305,perceptual,EVC,dctrained,ReLu2,0.07639901956817788,423
8424,0.9461751425724668,perceptual,EVC,dctrained,ReLu2,0.06455077429226098,424
8425,4.237688956877216,perceptual,EVC,dctrained,ReLu2,0.06322818505883751,425
8426,2.057203007555938,perceptual,EVC,dctrained,ReLu2,0.09552008878364948,426
8427,1.6538513125312444,perceptual,EVC,dctrained,ReLu2,0.07187396075179564,427
8428,1.3316174085575523,perceptual,EVC,dctrained,ReLu2,0.0724062044772345,428
8429,1.6175525180311148,perceptual,EVC,dctrained,ReLu2,0.0656769957000368,429
8430,1.5687620575584844,perceptual,EVC,dctrained,ReLu2,0.10007739706698138,430
8431,2.084298910667682,perceptual,EVC,dctrained,ReLu2,0.0741203132530236,431
8432,3.0522816425608807,perceptual,EVC,dctrained,ReLu2,0.0683827211076297,432
8433,1.9732847724613358,perceptual,EVC,dctrained,ReLu2,0.06705780319005092,433
8434,3.8470076683950123,perceptual,EVC,dctrained,ReLu2,0.06246646893072382,434
8435,8.866422937801632,perceptual,EVC,dctrained,ReLu2,0.06109397584136696,435
8436,1.083911279525436,perceptual,EVC,dctrained,ReLu2,0.07926670020739177,436
8437,1.2075997844017898,perceptual,EVC,dctrained,ReLu2,0.06652873712320098,437
8438,1.2123170016156304,perceptual,EVC,dctrained,ReLu2,0.07519412471592707,438
8439,6.526896163218026,perceptual,EVC,dctrained,ReLu2,0.0810837736703347,439
8440,-8.647981052763729,perceptual,EVC,dctrained,ReLu2,0.06335549949208209,440
8441,4.740668584674664,perceptual,EVC,dctrained,ReLu2,0.0775408371939731,441
8442,1.043344043376249,perceptual,EVC,dctrained,ReLu2,0.07979142946624951,442
8443,1.749388785412754,perceptual,EVC,dctrained,ReLu2,0.10448712759127185,443
8444,2.2407127089851278,perceptual,EVC,dctrained,ReLu2,0.07290850620157757,444
8445,1.331051900188994,perceptual,EVC,dctrained,ReLu2,0.09893269250051848,445
8446,-8.996790473965278,perceptual,EVC,dctrained,ReLu2,0.05616944921808156,446
8447,2.9684891569636753,perceptual,EVC,dctrained,ReLu2,0.04897036777682415,447
8448,0.6558552377985669,perceptual,EVC,dctrained,ReLu2,0.07662222029652163,448
8449,4.699389574231024,perceptual,EVC,dctrained,ReLu2,0.06891498337081864,449
8450,2.3091561399585743,perceptual,EVC,dctrained,ReLu2,0.08146554591987504,450
8451,1.585948605007703,perceptual,EVC,dctrained,ReLu2,0.07157612916336412,451
8452,1.6363352438240586,perceptual,EVC,dctrained,ReLu2,0.045814983079941834,452
8453,11.427791491272934,perceptual,EVC,dctrained,ReLu2,0.08618398639978948,453
8454,1.2956800900784706,perceptual,EVC,dctrained,ReLu2,0.07817635336098092,454
8455,1.369225622498874,perceptual,EVC,dctrained,ReLu2,0.07325486591866845,455
8456,1.8765077084850184,perceptual,EVC,dctrained,ReLu2,0.061237902740044876,456
8457,0.9025141617622969,perceptual,EVC,dctrained,ReLu2,0.0681347581755703,457
8458,1.605009825911296,perceptual,EVC,dctrained,ReLu2,0.08821035861388085,458
8459,1.7666240545941696,perceptual,EVC,dctrained,ReLu2,0.06764437188323977,459
8460,1.1779289796706887,perceptual,EVC,dctrained,ReLu2,0.07144006698633942,460
8461,1.0544884183204144,perceptual,EVC,dctrained,ReLu2,0.08322356516661361,461
8462,1.3745248577017797,perceptual,EVC,dctrained,ReLu2,0.06906698899782042,462
8463,0.8410800566600563,perceptual,EVC,dctrained,ReLu2,0.07485633025307752,463
8464,1.302760159882121,perceptual,EVC,dctrained,ReLu2,0.07569226942400359,464
8465,5.460551146979013,perceptual,EVC,dctrained,ReLu2,0.08175681326236765,465
8466,2.005442335716001,perceptual,EVC,dctrained,ReLu2,0.07540114736468051,466
8467,1.0234904331002745,perceptual,EVC,dctrained,ReLu2,0.07422086740728814,467
8468,3.0726292538066926,perceptual,EVC,dctrained,ReLu2,0.07538516493391996,468
8469,3.909169076871081,perceptual,EVC,dctrained,ReLu2,0.07940819212324575,469
8470,1.1446422689627396,perceptual,EVC,dctrained,ReLu2,0.07669558908729615,470
8471,2.087621561908997,perceptual,EVC,dctrained,ReLu2,0.07651673049815559,471
8472,1.057521247063123,perceptual,EVC,dctrained,ReLu2,0.08427619680089046,472
8473,2.4075680116046696,perceptual,EVC,dctrained,ReLu2,0.07117339864090587,473
8474,0.9738374741470764,perceptual,EVC,dctrained,ReLu2,0.06864727462033443,474
8475,0.9189794561289658,perceptual,EVC,dctrained,ReLu2,0.06577793090265949,475
8476,3.735666064074105,perceptual,EVC,dctrained,ReLu2,0.08557335007867964,476
8477,1.0179347956705245,perceptual,EVC,dctrained,ReLu2,0.05885935173815019,477
8478,0.9838819080372515,perceptual,EVC,dctrained,ReLu2,0.044759497196802805,478
8479,3.153186064002938,perceptual,EVC,dctrained,ReLu2,0.05356817858334503,479
8480,1.7669430604483156,perceptual,EVC,dctrained,ReLu2,0.06697877961436521,480
8481,0.6136447925714607,perceptual,EVC,dctrained,ReLu2,0.06038317868851209,481
8482,1.255571781237633,perceptual,EVC,dctrained,ReLu2,0.08084563429917194,482
8483,0.8166488059193797,perceptual,EVC,dctrained,ReLu2,0.06731152791081124,483
8484,41.9254280214329,perceptual,EVC,dctrained,ReLu2,0.07943683856189442,484
8485,4.059694867301164,perceptual,EVC,dctrained,ReLu2,0.07366314310697655,485
8486,1.7295665952473922,perceptual,EVC,dctrained,ReLu2,0.06368040246438443,486
8487,0.9741005773563159,perceptual,EVC,dctrained,ReLu2,0.07072020121389971,487
8488,1.064897318985541,perceptual,EVC,dctrained,ReLu2,0.06918255098339089,488
8489,0.8455888523352818,perceptual,EVC,dctrained,ReLu2,0.07854438231729191,489
8490,1.3724902489980877,perceptual,EVC,dctrained,ReLu2,0.07703546407244852,490
8491,1.1156599088369268,perceptual,EVC,dctrained,ReLu2,0.07055644763116514,491
8492,1.0431377268829223,perceptual,EVC,dctrained,ReLu2,0.07852389274964028,492
8493,1.3501886872551787,perceptual,EVC,dctrained,ReLu2,0.08116475474890758,493
8494,1.2176237110725896,perceptual,EVC,dctrained,ReLu2,0.07159506240551931,494
8495,2.3582829727156267,perceptual,EVC,dctrained,ReLu2,0.0720501632689008,495
8496,2.236193641851847,perceptual,EVC,dctrained,ReLu2,0.0710418752297376,496
8497,1.3463742049131142,perceptual,EVC,dctrained,ReLu2,0.05647186119385046,497
8498,2.3140942115700955,perceptual,EVC,dctrained,ReLu2,0.08496269164580147,498
8499,1.071950377956976,perceptual,EVC,dctrained,ReLu2,0.09544325458598628,499
8500,8.142656598173307,perceptual,EVC,dctrained,ReLu2,0.06222171074797067,500
8501,0.9246550687024007,perceptual,EVC,dctrained,ReLu2,0.08894961399912832,501
8502,1.0975061912723665,perceptual,EVC,dctrained,ReLu2,0.07380328200821923,502
8503,1.9185147297799283,perceptual,EVC,dctrained,ReLu2,0.06932184168133947,503
8504,0.7448883218303355,perceptual,EVC,dctrained,ReLu2,0.06268823559471462,504
8505,1.6972848416659359,perceptual,EVC,dctrained,ReLu2,0.085785755266553,505
8506,1.5563522060705413,perceptual,EVC,dctrained,ReLu2,0.0803617203358436,506
8507,15.860286614490699,perceptual,EVC,dctrained,ReLu2,0.07901440405109235,507
8508,2.5114374012283904,perceptual,EVC,dctrained,ReLu2,0.07498433948981845,508
8509,1.3019857543394926,perceptual,EVC,dctrained,ReLu2,0.08860403828196799,509
8510,1.4392632664598581,perceptual,EVC,dctrained,ReLu2,0.08732953199734586,510
8511,6.9164114800278815,perceptual,EVC,dctrained,ReLu2,0.07193985064665431,511
8512,2.8736540624534177,perceptual,EVC,dctrained,ReLu2,0.07927709530027183,512
8513,-12.720540117857942,perceptual,EVC,dctrained,ReLu2,0.07095382132113891,513
8514,1.337382705318821,perceptual,EVC,dctrained,ReLu2,0.07697174120033161,514
8515,1.4452586544999868,perceptual,EVC,dctrained,ReLu2,0.08190112259631804,515
8516,0.8374574051255986,perceptual,EVC,dctrained,ReLu2,0.05249073674873309,516
8517,0.743359037626385,perceptual,EVC,dctrained,ReLu2,0.076408953739459,517
8518,1.941382020697618,perceptual,EVC,dctrained,ReLu2,0.059374713884490296,518
8519,1.4090968606095262,perceptual,EVC,dctrained,ReLu2,0.06461199005017548,519
8520,1.1921752457586785,perceptual,EVC,dctrained,ReLu2,0.07295156401265857,520
8521,0.9344384897165104,perceptual,EVC,dctrained,ReLu2,0.07146483712645316,521
8522,2.6455590494094263,perceptual,EVC,dctrained,ReLu2,0.05752136866079002,522
8523,0.9549557453087474,perceptual,EVC,dctrained,ReLu2,0.08291701017115066,523
8524,0.7294512488317092,perceptual,EVC,dctrained,ReLu2,0.08852914392387082,524
8525,1.7886111309859558,perceptual,EVC,dctrained,ReLu2,0.08206802653295045,525
8526,1.587671060415077,perceptual,EVC,dctrained,ReLu2,0.073516341220519,526
8527,0.6964364380159195,perceptual,EVC,dctrained,ReLu2,0.06551899217852229,527
8528,10.875485558051416,perceptual,EVC,dctrained,ReLu2,0.06828963050399559,528
8529,1.0438608768613091,perceptual,EVC,dctrained,ReLu2,0.07247329441225611,529
8530,0.7923998320230703,perceptual,EVC,dctrained,ReLu2,0.06656011200589865,530
8531,2.0159930593463224,perceptual,EVC,dctrained,ReLu2,0.08701637589936467,531
8532,3.0263150374508445,perceptual,EVC,dctrained,ReLu2,0.08408091981612192,532
8533,-6.6278664021035745,perceptual,EVC,dctrained,ReLu2,0.06600141166784622,533
8534,0.870735803675233,perceptual,EVC,dctrained,ReLu2,0.07231255775015288,534
8535,1.7783983772858363,perceptual,EVC,dctrained,ReLu2,0.08172495061235864,535
8536,1.121655881917144,perceptual,EVC,dctrained,ReLu2,0.08458939159300202,536
8537,1.7057616911352702,perceptual,EVC,dctrained,ReLu2,0.07046755701543644,537
8538,2.8262361629495905,perceptual,EVC,dctrained,ReLu2,0.06658623861863378,538
8539,2.182129197889459,perceptual,EVC,dctrained,ReLu2,0.0902189323393541,539
8540,0.7624186218634527,perceptual,EVC,dctrained,ReLu2,0.09030276851687732,540
8541,0.7316910807563999,perceptual,EVC,dctrained,ReLu2,0.08485594221053841,541
8542,2.4933567658890414,perceptual,EVC,dctrained,ReLu2,0.08156406136783023,542
8543,6.811273969317399,perceptual,EVC,dctrained,ReLu2,0.08907101538186696,543
8544,1.018572250552484,perceptual,EVC,dctrained,ReLu2,0.07163059061571245,544
8545,1.0547779409237836,perceptual,EVC,dctrained,ReLu2,0.08612839655010912,545
8546,1.5421353933466664,perceptual,EVC,dctrained,ReLu2,0.0748380445109523,546
8547,1.3309301968701226,perceptual,EVC,dctrained,ReLu2,0.06520846123324531,547
8548,1.7485737814847482,perceptual,EVC,dctrained,ReLu2,0.06773951065291493,548
8549,1.1482231947683623,perceptual,EVC,dctrained,ReLu2,0.09199581125334641,549
8550,1.3264520248537026,perceptual,EVC,dctrained,ReLu2,0.06858129861868942,550
8551,1.6499226288365751,perceptual,EVC,dctrained,ReLu2,0.07263639333187624,551
8552,1.4030725117283176,perceptual,EVC,dctrained,ReLu2,0.08122344221319017,552
8553,6.188756893337945,perceptual,EVC,dctrained,ReLu2,0.06284305357983708,553
8554,1.7415041397306097,perceptual,EVC,dctrained,ReLu2,0.08085331278981665,554
8555,1.0543193085678928,perceptual,EVC,dctrained,ReLu2,0.07076781570973355,555
8556,1.9769167143202746,perceptual,EVC,dctrained,ReLu2,0.06855959417851143,556
8557,8.190886546969905,perceptual,EVC,dctrained,ReLu2,0.08937666662013902,557
8558,0.8092136933548943,perceptual,EVC,dctrained,ReLu2,0.06682536791805649,558
8559,-4.9328273171252315,perceptual,EVC,dctrained,ReLu2,0.06994339578036222,559
8560,1.9719701901559852,perceptual,EVC,dctrained,ReLu2,0.08261748097859352,560
8561,6.826396522544992,perceptual,EVC,dctrained,ReLu2,0.08936952995724422,561
8562,5.990449229517026,perceptual,EVC,dctrained,ReLu2,0.0617030942976128,562
8563,0.9170642216514554,perceptual,EVC,dctrained,ReLu2,0.07002443354781926,563
8564,3.069619980995847,perceptual,EVC,dctrained,ReLu2,0.08115545439949248,564
8565,1.3514826917438922,perceptual,EVC,dctrained,ReLu2,0.07004506527406826,565
8566,-5.230484998153463,perceptual,EVC,dctrained,ReLu2,0.07250344653456631,566
8567,0.8235848036684,perceptual,EVC,dctrained,ReLu2,0.06911438018490408,567
8568,1.1235101185537937,perceptual,EVC,dctrained,ReLu2,0.07236926070120644,568
8569,0.7563850721319746,perceptual,EVC,dctrained,ReLu2,0.05553661008684382,569
8570,5.543790434157722,perceptual,EVC,dctrained,ReLu2,0.07532455854249792,570
8571,5.239785839678474,perceptual,EVC,dctrained,ReLu2,0.07996603037179481,571
8572,1.3391587772100157,perceptual,EVC,dctrained,ReLu2,0.08223808937566651,572
8573,0.7985128190421951,perceptual,EVC,dctrained,ReLu2,0.07734808594881887,573
8574,1.4619670324989287,perceptual,EVC,dctrained,ReLu2,0.09475251157957851,574
8575,2.620252962809847,perceptual,EVC,dctrained,ReLu2,0.0803373623882454,575
8576,11.80169415560546,perceptual,EVC,dctrained,ReLu2,0.07460854397990463,576
8577,0.41577139386651024,perceptual,EVC,dctrained,ReLu2,0.07369555592520491,577
8578,2.6521053484776593,perceptual,EVC,dctrained,ReLu2,0.09116471389533365,578
8579,1.0125235859645625,perceptual,EVC,dctrained,ReLu2,0.06109633505228952,579
8580,1.2170339697860493,perceptual,EVC,dctrained,ReLu2,0.08554450612378864,580
8581,4.828133563056299,perceptual,EVC,dctrained,ReLu2,0.0696146227631335,581
8582,0.9540766275870131,perceptual,EVC,dctrained,ReLu2,0.08338768671153238,582
8583,2.413613471163354,perceptual,EVC,dctrained,ReLu2,0.06423140442962874,583
8584,1.6268142094170845,perceptual,EVC,dctrained,ReLu2,0.060966980401473456,584
8585,1.4819500401394976,perceptual,EVC,dctrained,ReLu2,0.08367218719384194,585
8586,1.592197590145277,perceptual,EVC,dctrained,ReLu2,0.06303849114080298,586
8587,2.3364335709130493,perceptual,EVC,dctrained,ReLu2,0.0734491274574628,587
8588,9.908107673288027,perceptual,EVC,dctrained,ReLu2,0.08024865084039087,588
8589,1.0699420772379489,perceptual,EVC,dctrained,ReLu2,0.07078631396680352,589
8590,1.6248830874992242,perceptual,EVC,dctrained,ReLu2,0.08302439589460126,590
8591,-4.401948805336901,perceptual,EVC,dctrained,ReLu2,0.06913966696047837,591
8592,0.8759117437086525,perceptual,EVC,dctrained,ReLu2,0.053657690579435716,592
8593,2.6696029537162986,perceptual,EVC,dctrained,ReLu2,0.10144511860129021,593
8594,2.3581276688534096,perceptual,EVC,dctrained,ReLu2,0.07819978215234843,594
8595,1.8745457997131456,perceptual,EVC,dctrained,ReLu2,0.07107102821911025,595
8596,0.8978547211203196,perceptual,EVC,dctrained,ReLu2,0.06474134020304095,596
8597,1.0618257504756938,perceptual,EVC,dctrained,ReLu2,0.07475771184367001,597
8598,1.6926751048246307,perceptual,EVC,dctrained,ReLu2,0.07227233871380317,598
8599,1.8696905153810721,perceptual,EVC,dctrained,ReLu2,0.06988834209322616,599
8600,0.7819075362857513,perceptual,EVC,dctrained,ReLu2,0.0762393637853939,600
8601,0.616372486564864,perceptual,EVC,dctrained,ReLu2,0.06765435644006815,601
8602,1.084965052646793,perceptual,EVC,dctrained,ReLu2,0.07625471327130592,602
8603,3.055330859108873,perceptual,EVC,dctrained,ReLu2,0.06267544934414399,603
8604,0.7465209697900352,perceptual,EVC,dctrained,ReLu2,0.08066411484424796,604
8605,3.4074699544353195,perceptual,EVC,dctrained,ReLu2,0.08541212557724362,605
8606,2.4368431777204944,perceptual,EVC,dctrained,ReLu2,0.058342946030443044,606
8607,1.0306126030950147,perceptual,EVC,dctrained,ReLu2,0.07531521552145568,607
8608,3.874171578813512,perceptual,EVC,dctrained,ReLu2,0.07205246177234967,608
8609,0.801535449153162,perceptual,EVC,dctrained,ReLu2,0.07143718880773565,609
8610,2.0127193094861173,perceptual,EVC,dctrained,ReLu2,0.06458918752278786,610
8611,1.9999237487894812,perceptual,EVC,dctrained,ReLu2,0.07480081388314583,611
8612,0.8829739207710318,perceptual,EVC,dctrained,ReLu2,0.0813324219178646,612
8613,1.260351296324019,perceptual,EVC,dctrained,ReLu2,0.09374781243313185,613
8614,2.99655933847242,perceptual,EVC,dctrained,ReLu2,0.07895009269671872,614
8615,1.460767482619795,perceptual,EVC,dctrained,ReLu2,0.10005154843441211,615
8616,2.174552919772327,perceptual,EVC,dctrained,ReLu2,0.06558534896915186,616
8617,17.103193716614992,perceptual,EVC,dctrained,ReLu2,0.07696626308980865,617
8618,1.48771091277488,perceptual,EVC,dctrained,ReLu2,0.06241501604723096,618
8619,2.7381598223375905,perceptual,EVC,dctrained,ReLu2,0.06722215317182055,619
8620,1.1797980490658453,perceptual,EVC,dctrained,ReLu2,0.059839144782045425,620
8621,0.9732668009183557,perceptual,EVC,dctrained,ReLu2,0.06160020299480462,621
8622,1.5655212442756856,perceptual,EVC,dctrained,ReLu2,0.08694259255545805,622
8623,1.0358769353957995,perceptual,EVC,dctrained,ReLu2,0.07964350275133053,623
8624,-278.4630824534366,perceptual,EVC,dctrained,ReLu2,0.0948765651802089,624
8625,0.9071855981045095,perceptual,EVC,dctrained,ReLu2,0.07400290952860523,625
8626,1.0689301710608643,perceptual,EVC,dctrained,ReLu2,0.08120631661447948,626
8627,1.110247230862186,perceptual,EVC,dctrained,ReLu2,0.08424351711808903,627
8628,2.221753676548521,perceptual,EVC,dctrained,ReLu2,0.07654475401171881,628
8629,1.2908907092057524,perceptual,EVC,dctrained,ReLu2,0.07218328906905577,629
8630,1.6988208642789682,perceptual,EVC,dctrained,ReLu2,0.08487748933246908,630
8631,1.3069908973832167,perceptual,EVC,dctrained,ReLu2,0.07340552294431855,631
8632,0.81826436430581,perceptual,EVC,dctrained,ReLu2,0.07255788766563925,632
8633,3.8579480398058323,perceptual,EVC,dctrained,ReLu2,0.050578810555333205,633
8634,2.104566864427361,perceptual,EVC,dctrained,ReLu2,0.06913280948176176,634
8635,1.9809487501648206,perceptual,EVC,dctrained,ReLu2,0.07908004542461541,635
8636,1.3449263469400525,perceptual,EVC,dctrained,ReLu2,0.05558576431539263,636
8637,2.3839960095444503,perceptual,EVC,dctrained,ReLu2,0.0758474987801141,637
8638,1.2426990814715544,perceptual,EVC,dctrained,ReLu2,0.07154216730738963,638
8639,3.2461126658245845,perceptual,EVC,dctrained,ReLu2,0.06676810320907309,639
8640,1.5446134676369776,perceptual,EVC,dctrained,ReLu2,0.06636410892746153,640
8641,1.0525361827855273,perceptual,EVC,dctrained,ReLu2,0.08015397295986947,641
8642,4.3566729228002075,perceptual,EVC,dctrained,ReLu2,0.09243197310191101,642
8643,0.8476969269636287,perceptual,EVC,dctrained,ReLu2,0.07106995219359916,643
8644,1.6689749446711832,perceptual,EVC,dctrained,ReLu2,0.0755505009565572,644
8645,1.7599794869855407,perceptual,EVC,dctrained,ReLu2,0.0829480284068799,645
8646,2.930689619562421,perceptual,EVC,dctrained,ReLu2,0.07194081098401776,646
8647,1.6798821305092277,perceptual,EVC,dctrained,ReLu2,0.08353396201206786,647
8648,2.4144232558682877,perceptual,EVC,dctrained,ReLu2,0.08243438876730083,648
8649,8.807470182240106,perceptual,EVC,dctrained,ReLu2,0.08789230591012985,649
8650,3.643146322382833,perceptual,EVC,dctrained,ReLu2,0.06193261055349414,650
8651,1.3874889486484083,perceptual,EVC,dctrained,ReLu2,0.08017309662511665,651
8652,1.7801523883798809,perceptual,EVC,dctrained,ReLu2,0.058703497022669124,652
8653,1.511963196002567,perceptual,EVC,dctrained,ReLu2,0.08312431636326795,653
8654,3.778408278983247,perceptual,EVC,dctrained,ReLu2,0.07786505306378419,654
8655,2.094034471644656,perceptual,EVC,dctrained,ReLu2,0.08952094418378984,655
8656,1.280818766287227,perceptual,EVC,dctrained,ReLu2,0.08181536344196395,656
8657,5.252255257261646,perceptual,EVC,dctrained,ReLu2,0.07941594559322246,657
8658,0.9324385123649143,perceptual,EVC,dctrained,ReLu2,0.05265194691090182,658
8659,0.7829565990006075,perceptual,EVC,dctrained,ReLu2,0.05957196050081769,659
8660,4.081553251003737,perceptual,EVC,dctrained,ReLu2,0.08105011024255991,660
8661,6.729426038167796,perceptual,EVC,dctrained,ReLu2,0.07997519433834685,661
8662,1.9837954851104278,perceptual,EVC,dctrained,ReLu2,0.08788205672212493,662
8663,1.9775468125358437,perceptual,EVC,dctrained,ReLu2,0.07812561903492286,663
8664,2.5768241978570816,perceptual,EVC,dctrained,ReLu2,0.07427640230075666,664
8665,1.3613903360526682,perceptual,EVC,dctrained,ReLu2,0.09003949150600248,665
8666,6.528378825089585,perceptual,EVC,dctrained,ReLu2,0.08253823939789526,666
8667,2.4498909500562385,perceptual,EVC,dctrained,ReLu2,0.09282191406736995,667
8668,3.0555993628667175,perceptual,EVC,dctrained,ReLu2,0.05480644590896259,668
8669,1.0053149198617974,perceptual,EVC,dctrained,ReLu2,0.06884695892433229,669
8670,2.11408424299593,perceptual,EVC,dctrained,ReLu2,0.07541839315432039,670
8671,2.0337081118843594,perceptual,EVC,dctrained,ReLu2,0.059941051425324784,671
8672,11.987301565844872,perceptual,EVC,dctrained,ReLu2,0.05640096348852394,672
8673,1.2633337505907918,perceptual,EVC,dctrained,ReLu2,0.08730907391242129,673
8674,1.0378654305393447,perceptual,EVC,dctrained,ReLu2,0.07712071309555141,674
8675,1.019536894474177,perceptual,EVC,dctrained,ReLu2,0.07461864292075934,675
8676,2.7686680616759545,perceptual,EVC,dctrained,ReLu2,0.0566077764139921,676
8677,1.6938889212415016,perceptual,EVC,dctrained,ReLu2,0.0849092520933511,677
8678,-33.02733935060902,perceptual,EVC,dctrained,ReLu2,0.06180907653328001,678
8679,3.6227749072459066,perceptual,EVC,dctrained,ReLu2,0.06517676888750577,679
8680,1.4089418940605416,perceptual,EVC,dctrained,ReLu2,0.09461659955474139,680
8681,1.0008097234997018,perceptual,EVC,dctrained,ReLu2,0.0629825043290517,681
8682,2.327132184871246,perceptual,EVC,dctrained,ReLu2,0.09619394073021605,682
8683,0.7426252426083374,perceptual,EVC,dctrained,ReLu2,0.0788473145206727,683
8684,0.9434760196025446,perceptual,EVC,dctrained,ReLu2,0.07645130099574682,684
8685,0.7580112995557986,perceptual,EVC,dctrained,ReLu2,0.07314979259540023,685
8686,1.4916286032061248,perceptual,EVC,dctrained,ReLu2,0.0847391932352587,686
8687,1.481143151048931,perceptual,EVC,dctrained,ReLu2,0.08170835292176243,687
8688,1.2782813059953662,perceptual,EVC,dctrained,ReLu2,0.07133976330758096,688
8689,1.6051421562970185,perceptual,EVC,dctrained,ReLu2,0.0910387868372946,689
8690,0.9067077874150257,perceptual,EVC,dctrained,ReLu2,0.05378246687926129,690
8691,3.29959802748523,perceptual,EVC,dctrained,ReLu2,0.0686658577247276,691
8692,1.0843127007986741,perceptual,EVC,dctrained,ReLu2,0.07631127014511839,692
8693,1.0461537531517826,perceptual,EVC,dctrained,ReLu2,0.07565346326687326,693
8694,0.7268847924415042,perceptual,EVC,dctrained,ReLu2,0.04251318479208967,694
8695,2.1756743568128107,perceptual,EVC,dctrained,ReLu2,0.0787039365144982,695
8696,1.2315256732733357,perceptual,EVC,dctrained,ReLu2,0.05838885626401133,696
8697,1.031181051734572,perceptual,EVC,dctrained,ReLu2,0.08397128616259938,697
8698,1.8410968536499484,perceptual,EVC,dctrained,ReLu2,0.08233622773258907,698
8699,3.1715080919688625,perceptual,EVC,dctrained,ReLu2,0.06660820914782611,699
8700,2.6108960742375373,perceptual,EVC,dctrained,ReLu2,0.07121180624126479,700
8701,1.0608549101190523,perceptual,EVC,dctrained,ReLu2,0.08536204631297817,701
8702,3.5064136956918768,perceptual,EVC,dctrained,ReLu2,0.08410916129699697,702
8703,1.1168945681089677,perceptual,EVC,dctrained,ReLu2,0.06948937911996807,703
8704,0.5612739559785964,perceptual,EVC,dctrained,ReLu2,0.06667297575815959,704
8705,1.1243465697096455,perceptual,EVC,dctrained,ReLu2,0.07913428060832084,705
8706,-10.772862574346394,perceptual,EVC,dctrained,ReLu2,0.07944255314699117,706
8707,0.6362331847216335,perceptual,EVC,dctrained,ReLu2,0.05724326053492686,707
8708,2.089176815969137,perceptual,EVC,dctrained,ReLu2,0.08706312327931139,708
8709,1.9453874520672458,perceptual,EVC,dctrained,ReLu2,0.0616989549910578,709
8710,0.779971071169191,perceptual,EVC,dctrained,ReLu2,0.08318188111972993,710
8711,2.172006725850083,perceptual,EVC,dctrained,ReLu2,0.1015102037785843,711
8712,2.6847887112411026,perceptual,EVC,dctrained,ReLu2,0.08426205882935728,712
8713,1.2116722217576819,perceptual,EVC,dctrained,ReLu2,0.056946318032294115,713
8714,2.0346259466752388,perceptual,EVC,dctrained,ReLu2,0.07568468731107655,714
8715,-8.033206317216003,perceptual,EVC,dctrained,ReLu2,0.06634315238497647,715
8716,1.1339305709018086,perceptual,EVC,dctrained,ReLu2,0.055550640840472496,716
8717,1.6982834807643834,perceptual,EVC,dctrained,ReLu2,0.08206482561072956,717
8718,1.2728905399062176,perceptual,EVC,dctrained,ReLu2,0.06630208090833703,718
8719,1.9791536075576952,perceptual,EVC,dctrained,ReLu2,0.06045909904858847,719
8720,0.7893549307059006,perceptual,EVC,dctrained,ReLu2,0.0983666771858126,720
8721,1.7725533008174343,perceptual,EVC,dctrained,ReLu2,0.0659739374938638,721
8722,0.6657507801604392,perceptual,EVC,dctrained,ReLu2,0.07676065853799122,722
8723,1.4527109499596975,perceptual,EVC,dctrained,ReLu2,0.06805701585436312,723
8724,2.6985038175585054,perceptual,EVC,dctrained,ReLu2,0.08107141858813191,724
8725,3.435181269763693,perceptual,EVC,dctrained,ReLu2,0.08692895066277391,725
8726,7.7793415907267836,perceptual,EVC,dctrained,ReLu2,0.0831388056681677,726
8727,3.7937568710265888,perceptual,EVC,dctrained,ReLu2,0.08190208680212738,727
8728,1.998989194734044,perceptual,EVC,dctrained,ReLu2,0.07797457459517218,728
8729,1.5830249341048364,perceptual,EVC,dctrained,ReLu2,0.08780304933558547,729
8730,0.3902003335053433,perceptual,EVC,dctrained,ReLu2,0.08029590597562353,730
8731,5.356689989213809,perceptual,EVC,dctrained,ReLu2,0.07271599736197132,731
8732,2.26040832942694,perceptual,EVC,dctrained,ReLu2,0.08171685830608831,732
8733,0.9699542917055408,perceptual,EVC,dctrained,ReLu2,0.07672567653963273,733
8734,2.23580619725546,perceptual,EVC,dctrained,ReLu2,0.07653639556560138,734
8735,0.8936089625943693,perceptual,EVC,dctrained,ReLu2,0.06505019013018495,735
8736,5.24763128787961,perceptual,EVC,dctrained,ReLu2,0.058981869452376955,736
8737,1.2201042275418192,perceptual,EVC,dctrained,ReLu2,0.04750431684733536,737
8738,1.8712653463593332,perceptual,EVC,dctrained,ReLu2,0.058338396626873554,738
8739,9.58333004304221,perceptual,EVC,dctrained,ReLu2,0.0679569602316611,739
8740,2.9169099043458315,perceptual,EVC,dctrained,ReLu2,0.09206462116794767,740
8741,6.34029822744837,perceptual,EVC,dctrained,ReLu2,0.07492899881394592,741
8742,0.7585635370827307,perceptual,EVC,dctrained,ReLu2,0.07098873353371632,742
8743,1.1535755398396266,perceptual,EVC,dctrained,ReLu2,0.07505307606336228,743
8744,2.604387799141438,perceptual,EVC,dctrained,ReLu2,0.08310979162737947,744
8745,1.8185716006867618,perceptual,EVC,dctrained,ReLu2,0.06827150835455084,745
8746,8.965183193111544,perceptual,EVC,dctrained,ReLu2,0.07871724330441834,746
8747,0.7412989105736765,perceptual,EVC,dctrained,ReLu2,0.07639957367779066,747
8748,0.7370524988959966,perceptual,EVC,dctrained,ReLu2,0.07792032554004143,748
8749,2.857199560886821,perceptual,EVC,dctrained,ReLu2,0.07851285289481304,749
8750,6.1937384041364405,perceptual,EVC,dctrained,ReLu2,0.058883475885025835,750
8751,1.3044823341052012,perceptual,EVC,dctrained,ReLu2,0.08763780815918486,751
8752,0.878391238718978,perceptual,EVC,dctrained,ReLu2,0.049263771111922885,752
8753,2.3339505614759846,perceptual,EVC,dctrained,ReLu2,0.07832097460418323,753
8754,0.692427227306015,perceptual,EVC,dctrained,ReLu2,0.0711841156256017,754
8755,1.4719267939175802,perceptual,EVC,dctrained,ReLu2,0.07829889170646182,755
8756,1.7708583459413885,perceptual,EVC,dctrained,ReLu2,0.06426176838294247,756
8757,1.047351355873507,perceptual,EVC,dctrained,ReLu2,0.06892475479362846,757
8758,0.8623262245145344,perceptual,EVC,dctrained,ReLu2,0.06072767883636834,758
8759,1.5331533372054886,perceptual,EVC,dctrained,ReLu2,0.07275927366965174,759
8760,2.6695260817798023,perceptual,EVC,dctrained,ReLu2,0.06677516517120669,760
8761,1.4763211989954106,perceptual,EVC,dctrained,ReLu2,0.08153150043200477,761
8762,1.4900605857206608,perceptual,EVC,dctrained,ReLu2,0.048639877655761325,762
8763,1.6350688571343874,perceptual,EVC,dctrained,ReLu2,0.05767137788346714,763
8764,1.2487729291842964,perceptual,EVC,dctrained,ReLu2,0.08296982883579462,764
8765,0.936718553946388,perceptual,EVC,dctrained,ReLu2,0.08535871144197149,765
8766,58.25989081668253,perceptual,EVC,dctrained,ReLu2,0.06465842509928246,766
8767,0.9631328713600509,perceptual,EVC,dctrained,ReLu2,0.08165471676753246,767
8768,3.406153412869515,perceptual,EVC,dctrained,ReLu2,0.0818092197104808,768
8769,2.60023969370248,perceptual,EVC,dctrained,ReLu2,0.06509532227987216,769
8770,1.4783846195778532,perceptual,EVC,dctrained,ReLu2,0.08890180620778862,770
8771,2.0300133037806636,perceptual,EVC,dctrained,ReLu2,0.09073338267126231,771
8772,1.1299006487167464,perceptual,EVC,dctrained,ReLu2,0.07284272167068281,772
8773,2.240719051478821,perceptual,EVC,dctrained,ReLu2,0.06947073138587542,773
8774,2.876155618483958,perceptual,EVC,dctrained,ReLu2,0.08965123119725726,774
8775,-814.235052913796,perceptual,EVC,dctrained,ReLu2,0.07473015317064968,775
8776,1.0403711408979976,perceptual,EVC,dctrained,ReLu2,0.06509852531841431,776
8777,1.3933209446353125,perceptual,EVC,dctrained,ReLu2,0.07514650603296694,777
8778,1.3068064263940866,perceptual,EVC,dctrained,ReLu2,0.07973053785888717,778
8779,1.2496047866221973,perceptual,EVC,dctrained,ReLu2,0.06211168157260404,779
8780,2.201197488073154,perceptual,EVC,dctrained,ReLu2,0.07006218670366554,780
8781,1.8964170415841108,perceptual,EVC,dctrained,ReLu2,0.05215684734755781,781
8782,1.051839048337144,perceptual,EVC,dctrained,ReLu2,0.07392201933351386,782
8783,3.962079929290369,perceptual,EVC,dctrained,ReLu2,0.08819163017157759,783
8784,7.213462807025937,perceptual,EVC,dctrained,ReLu2,0.0855862456485462,784
8785,1.5881987859938385,perceptual,EVC,dctrained,ReLu2,0.07612536027195704,785
8786,2.43486668093076,perceptual,EVC,dctrained,ReLu2,0.06711877936363718,786
8787,0.8484409431611789,perceptual,EVC,dctrained,ReLu2,0.06630203611361335,787
8788,0.7444369828747918,perceptual,EVC,dctrained,ReLu2,0.08273410034581523,788
8789,1.0634790102578437,perceptual,EVC,dctrained,ReLu2,0.07212503348331159,789
8790,0.7494580775045735,perceptual,EVC,dctrained,ReLu2,0.06250183287436496,790
8791,0.941770906740676,perceptual,EVC,dctrained,ReLu2,0.08735793825995536,791
8792,0.5719816808878428,perceptual,EVC,dctrained,ReLu2,0.07520694258875615,792
8793,1.3986307442919677,perceptual,EVC,dctrained,ReLu2,0.08491271746005916,793
8794,86.31454539167612,perceptual,EVC,dctrained,ReLu2,0.08038114859536204,794
8795,1.8769266940703049,perceptual,EVC,dctrained,ReLu2,0.059635951175843374,795
8796,0.9097373480788983,perceptual,EVC,dctrained,ReLu2,0.07337646291600342,796
8797,1.6029704393646533,perceptual,EVC,dctrained,ReLu2,0.08682744993294503,797
8798,0.9910814605273449,perceptual,EVC,dctrained,ReLu2,0.05880059521062091,798
8799,4.354564700188036,perceptual,EVC,dctrained,ReLu2,0.09294841670535606,799
8800,2.1924617708621335,perceptual,EVC,dctrained,ReLu2,0.07426685619561765,800
8801,1.4144138166725866,perceptual,EVC,dctrained,ReLu2,0.0661753774957489,801
8802,1.4868923570600259,perceptual,EVC,dctrained,ReLu2,0.06779091086958731,802
8803,1.0035997062145683,perceptual,EVC,dctrained,ReLu2,0.08037024849146332,803
8804,3.573278187251143,perceptual,EVC,dctrained,ReLu2,0.07981584581027062,804
8805,1.3044851359109781,perceptual,EVC,dctrained,ReLu2,0.0778449440942302,805
8806,3.3339973141161954,perceptual,EVC,dctrained,ReLu2,0.0770962062550622,806
8807,0.8247271538162021,perceptual,EVC,dctrained,ReLu2,0.08478048055981655,807
8808,1.5995599629556823,perceptual,EVC,dctrained,ReLu2,0.06686155620433587,808
8809,0.917168508470727,perceptual,EVC,dctrained,ReLu2,0.06886486947465835,809
8810,1.2048996549573603,perceptual,EVC,dctrained,ReLu2,0.07933574515081568,810
8811,3.6792337056968587,perceptual,EVC,dctrained,ReLu2,0.08483148915623459,811
8812,0.9221856876835524,perceptual,EVC,dctrained,ReLu2,0.06982924041993416,812
8813,0.7107946901668034,perceptual,EVC,dctrained,ReLu2,0.07645863142922049,813
8814,0.6906306078589135,perceptual,EVC,dctrained,ReLu2,0.06775238658653729,814
8815,1.1090914260405897,perceptual,EVC,dctrained,ReLu2,0.06275985200586374,815
8816,1.862033121380817,perceptual,EVC,dctrained,ReLu2,0.057975805389677185,816
8817,1.693213178041515,perceptual,EVC,dctrained,ReLu2,0.08304805179126355,817
8818,-16.628044763050063,perceptual,EVC,dctrained,ReLu2,0.07434198338893548,818
8819,3.2854313235933876,perceptual,EVC,dctrained,ReLu2,0.06490071304922758,819
8820,0.8885546787854878,perceptual,EVC,dctrained,ReLu2,0.09179974160792932,820
8821,2.6640985830641495,perceptual,EVC,dctrained,ReLu2,0.08330473319036705,821
8822,1.5690795496928753,perceptual,EVC,dctrained,ReLu2,0.09451771838092105,822
8823,0.7906366879321498,perceptual,EVC,dctrained,ReLu2,0.06981024584623444,823
8824,1.0591000109569084,perceptual,EVC,dctrained,ReLu2,0.06982026012049013,824
8825,-11.870483845793231,perceptual,EVC,dctrained,ReLu2,0.07480093848759575,825
8826,4.635733075918208,perceptual,EVC,dctrained,ReLu2,0.06444749867505066,826
8827,2.6733515030974595,perceptual,EVC,dctrained,ReLu2,0.07240711823051162,827
8828,8.138846938717974,perceptual,EVC,dctrained,ReLu2,0.06955307956647883,828
8829,0.5455254818682969,perceptual,EVC,dctrained,ReLu2,0.07110688084295247,829
8830,5.474840082057472,perceptual,EVC,dctrained,ReLu2,0.08658045273851689,830
8831,5.117676094445571,perceptual,EVC,dctrained,ReLu2,0.08246314749273702,831
8832,6.6482108815787795,perceptual,EVC,dctrained,ReLu2,0.06092637389351126,832
8833,1.0112440967049423,perceptual,EVC,dctrained,ReLu2,0.0742149257288605,833
8834,2.2775563099858185,perceptual,EVC,dctrained,ReLu2,0.08136318784619803,834
8835,1.0681052398464712,perceptual,EVC,dctrained,ReLu2,0.06222914966144584,835
8836,1.2169925215377115,perceptual,EVC,dctrained,ReLu2,0.07940590578587764,836
8837,1.6042516078997782,perceptual,EVC,dctrained,ReLu2,0.094678567815312,837
8838,0.9470950039632078,perceptual,EVC,dctrained,ReLu2,0.07230541679870175,838
8839,3.0768851767474508,perceptual,EVC,dctrained,ReLu2,0.06815824188574768,839
8840,1.983541631897738,perceptual,EVC,dctrained,ReLu2,0.08159493930487581,840
8841,1.179450015997501,perceptual,EVC,dctrained,ReLu2,0.06308633183396983,841
8842,1.3505539442866403,perceptual,EVC,dctrained,ReLu2,0.06480828006752237,842
8843,1.2128874592396783,perceptual,EVC,dctrained,ReLu2,0.0770256198730631,843
8844,226.57081783999254,perceptual,EVC,dctrained,ReLu2,0.07526107393887915,844
8845,7.3873662235967945,perceptual,EVC,dctrained,ReLu2,0.07882198107378759,845
8846,0.7801896727522311,perceptual,EVC,dctrained,ReLu2,0.04941957572093163,846
8847,1.3465728435121782,perceptual,EVC,dctrained,ReLu2,0.09531398361518537,847
8848,1.0652956925560404,perceptual,EVC,dctrained,ReLu2,0.07011323715032161,848
8849,2.3018367494559553,perceptual,EVC,dctrained,ReLu2,0.06933473349608148,849
8850,2.8855688287775396,perceptual,EVC,dctrained,ReLu2,0.055018101298990624,850
8851,2.147985786465729,perceptual,EVC,dctrained,ReLu2,0.07863391146729665,851
8852,1.9088146489806317,perceptual,EVC,dctrained,ReLu2,0.0960017826336584,852
8853,2.644901961341116,perceptual,EVC,dctrained,ReLu2,0.08632878451383076,853
8854,2.223554795173504,perceptual,EVC,dctrained,ReLu2,0.08142621393745988,854
8855,0.838639372908468,perceptual,EVC,dctrained,ReLu2,0.08181196128846259,855
8856,0.8523090152236097,perceptual,EVC,dctrained,ReLu2,0.07487596048937957,856
8857,1.8737733630462772,perceptual,EVC,dctrained,ReLu2,0.05403879783385471,857
8858,1.5270098563483365,perceptual,EVC,dctrained,ReLu2,0.08943386756421787,858
8859,1.150369950256632,perceptual,EVC,dctrained,ReLu2,0.06477390343403516,859
8860,2.25848919689947,perceptual,EVC,dctrained,ReLu2,0.06493748008948497,860
8861,0.8172260497036113,perceptual,EVC,dctrained,ReLu2,0.05201720452646018,861
8862,-32.369944017425844,perceptual,EVC,dctrained,ReLu2,0.06083666039113528,862
8863,5.234257833708138,perceptual,EVC,dctrained,ReLu2,0.07988610434832766,863
8864,2.6495363299343846,perceptual,EVC,dctrained,ReLu2,0.08427391829186934,864
8865,3.5157721061641944,perceptual,EVC,dctrained,ReLu2,0.09376848624016249,865
8866,7.71599480083536,perceptual,EVC,dctrained,ReLu2,0.08092172808700589,866
8867,2.243144245367749,perceptual,EVC,dctrained,ReLu2,0.06399376312680141,867
8868,1.7933958185650518,perceptual,EVC,dctrained,ReLu2,0.08696037939068535,868
8869,0.7761838062611384,perceptual,EVC,dctrained,ReLu2,0.0763882571009544,869
8870,7.498544923744298,perceptual,EVC,dctrained,ReLu2,0.07896233284284913,870
8871,2.119864246615983,perceptual,EVC,dctrained,ReLu2,0.06820353068624506,871
8872,1.7849053232047212,perceptual,EVC,dctrained,ReLu2,0.07421779632127279,872
8873,1.2758778498176637,perceptual,EVC,dctrained,ReLu2,0.073393323915968,873
8874,1.3754846173103408,perceptual,EVC,dctrained,ReLu2,0.09217818550821937,874
8875,1.4337866263606773,perceptual,EVC,dctrained,ReLu2,0.07110099150481403,875
8876,2.4852575606985137,perceptual,EVC,dctrained,ReLu2,0.08515600067295565,876
8877,0.6601888030950639,perceptual,EVC,dctrained,ReLu2,0.06244018959052948,877
8878,0.6705476948183092,perceptual,EVC,dctrained,ReLu2,0.07790527127176808,878
8879,1.3977780701978928,perceptual,EVC,dctrained,ReLu2,0.07633779214503353,879
8880,0.8818638040434946,perceptual,EVC,dctrained,ReLu2,0.08456372211239666,880
8881,2.226793022275702,perceptual,EVC,dctrained,ReLu2,0.07014471233020306,881
8882,1.1135916448611618,perceptual,EVC,dctrained,ReLu2,0.0690819432685407,882
8883,2.3773059562750505,perceptual,EVC,dctrained,ReLu2,0.08675692778535571,883
8884,-6.859196115016727,perceptual,EVC,dctrained,ReLu2,0.06520669288009429,884
8885,0.9715067686919875,perceptual,EVC,dctrained,ReLu2,0.07387505951499908,885
8886,4.801278867980593,perceptual,EVC,dctrained,ReLu2,0.08017672348399235,886
8887,1.5314976323516458,perceptual,EVC,dctrained,ReLu2,0.07393651964155885,887
8888,1.2063285635264396,perceptual,EVC,dctrained,ReLu2,0.08059459438011524,888
8889,3.0889710223018874,perceptual,EVC,dctrained,ReLu2,0.06572110498804375,889
8890,1.7287869916160514,perceptual,EVC,dctrained,ReLu2,0.06714811675831299,890
8891,8.592149991079904,perceptual,EVC,dctrained,ReLu2,0.07268597165583139,891
8892,2.229544843490521,perceptual,EVC,dctrained,ReLu2,0.07883632989530429,892
8893,0.9439924479378337,perceptual,EVC,dctrained,ReLu2,0.06560149039726434,893
8894,1.147721216297138,perceptual,EVC,dctrained,ReLu2,0.08529404841319586,894
8895,13.34632658337168,perceptual,EVC,dctrained,ReLu2,0.07427610976808219,895
8896,-10.6732289177934,perceptual,EVC,dctrained,ReLu2,0.07215519718239505,896
8897,2.2755312256649844,perceptual,EVC,dctrained,ReLu2,0.08144661123634707,897
8898,0.7136755049765567,perceptual,EVC,dctrained,ReLu2,0.07025599412542322,898
8899,1.591410712572341,perceptual,EVC,dctrained,ReLu2,0.08438230696083464,899
8900,2.509695243129584,perceptual,EVC,dctrained,ReLu2,0.08571212012716005,900
8901,2.044465335067655,perceptual,EVC,dctrained,ReLu2,0.07203402798777807,901
8902,9.165068077884793,perceptual,EVC,dctrained,ReLu2,0.07714424523716273,902
8903,0.8199073962440143,perceptual,EVC,dctrained,ReLu2,0.07231978022165167,903
8904,5.231081885916516,perceptual,EVC,dctrained,ReLu2,0.06775204998679502,904
8905,1.318328285053222,perceptual,EVC,dctrained,ReLu2,0.08169381472011987,905
8906,3.347486732766093,perceptual,EVC,dctrained,ReLu2,0.06395254516376754,906
8907,1.3811011474538413,perceptual,EVC,dctrained,ReLu2,0.08196181421467619,907
8908,6.032067615592708,perceptual,EVC,dctrained,ReLu2,0.07386163523131219,908
8909,0.7820028014116795,perceptual,EVC,dctrained,ReLu2,0.05479391183281017,909
8910,0.8976139543114098,perceptual,EVC,dctrained,ReLu2,0.0700043153714158,910
8911,0.9695431980085997,perceptual,EVC,dctrained,ReLu2,0.07518400819185951,911
8912,0.739795891989423,perceptual,EVC,dctrained,ReLu2,0.06828724116769408,912
8913,2.8342139904132972,perceptual,EVC,dctrained,ReLu2,0.06853598168327577,913
8914,1.7282162214494758,perceptual,EVC,dctrained,ReLu2,0.08367846193600348,914
8915,2.2116281633918202,perceptual,EVC,dctrained,ReLu2,0.054258381989549326,915
8916,0.6834812109441302,perceptual,EVC,dctrained,ReLu2,0.07841795538374519,916
8917,1.5024549355456216,perceptual,EVC,dctrained,ReLu2,0.09023416525769212,917
8918,1.5648221285968849,perceptual,EVC,dctrained,ReLu2,0.07076722700591864,918
8919,1.331043775935629,perceptual,EVC,dctrained,ReLu2,0.0767834179506968,919
8920,1.79279557777185,perceptual,EVC,dctrained,ReLu2,0.08536977453345536,920
8921,2.027954491403551,perceptual,EVC,dctrained,ReLu2,0.07326867844319011,921
8922,1.2603109695639598,perceptual,EVC,dctrained,ReLu2,0.0594086529759403,922
8923,4.375212408871088,perceptual,EVC,dctrained,ReLu2,0.07505017003874205,923
8924,1.348016386882657,perceptual,EVC,dctrained,ReLu2,0.0656961740149784,924
8925,6.76475619157629,perceptual,EVC,dctrained,ReLu2,0.07672653755331288,925
8926,11.158989890800045,perceptual,EVC,dctrained,ReLu2,0.08729176521131479,926
8927,2.7597046494605317,perceptual,EVC,dctrained,ReLu2,0.06679900525651225,927
8928,-4.680226526966015,perceptual,EVC,dctrained,ReLu2,0.054079046101240265,928
8929,2.298444119815252,perceptual,EVC,dctrained,ReLu2,0.060181561936759206,929
8930,77.65469045366794,perceptual,EVC,dctrained,ReLu2,0.05472510646613596,930
8931,13.420918168550658,perceptual,EVC,dctrained,ReLu2,0.07246690809548126,931
8932,1.8050770698444445,perceptual,EVC,dctrained,ReLu2,0.05455050498002495,932
8933,2.790389390391696,perceptual,EVC,dctrained,ReLu2,0.06821413826364986,933
8934,1.5116679659440715,perceptual,EVC,dctrained,ReLu2,0.06720672160815977,934
8935,10.762322989404119,perceptual,EVC,dctrained,ReLu2,0.056597474915178025,935
8936,2.3350188241876135,perceptual,EVC,dctrained,ReLu2,0.06092097094403424,936
8937,1.1434311965626633,perceptual,EVC,dctrained,ReLu2,0.069002609035301,937
8938,21.88700998317902,perceptual,EVC,dctrained,ReLu2,0.059868604326617926,938
8939,1.7375939416101318,perceptual,EVC,dctrained,ReLu2,0.06895002507893942,939
8940,3.214500390786473,perceptual,EVC,dctrained,ReLu2,0.07616960531215769,940
8941,1.2517119805063819,perceptual,EVC,dctrained,ReLu2,0.0759457006939698,941
8942,2.8532186483229323,perceptual,EVC,dctrained,ReLu2,0.07233568173735008,942
8943,1.1831807183770533,perceptual,EVC,dctrained,ReLu2,0.07173031803622926,943
8944,-6.2004967476592485,perceptual,EVC,dctrained,ReLu2,0.07055898641508465,944
8945,0.9872045858595442,perceptual,EVC,dctrained,ReLu2,0.06910858542900544,945
8946,1.0939212349672773,perceptual,EVC,dctrained,ReLu2,0.0776935379485284,946
8947,1.546677599546736,perceptual,EVC,dctrained,ReLu2,0.07461699815624284,947
8948,1.169290504691889,perceptual,EVC,dctrained,ReLu2,0.07422988316020818,948
8949,1.2979475617737666,perceptual,EVC,dctrained,ReLu2,0.05825753326401881,949
8950,2.3197926359086374,perceptual,EVC,dctrained,ReLu2,0.08756449266475355,950
8951,1.3530522828735434,perceptual,EVC,dctrained,ReLu2,0.07519366810109801,951
8952,1.3171351306369852,perceptual,EVC,dctrained,ReLu2,0.08279717854781743,952
8953,1.3746331225203468,perceptual,EVC,dctrained,ReLu2,0.07475327581655897,953
8954,5.007270028373177,perceptual,EVC,dctrained,ReLu2,0.08793037871359194,954
8955,3.8337855862580303,perceptual,EVC,dctrained,ReLu2,0.09571680675429686,955
8956,0.7731691214323508,perceptual,EVC,dctrained,ReLu2,0.0837409959093515,956
8957,1.2980285040291313,perceptual,EVC,dctrained,ReLu2,0.07539597137489414,957
8958,2.366923876307977,perceptual,EVC,dctrained,ReLu2,0.08750994366209622,958
8959,7.1811435888476325,perceptual,EVC,dctrained,ReLu2,0.08950667170822409,959
8960,1.4083786799892792,perceptual,EVC,dctrained,ReLu2,0.07068842241647745,960
8961,1.2401674928020316,perceptual,EVC,dctrained,ReLu2,0.08141678410236233,961
8962,1.8542783343588576,perceptual,EVC,dctrained,ReLu2,0.07536799381831022,962
8963,1.3940782393855728,perceptual,EVC,dctrained,ReLu2,0.06925813316569249,963
8964,1.357413258879224,perceptual,EVC,dctrained,ReLu2,0.0793637162709943,964
8965,1.3171363903793396,perceptual,EVC,dctrained,ReLu2,0.062173134882479275,965
8966,2.1865198427955455,perceptual,EVC,dctrained,ReLu2,0.08115515077630059,966
8967,4.030434584661327,perceptual,EVC,dctrained,ReLu2,0.06630668570409226,967
8968,0.8235721690468585,perceptual,EVC,dctrained,ReLu2,0.06965439295276321,968
8969,-5.2242522230499695,perceptual,EVC,dctrained,ReLu2,0.04989831731611771,969
8970,1.7696082701101807,perceptual,EVC,dctrained,ReLu2,0.06653577316691192,970
8971,0.9649837790230271,perceptual,EVC,dctrained,ReLu2,0.07721044434034072,971
8972,-76.22547063952202,perceptual,EVC,dctrained,ReLu2,0.054998761371636604,972
8973,3.9392930106111135,perceptual,EVC,dctrained,ReLu2,0.08077935660166519,973
8974,2.6272017300271817,perceptual,EVC,dctrained,ReLu2,0.07942738278225056,974
8975,1.1986346534271755,perceptual,EVC,dctrained,ReLu2,0.06494569926621342,975
8976,1.019876753482725,perceptual,EVC,dctrained,ReLu2,0.07165123030789572,976
8977,1.330244216543575,perceptual,EVC,dctrained,ReLu2,0.08714761468843155,977
8978,1.32436058169559,perceptual,EVC,dctrained,ReLu2,0.08533989211482043,978
8979,1.3003419047106142,perceptual,EVC,dctrained,ReLu2,0.07760584844814274,979
8980,3.6041434782638753,perceptual,EVC,dctrained,ReLu2,0.078059530415198,980
8981,5.441584113261413,perceptual,EVC,dctrained,ReLu2,0.07451235224568802,981
8982,0.7225540838191479,perceptual,EVC,dctrained,ReLu2,0.06976107214426246,982
8983,0.9765565192617643,perceptual,EVC,dctrained,ReLu2,0.06854858899875084,983
8984,6.586340571816621,perceptual,EVC,dctrained,ReLu2,0.0965031132735846,984
8985,1.4626190981711598,perceptual,EVC,dctrained,ReLu2,0.08151027247079802,985
8986,1.2700960632257732,perceptual,EVC,dctrained,ReLu2,0.08449290512996413,986
8987,1.5109342590904442,perceptual,EVC,dctrained,ReLu2,0.08558046096210824,987
8988,2.2058953863855257,perceptual,EVC,dctrained,ReLu2,0.07747790111604605,988
8989,1.0443168459300587,perceptual,EVC,dctrained,ReLu2,0.07211770305166647,989
8990,1.3304390047456016,perceptual,EVC,dctrained,ReLu2,0.08318796709218053,990
8991,12.754765184388798,perceptual,EVC,dctrained,ReLu2,0.07566452749022037,991
8992,-13.946343713588945,perceptual,EVC,dctrained,ReLu2,0.0766534113178734,992
8993,2.403935951622659,perceptual,EVC,dctrained,ReLu2,0.07405501634332967,993
8994,1.8849540274456693,perceptual,EVC,dctrained,ReLu2,0.07292282667704215,994
8995,1.4777922006873918,perceptual,EVC,dctrained,ReLu2,0.050381503507129784,995
8996,1.5598548046786034,perceptual,EVC,dctrained,ReLu2,0.0658800062197771,996
8997,27.111116603069657,perceptual,EVC,dctrained,ReLu2,0.0858123525284188,997
8998,2.389134156821949,perceptual,EVC,dctrained,ReLu2,0.07367577549132825,998
8999,15.140009325183387,perceptual,EVC,dctrained,ReLu2,0.06801891539035694,999
9000,0.8851760166620507,perceptual,EVC,dctrained,ReLu7,0.09543361128569532,0
9001,0.9798821637884356,perceptual,EVC,dctrained,ReLu7,0.08058360811551561,1
9002,0.7681771619674829,perceptual,EVC,dctrained,ReLu7,0.08754953989098416,2
9003,1.015024621536267,perceptual,EVC,dctrained,ReLu7,0.1002110942153662,3
9004,0.9669408616003667,perceptual,EVC,dctrained,ReLu7,0.08418049258348634,4
9005,1.2368661990733376,perceptual,EVC,dctrained,ReLu7,0.09593268305778196,5
9006,1.2508395625533295,perceptual,EVC,dctrained,ReLu7,0.10168024903000941,6
9007,0.8994998047415907,perceptual,EVC,dctrained,ReLu7,0.07081051535250342,7
9008,0.8209981185684204,perceptual,EVC,dctrained,ReLu7,0.07860555905050082,8
9009,0.9546966262939424,perceptual,EVC,dctrained,ReLu7,0.10200217890203611,9
9010,1.0237146271330404,perceptual,EVC,dctrained,ReLu7,0.10150963197678456,10
9011,1.1267562129868567,perceptual,EVC,dctrained,ReLu7,0.08148312457148668,11
9012,1.6670800304615014,perceptual,EVC,dctrained,ReLu7,0.07652447507766938,12
9013,0.8701614506031349,perceptual,EVC,dctrained,ReLu7,0.08450663103078164,13
9014,1.1076409992168756,perceptual,EVC,dctrained,ReLu7,0.10784248796311338,14
9015,1.124694499079547,perceptual,EVC,dctrained,ReLu7,0.11065849458500951,15
9016,0.8849535127597179,perceptual,EVC,dctrained,ReLu7,0.11190913015308196,16
9017,1.1149827104920613,perceptual,EVC,dctrained,ReLu7,0.07941450398631536,17
9018,0.8878674050444766,perceptual,EVC,dctrained,ReLu7,0.10403850814192933,18
9019,1.0804155744260011,perceptual,EVC,dctrained,ReLu7,0.08735274278788306,19
9020,1.1595926443174995,perceptual,EVC,dctrained,ReLu7,0.09713060817098175,20
9021,0.9736408339630943,perceptual,EVC,dctrained,ReLu7,0.12491761985004557,21
9022,1.1926556931178696,perceptual,EVC,dctrained,ReLu7,0.08912599985159306,22
9023,0.9909076339123198,perceptual,EVC,dctrained,ReLu7,0.08844724438781815,23
9024,0.9156505547016807,perceptual,EVC,dctrained,ReLu7,0.10965552484947805,24
9025,1.04553404929424,perceptual,EVC,dctrained,ReLu7,0.08261594039082247,25
9026,1.1180785999218856,perceptual,EVC,dctrained,ReLu7,0.09242251847899313,26
9027,1.0277069790774833,perceptual,EVC,dctrained,ReLu7,0.1070838072070557,27
9028,1.1891241651340636,perceptual,EVC,dctrained,ReLu7,0.10491432386582676,28
9029,0.9048261885030716,perceptual,EVC,dctrained,ReLu7,0.10206106323084464,29
9030,0.998838080352445,perceptual,EVC,dctrained,ReLu7,0.10104580131876312,30
9031,1.020945861214693,perceptual,EVC,dctrained,ReLu7,0.09915789868463447,31
9032,0.9876227161113033,perceptual,EVC,dctrained,ReLu7,0.08765251187878426,32
9033,0.9608048308887476,perceptual,EVC,dctrained,ReLu7,0.09257444696812074,33
9034,1.0878456175011795,perceptual,EVC,dctrained,ReLu7,0.07790543100734262,34
9035,1.1982481822481326,perceptual,EVC,dctrained,ReLu7,0.09547012281499034,35
9036,0.9084238601016789,perceptual,EVC,dctrained,ReLu7,0.11799865328793414,36
9037,1.192108032962351,perceptual,EVC,dctrained,ReLu7,0.0734004504450663,37
9038,1.054763276135192,perceptual,EVC,dctrained,ReLu7,0.09290644189485359,38
9039,0.884995503177042,perceptual,EVC,dctrained,ReLu7,0.10344078038794194,39
9040,1.0595699512804173,perceptual,EVC,dctrained,ReLu7,0.1035561909867924,40
9041,1.2066577621586425,perceptual,EVC,dctrained,ReLu7,0.06852176800834892,41
9042,0.931238984706696,perceptual,EVC,dctrained,ReLu7,0.08547520363418479,42
9043,1.0131409396820306,perceptual,EVC,dctrained,ReLu7,0.08079076078202611,43
9044,0.9726617080074492,perceptual,EVC,dctrained,ReLu7,0.10938658718223956,44
9045,1.2034535289320059,perceptual,EVC,dctrained,ReLu7,0.12032245369266947,45
9046,0.8852700749387619,perceptual,EVC,dctrained,ReLu7,0.09642951532465056,46
9047,1.08844736748267,perceptual,EVC,dctrained,ReLu7,0.11383850513032154,47
9048,1.1846773034970615,perceptual,EVC,dctrained,ReLu7,0.08958824588968191,48
9049,1.0822416853561494,perceptual,EVC,dctrained,ReLu7,0.070002037113431,49
9050,0.8756971530709331,perceptual,EVC,dctrained,ReLu7,0.08139818714403312,50
9051,0.8018080406245551,perceptual,EVC,dctrained,ReLu7,0.09033710153267653,51
9052,1.0987315045150992,perceptual,EVC,dctrained,ReLu7,0.11549000057546531,52
9053,1.4898520383108658,perceptual,EVC,dctrained,ReLu7,0.10382247332804376,53
9054,0.9536530520027611,perceptual,EVC,dctrained,ReLu7,0.10640255109536173,54
9055,1.3864971453762238,perceptual,EVC,dctrained,ReLu7,0.0709633919259268,55
9056,1.0516993180166703,perceptual,EVC,dctrained,ReLu7,0.10932753587715006,56
9057,0.8365886492547865,perceptual,EVC,dctrained,ReLu7,0.09420062148448247,57
9058,1.093508537076248,perceptual,EVC,dctrained,ReLu7,0.11126674173444832,58
9059,0.8842248014399787,perceptual,EVC,dctrained,ReLu7,0.059853900323449005,59
9060,1.0027341418967675,perceptual,EVC,dctrained,ReLu7,0.09418996694182498,60
9061,1.1549579886231978,perceptual,EVC,dctrained,ReLu7,0.1139053325276587,61
9062,0.8952760993686738,perceptual,EVC,dctrained,ReLu7,0.08690459524984953,62
9063,1.2062100777987945,perceptual,EVC,dctrained,ReLu7,0.1053421088028679,63
9064,1.0920141007690338,perceptual,EVC,dctrained,ReLu7,0.08410465796166076,64
9065,0.9039294002542404,perceptual,EVC,dctrained,ReLu7,0.0836472099475351,65
9066,0.9900136538389199,perceptual,EVC,dctrained,ReLu7,0.07692165350395451,66
9067,1.191042670133889,perceptual,EVC,dctrained,ReLu7,0.13129814313899818,67
9068,1.0443471374126316,perceptual,EVC,dctrained,ReLu7,0.10747359652847231,68
9069,1.0534616492019862,perceptual,EVC,dctrained,ReLu7,0.10532739304523074,69
9070,0.9498892211025853,perceptual,EVC,dctrained,ReLu7,0.11039111806928056,70
9071,1.1423123882376158,perceptual,EVC,dctrained,ReLu7,0.08910073237040367,71
9072,1.0326689983443618,perceptual,EVC,dctrained,ReLu7,0.11330186623775242,72
9073,0.9062067575083054,perceptual,EVC,dctrained,ReLu7,0.1136924833219719,73
9074,1.1416344322852467,perceptual,EVC,dctrained,ReLu7,0.11505007369428,74
9075,0.8971312834408842,perceptual,EVC,dctrained,ReLu7,0.0712009718224246,75
9076,1.2386322126283997,perceptual,EVC,dctrained,ReLu7,0.10276439080984921,76
9077,0.9230887477886941,perceptual,EVC,dctrained,ReLu7,0.10343335923926487,77
9078,1.327127036053693,perceptual,EVC,dctrained,ReLu7,0.08301181836935997,78
9079,1.0443291923622138,perceptual,EVC,dctrained,ReLu7,0.08645203559115144,79
9080,1.013634531047342,perceptual,EVC,dctrained,ReLu7,0.06004231562487508,80
9081,0.9142255989012698,perceptual,EVC,dctrained,ReLu7,0.08592401552850254,81
9082,1.1154587329133367,perceptual,EVC,dctrained,ReLu7,0.09312118568585562,82
9083,0.9553197685244516,perceptual,EVC,dctrained,ReLu7,0.11171384489804338,83
9084,0.9784738028863069,perceptual,EVC,dctrained,ReLu7,0.1032959006422497,84
9085,1.4747382119455619,perceptual,EVC,dctrained,ReLu7,0.09066918805834578,85
9086,1.321063361716475,perceptual,EVC,dctrained,ReLu7,0.07852387965794094,86
9087,0.8932478187350528,perceptual,EVC,dctrained,ReLu7,0.13049686385903952,87
9088,1.1424538323834657,perceptual,EVC,dctrained,ReLu7,0.07982785301178197,88
9089,0.9269386405551809,perceptual,EVC,dctrained,ReLu7,0.07221561945347957,89
9090,1.318477403063304,perceptual,EVC,dctrained,ReLu7,0.0775592280602394,90
9091,1.0404360284422192,perceptual,EVC,dctrained,ReLu7,0.09707605814764524,91
9092,0.9485652571738542,perceptual,EVC,dctrained,ReLu7,0.0804135779779347,92
9093,1.0467549454544012,perceptual,EVC,dctrained,ReLu7,0.07058502709393481,93
9094,1.3961339894930422,perceptual,EVC,dctrained,ReLu7,0.08048685530098401,94
9095,0.8285184277556159,perceptual,EVC,dctrained,ReLu7,0.0846062749723899,95
9096,1.1523896309657706,perceptual,EVC,dctrained,ReLu7,0.0865523606278989,96
9097,0.9329627369911939,perceptual,EVC,dctrained,ReLu7,0.08630560540284479,97
9098,1.1546099345579952,perceptual,EVC,dctrained,ReLu7,0.06957457767349917,98
9099,1.0805801643822752,perceptual,EVC,dctrained,ReLu7,0.07608089859476527,99
9100,1.0637899064047764,perceptual,EVC,dctrained,ReLu7,0.10295971451394301,100
9101,1.0552805862376933,perceptual,EVC,dctrained,ReLu7,0.07404529951600627,101
9102,1.3449370949313904,perceptual,EVC,dctrained,ReLu7,0.07820809664203329,102
9103,1.1421146789598222,perceptual,EVC,dctrained,ReLu7,0.06384969497266546,103
9104,1.126588708793565,perceptual,EVC,dctrained,ReLu7,0.08459108759547715,104
9105,1.1624932162259658,perceptual,EVC,dctrained,ReLu7,0.08848787562743177,105
9106,0.9261770823100502,perceptual,EVC,dctrained,ReLu7,0.11682755375430925,106
9107,1.1007604408426488,perceptual,EVC,dctrained,ReLu7,0.0948507119680356,107
9108,1.0475855958374027,perceptual,EVC,dctrained,ReLu7,0.08207089363037519,108
9109,1.200689205236618,perceptual,EVC,dctrained,ReLu7,0.07940492540493148,109
9110,1.1382319225569821,perceptual,EVC,dctrained,ReLu7,0.08813856578921922,110
9111,1.2325125325904631,perceptual,EVC,dctrained,ReLu7,0.08177687591726177,111
9112,1.120874260296289,perceptual,EVC,dctrained,ReLu7,0.08622371281203335,112
9113,1.001705863816776,perceptual,EVC,dctrained,ReLu7,0.08243459026514541,113
9114,0.9695883122378173,perceptual,EVC,dctrained,ReLu7,0.058870124721968495,114
9115,1.5483049577295054,perceptual,EVC,dctrained,ReLu7,0.07801217335725491,115
9116,1.0272254125449622,perceptual,EVC,dctrained,ReLu7,0.0853313136842335,116
9117,1.146770650768016,perceptual,EVC,dctrained,ReLu7,0.09059541373855742,117
9118,1.3313442363875452,perceptual,EVC,dctrained,ReLu7,0.053976544005343643,118
9119,0.9663494738573175,perceptual,EVC,dctrained,ReLu7,0.10281660643164475,119
9120,1.2929507689870632,perceptual,EVC,dctrained,ReLu7,0.09127025829911493,120
9121,1.041522407074546,perceptual,EVC,dctrained,ReLu7,0.09525097685203573,121
9122,0.863560161025635,perceptual,EVC,dctrained,ReLu7,0.056830098753688135,122
9123,1.0815969168988149,perceptual,EVC,dctrained,ReLu7,0.07503346490374026,123
9124,1.2848922320354423,perceptual,EVC,dctrained,ReLu7,0.06930267846389006,124
9125,1.1199696878251717,perceptual,EVC,dctrained,ReLu7,0.10886415103241692,125
9126,1.050463296325513,perceptual,EVC,dctrained,ReLu7,0.09180882021937578,126
9127,0.9426478172572117,perceptual,EVC,dctrained,ReLu7,0.1201456025861392,127
9128,0.9740906926900632,perceptual,EVC,dctrained,ReLu7,0.11898246190413903,128
9129,0.9955408186489783,perceptual,EVC,dctrained,ReLu7,0.1022201192032471,129
9130,1.013719034573701,perceptual,EVC,dctrained,ReLu7,0.09372854268631031,130
9131,0.8422429058352601,perceptual,EVC,dctrained,ReLu7,0.12089233996966248,131
9132,1.1502730820442564,perceptual,EVC,dctrained,ReLu7,0.08633029679615345,132
9133,0.9964915793604262,perceptual,EVC,dctrained,ReLu7,0.09646124373636004,133
9134,1.0589574182672352,perceptual,EVC,dctrained,ReLu7,0.11141702688228919,134
9135,1.1566329398977768,perceptual,EVC,dctrained,ReLu7,0.08103641368574874,135
9136,0.9986763181338753,perceptual,EVC,dctrained,ReLu7,0.11135206904915279,136
9137,1.0782275402316877,perceptual,EVC,dctrained,ReLu7,0.073309567024265,137
9138,1.0578453395247804,perceptual,EVC,dctrained,ReLu7,0.0744275029207554,138
9139,1.0943961699680647,perceptual,EVC,dctrained,ReLu7,0.09006003853001796,139
9140,1.229238475133687,perceptual,EVC,dctrained,ReLu7,0.08882301398127854,140
9141,1.1273181963211159,perceptual,EVC,dctrained,ReLu7,0.09298382667104271,141
9142,0.901687399074249,perceptual,EVC,dctrained,ReLu7,0.09274652989653201,142
9143,1.0780465415537368,perceptual,EVC,dctrained,ReLu7,0.09933110919955408,143
9144,1.0657163752478043,perceptual,EVC,dctrained,ReLu7,0.1214521319157023,144
9145,1.0164161287709086,perceptual,EVC,dctrained,ReLu7,0.10911669838689136,145
9146,1.1043717969929863,perceptual,EVC,dctrained,ReLu7,0.1051772794786415,146
9147,1.2017236065953416,perceptual,EVC,dctrained,ReLu7,0.08772232242060946,147
9148,1.0674367462373138,perceptual,EVC,dctrained,ReLu7,0.08045444127783813,148
9149,1.2215660657329346,perceptual,EVC,dctrained,ReLu7,0.10730304136996682,149
9150,1.3719180374881383,perceptual,EVC,dctrained,ReLu7,0.07195260546551868,150
9151,0.8767322506874813,perceptual,EVC,dctrained,ReLu7,0.06680510150655003,151
9152,1.008436167353854,perceptual,EVC,dctrained,ReLu7,0.09021019023755554,152
9153,1.1407167854951927,perceptual,EVC,dctrained,ReLu7,0.09885496139566595,153
9154,1.151803052675291,perceptual,EVC,dctrained,ReLu7,0.09434557071321487,154
9155,0.9631429906119039,perceptual,EVC,dctrained,ReLu7,0.08291504163829322,155
9156,1.044827370061931,perceptual,EVC,dctrained,ReLu7,0.07018432749588738,156
9157,0.9409413270182729,perceptual,EVC,dctrained,ReLu7,0.08429202042462151,157
9158,1.0769059058021768,perceptual,EVC,dctrained,ReLu7,0.09817486649803984,158
9159,0.9178783072968485,perceptual,EVC,dctrained,ReLu7,0.1055919467577284,159
9160,0.9333232007522431,perceptual,EVC,dctrained,ReLu7,0.08095467755566564,160
9161,1.0638924346814191,perceptual,EVC,dctrained,ReLu7,0.11903197298282393,161
9162,0.9466356033065695,perceptual,EVC,dctrained,ReLu7,0.1087583644196724,162
9163,1.1654595368306033,perceptual,EVC,dctrained,ReLu7,0.08669867494430888,163
9164,0.994062737118157,perceptual,EVC,dctrained,ReLu7,0.10946500301165432,164
9165,1.3541991754285718,perceptual,EVC,dctrained,ReLu7,0.07229607045906329,165
9166,1.0567809384825613,perceptual,EVC,dctrained,ReLu7,0.1076687353185666,166
9167,0.8436512460144655,perceptual,EVC,dctrained,ReLu7,0.11288951123132672,167
9168,1.136977547087443,perceptual,EVC,dctrained,ReLu7,0.11222668332022712,168
9169,1.3698797230226856,perceptual,EVC,dctrained,ReLu7,0.06365776537954758,169
9170,0.8145439433239531,perceptual,EVC,dctrained,ReLu7,0.0822085564668527,170
9171,1.0996382705117802,perceptual,EVC,dctrained,ReLu7,0.10986085206068201,171
9172,0.9091136831745308,perceptual,EVC,dctrained,ReLu7,0.07921938257116885,172
9173,1.0203151610333918,perceptual,EVC,dctrained,ReLu7,0.09207301184121078,173
9174,1.165980940879627,perceptual,EVC,dctrained,ReLu7,0.10037744062633171,174
9175,1.1899664676906265,perceptual,EVC,dctrained,ReLu7,0.10340452329919872,175
9176,0.8654273436752393,perceptual,EVC,dctrained,ReLu7,0.07157233743053154,176
9177,1.0477910420158387,perceptual,EVC,dctrained,ReLu7,0.11408426260182333,177
9178,1.0180560796661362,perceptual,EVC,dctrained,ReLu7,0.11392359491681228,178
9179,0.9739591337323998,perceptual,EVC,dctrained,ReLu7,0.08747593433670402,179
9180,1.1828150859055118,perceptual,EVC,dctrained,ReLu7,0.055694096973114685,180
9181,1.0869764691931862,perceptual,EVC,dctrained,ReLu7,0.07373071635119743,181
9182,1.0048186919082924,perceptual,EVC,dctrained,ReLu7,0.09617019177067668,182
9183,1.028684901997163,perceptual,EVC,dctrained,ReLu7,0.10030439782422293,183
9184,0.8968809915502692,perceptual,EVC,dctrained,ReLu7,0.07630447934907647,184
9185,0.7723641263459193,perceptual,EVC,dctrained,ReLu7,0.07642279116060863,185
9186,0.8291374228801532,perceptual,EVC,dctrained,ReLu7,0.0697406221914362,186
9187,0.9538238508677246,perceptual,EVC,dctrained,ReLu7,0.09826327268902446,187
9188,1.2406068808656627,perceptual,EVC,dctrained,ReLu7,0.07750433721966894,188
9189,0.9379036576125154,perceptual,EVC,dctrained,ReLu7,0.09850314721773218,189
9190,0.9726517494765903,perceptual,EVC,dctrained,ReLu7,0.09032334888325697,190
9191,1.0557748158067701,perceptual,EVC,dctrained,ReLu7,0.09483350480517758,191
9192,0.9728242812529339,perceptual,EVC,dctrained,ReLu7,0.09533511923031773,192
9193,0.9612350846987944,perceptual,EVC,dctrained,ReLu7,0.08489682172346102,193
9194,1.189582400992353,perceptual,EVC,dctrained,ReLu7,0.08649218379438735,194
9195,1.1752160218820087,perceptual,EVC,dctrained,ReLu7,0.06188756257591399,195
9196,0.9571579464131313,perceptual,EVC,dctrained,ReLu7,0.13238629509813316,196
9197,1.0511717345934084,perceptual,EVC,dctrained,ReLu7,0.10638468563624973,197
9198,1.1945774259896436,perceptual,EVC,dctrained,ReLu7,0.10343261045100323,198
9199,1.099737935417509,perceptual,EVC,dctrained,ReLu7,0.1035390626985209,199
9200,1.0123524413594118,perceptual,EVC,dctrained,ReLu7,0.09598632243079509,200
9201,0.9465148655506247,perceptual,EVC,dctrained,ReLu7,0.07341201068018682,201
9202,0.8582828432899439,perceptual,EVC,dctrained,ReLu7,0.10174690626208859,202
9203,1.0298800140984679,perceptual,EVC,dctrained,ReLu7,0.09446581162514843,203
9204,0.9069965989422801,perceptual,EVC,dctrained,ReLu7,0.07744066250594334,204
9205,0.798418664623619,perceptual,EVC,dctrained,ReLu7,0.06869947924030742,205
9206,1.0689862263143524,perceptual,EVC,dctrained,ReLu7,0.0943749320253437,206
9207,1.1118967067483205,perceptual,EVC,dctrained,ReLu7,0.08204628646907586,207
9208,1.1523520770546691,perceptual,EVC,dctrained,ReLu7,0.09503088774735738,208
9209,1.264804688195399,perceptual,EVC,dctrained,ReLu7,0.09841912713366409,209
9210,1.0723565267336912,perceptual,EVC,dctrained,ReLu7,0.10053581161609923,210
9211,1.0487596990552357,perceptual,EVC,dctrained,ReLu7,0.08727964599512977,211
9212,0.899846010208827,perceptual,EVC,dctrained,ReLu7,0.07294200331925274,212
9213,0.9317675311073224,perceptual,EVC,dctrained,ReLu7,0.07607825922599834,213
9214,1.039581555915645,perceptual,EVC,dctrained,ReLu7,0.09015410522619376,214
9215,0.7656139450937329,perceptual,EVC,dctrained,ReLu7,0.10726852398667433,215
9216,1.0698931535340184,perceptual,EVC,dctrained,ReLu7,0.10440530731514491,216
9217,1.071473525464978,perceptual,EVC,dctrained,ReLu7,0.09691336644040337,217
9218,0.8581138029501568,perceptual,EVC,dctrained,ReLu7,0.08015082462808347,218
9219,1.1805844098342773,perceptual,EVC,dctrained,ReLu7,0.10979062124004094,219
9220,1.0592157742246167,perceptual,EVC,dctrained,ReLu7,0.0744874476200252,220
9221,1.1531827976834006,perceptual,EVC,dctrained,ReLu7,0.11636404264504219,221
9222,1.2550239247994577,perceptual,EVC,dctrained,ReLu7,0.11966888368064625,222
9223,0.9807997912418194,perceptual,EVC,dctrained,ReLu7,0.10567946119369735,223
9224,1.1137359504203548,perceptual,EVC,dctrained,ReLu7,0.08710064408653613,224
9225,1.2097830459764896,perceptual,EVC,dctrained,ReLu7,0.09961399997735568,225
9226,1.1569703760066938,perceptual,EVC,dctrained,ReLu7,0.08177059985831384,226
9227,1.1650871014183273,perceptual,EVC,dctrained,ReLu7,0.06018337458770165,227
9228,1.0886643311360353,perceptual,EVC,dctrained,ReLu7,0.08019767644340153,228
9229,1.0101493538320503,perceptual,EVC,dctrained,ReLu7,0.10889383658760397,229
9230,1.3342812967322508,perceptual,EVC,dctrained,ReLu7,0.09154985423746477,230
9231,0.9733191411476232,perceptual,EVC,dctrained,ReLu7,0.10856420913585574,231
9232,0.88171562948936,perceptual,EVC,dctrained,ReLu7,0.13070006525786668,232
9233,1.2009722500600113,perceptual,EVC,dctrained,ReLu7,0.11044357247858647,233
9234,1.0987038889972505,perceptual,EVC,dctrained,ReLu7,0.06297559728794319,234
9235,1.162320892937345,perceptual,EVC,dctrained,ReLu7,0.0898913454353147,235
9236,0.9926783249932631,perceptual,EVC,dctrained,ReLu7,0.07849419812237482,236
9237,0.773029004363127,perceptual,EVC,dctrained,ReLu7,0.08118503331854104,237
9238,0.9077325050527131,perceptual,EVC,dctrained,ReLu7,0.10775733304368265,238
9239,0.9596288812173964,perceptual,EVC,dctrained,ReLu7,0.10246659328144488,239
9240,1.0388591362697912,perceptual,EVC,dctrained,ReLu7,0.13676439091688533,240
9241,1.5043953686945737,perceptual,EVC,dctrained,ReLu7,0.0876775239612718,241
9242,1.1753578805872777,perceptual,EVC,dctrained,ReLu7,0.07852939246123156,242
9243,1.1858203916592298,perceptual,EVC,dctrained,ReLu7,0.08866389749915173,243
9244,0.9615938412554988,perceptual,EVC,dctrained,ReLu7,0.07750759992387163,244
9245,1.087511202912554,perceptual,EVC,dctrained,ReLu7,0.12073104759985494,245
9246,1.3092416715036974,perceptual,EVC,dctrained,ReLu7,0.11602196763818573,246
9247,1.1224054860434056,perceptual,EVC,dctrained,ReLu7,0.09111163328696831,247
9248,0.8402793528799916,perceptual,EVC,dctrained,ReLu7,0.10508475234371654,248
9249,1.3848666799706981,perceptual,EVC,dctrained,ReLu7,0.08532465646180115,249
9250,0.8882224331682744,perceptual,EVC,dctrained,ReLu7,0.09541480063856919,250
9251,1.1253757984482644,perceptual,EVC,dctrained,ReLu7,0.09210190434418218,251
9252,1.0676802916206265,perceptual,EVC,dctrained,ReLu7,0.09340297384295584,252
9253,1.2393083290065643,perceptual,EVC,dctrained,ReLu7,0.09396979332357477,253
9254,1.0426739413702322,perceptual,EVC,dctrained,ReLu7,0.10028055548480153,254
9255,1.0116200956157393,perceptual,EVC,dctrained,ReLu7,0.11177284398026069,255
9256,1.0573057405768862,perceptual,EVC,dctrained,ReLu7,0.09707061014486662,256
9257,1.1476097149535112,perceptual,EVC,dctrained,ReLu7,0.10812447698449186,257
9258,0.9455418604631431,perceptual,EVC,dctrained,ReLu7,0.1151610885822368,258
9259,1.0818955604774747,perceptual,EVC,dctrained,ReLu7,0.11074493045573239,259
9260,0.8628911945483639,perceptual,EVC,dctrained,ReLu7,0.11520687390271647,260
9261,1.1351551571396925,perceptual,EVC,dctrained,ReLu7,0.08507687170749714,261
9262,1.1472607639144277,perceptual,EVC,dctrained,ReLu7,0.11186908637649487,262
9263,0.9764138731758724,perceptual,EVC,dctrained,ReLu7,0.11364532331855584,263
9264,0.933940055758232,perceptual,EVC,dctrained,ReLu7,0.10812731873401761,264
9265,1.0317275247400448,perceptual,EVC,dctrained,ReLu7,0.0743353443652698,265
9266,0.806716943692631,perceptual,EVC,dctrained,ReLu7,0.08834303015366221,266
9267,0.974565495028594,perceptual,EVC,dctrained,ReLu7,0.10502224474872535,267
9268,1.0682219376765238,perceptual,EVC,dctrained,ReLu7,0.08320092113934305,268
9269,1.1618225128140818,perceptual,EVC,dctrained,ReLu7,0.08474964063944244,269
9270,1.0606481289258498,perceptual,EVC,dctrained,ReLu7,0.12278902295792248,270
9271,0.9183783421040488,perceptual,EVC,dctrained,ReLu7,0.06963624379828903,271
9272,1.6422811996101165,perceptual,EVC,dctrained,ReLu7,0.06712291766964865,272
9273,1.1890126630933546,perceptual,EVC,dctrained,ReLu7,0.07103332903472678,273
9274,0.9505688597075257,perceptual,EVC,dctrained,ReLu7,0.09795132821168787,274
9275,1.6437666491456875,perceptual,EVC,dctrained,ReLu7,0.05879572259242037,275
9276,0.8350008210946988,perceptual,EVC,dctrained,ReLu7,0.05607431974591616,276
9277,1.1252426561601703,perceptual,EVC,dctrained,ReLu7,0.07898284364880817,277
9278,0.8439047195370807,perceptual,EVC,dctrained,ReLu7,0.09569598733557015,278
9279,0.972334298197516,perceptual,EVC,dctrained,ReLu7,0.081669032036234,279
9280,0.9275031003073185,perceptual,EVC,dctrained,ReLu7,0.10833275777462047,280
9281,1.1459126092225627,perceptual,EVC,dctrained,ReLu7,0.07716277554031212,281
9282,0.8946960512940465,perceptual,EVC,dctrained,ReLu7,0.09018135282533964,282
9283,1.1718585757640367,perceptual,EVC,dctrained,ReLu7,0.08704458429807212,283
9284,1.2365839889673316,perceptual,EVC,dctrained,ReLu7,0.06508623120287155,284
9285,1.2701611829792174,perceptual,EVC,dctrained,ReLu7,0.1029783522591128,285
9286,1.2535693128680845,perceptual,EVC,dctrained,ReLu7,0.08992609846687136,286
9287,0.8132872754184381,perceptual,EVC,dctrained,ReLu7,0.10837349890764926,287
9288,0.937129548991825,perceptual,EVC,dctrained,ReLu7,0.10529760021883,288
9289,0.8325745316140695,perceptual,EVC,dctrained,ReLu7,0.06317301032851738,289
9290,0.8734592509398124,perceptual,EVC,dctrained,ReLu7,0.07394259825779938,290
9291,1.152762220010819,perceptual,EVC,dctrained,ReLu7,0.09578369679954724,291
9292,1.0620242012248533,perceptual,EVC,dctrained,ReLu7,0.09999920062102713,292
9293,0.9578749494045913,perceptual,EVC,dctrained,ReLu7,0.0942494361853489,293
9294,1.1892207082123725,perceptual,EVC,dctrained,ReLu7,0.08041455436835546,294
9295,1.0804683747532557,perceptual,EVC,dctrained,ReLu7,0.09827001399257311,295
9296,1.0734351531895887,perceptual,EVC,dctrained,ReLu7,0.08569376385376931,296
9297,1.2289507224684504,perceptual,EVC,dctrained,ReLu7,0.07305252048046701,297
9298,0.977749499577698,perceptual,EVC,dctrained,ReLu7,0.09669606470195646,298
9299,0.8661692013881634,perceptual,EVC,dctrained,ReLu7,0.1102416034224393,299
9300,0.9339477531502912,perceptual,EVC,dctrained,ReLu7,0.11500875699363795,300
9301,1.0460319761764543,perceptual,EVC,dctrained,ReLu7,0.09549713376643318,301
9302,0.9305585331637156,perceptual,EVC,dctrained,ReLu7,0.09814542068519597,302
9303,0.8918534541886798,perceptual,EVC,dctrained,ReLu7,0.1083518489954199,303
9304,1.2390154504692972,perceptual,EVC,dctrained,ReLu7,0.09752170713741425,304
9305,1.1435549730830787,perceptual,EVC,dctrained,ReLu7,0.0846481308931462,305
9306,1.15230816200342,perceptual,EVC,dctrained,ReLu7,0.08725826523417729,306
9307,0.9732327784929358,perceptual,EVC,dctrained,ReLu7,0.07735679106892951,307
9308,1.031367799590723,perceptual,EVC,dctrained,ReLu7,0.0868302629615686,308
9309,1.0159257828349149,perceptual,EVC,dctrained,ReLu7,0.10248081472098475,309
9310,1.0687095309647758,perceptual,EVC,dctrained,ReLu7,0.10569704079989112,310
9311,1.079314825672784,perceptual,EVC,dctrained,ReLu7,0.09965231575693084,311
9312,0.8863950219804957,perceptual,EVC,dctrained,ReLu7,0.11040455279602132,312
9313,0.8854285336125157,perceptual,EVC,dctrained,ReLu7,0.09400280023150305,313
9314,1.1029440004397872,perceptual,EVC,dctrained,ReLu7,0.10990287540901111,314
9315,0.9640023010555084,perceptual,EVC,dctrained,ReLu7,0.08561286338563699,315
9316,1.1549799068728686,perceptual,EVC,dctrained,ReLu7,0.06342797415068735,316
9317,1.1136052245896446,perceptual,EVC,dctrained,ReLu7,0.09403309144708552,317
9318,1.1932007064322834,perceptual,EVC,dctrained,ReLu7,0.07288584119350844,318
9319,1.0505937097054976,perceptual,EVC,dctrained,ReLu7,0.08822228041369148,319
9320,1.0608560014807522,perceptual,EVC,dctrained,ReLu7,0.08689990629807423,320
9321,0.8616307871582565,perceptual,EVC,dctrained,ReLu7,0.10332249233442953,321
9322,1.367432385154774,perceptual,EVC,dctrained,ReLu7,0.08350516678479575,322
9323,1.0973448532326004,perceptual,EVC,dctrained,ReLu7,0.09794799658614275,323
9324,1.120174302821172,perceptual,EVC,dctrained,ReLu7,0.08992639689954468,324
9325,0.9072530237581707,perceptual,EVC,dctrained,ReLu7,0.08940915715747036,325
9326,1.1180438598681912,perceptual,EVC,dctrained,ReLu7,0.12429902306297319,326
9327,0.9630604730040127,perceptual,EVC,dctrained,ReLu7,0.09950096566624533,327
9328,1.1860746463964593,perceptual,EVC,dctrained,ReLu7,0.08271995443556375,328
9329,1.2410770754360914,perceptual,EVC,dctrained,ReLu7,0.11375855247843436,329
9330,1.1005618349355646,perceptual,EVC,dctrained,ReLu7,0.06898523173504897,330
9331,0.7675624042403351,perceptual,EVC,dctrained,ReLu7,0.09385163099295807,331
9332,0.8630145685024382,perceptual,EVC,dctrained,ReLu7,0.06662321618828829,332
9333,1.036892984702964,perceptual,EVC,dctrained,ReLu7,0.07452121015374015,333
9334,1.307458085688462,perceptual,EVC,dctrained,ReLu7,0.07277001105368369,334
9335,1.2830635759796474,perceptual,EVC,dctrained,ReLu7,0.0825662167121925,335
9336,1.1261471633491544,perceptual,EVC,dctrained,ReLu7,0.07673157564538143,336
9337,0.9326667516302029,perceptual,EVC,dctrained,ReLu7,0.10496260335588306,337
9338,1.0918037743785916,perceptual,EVC,dctrained,ReLu7,0.11423591469439799,338
9339,0.684283138322048,perceptual,EVC,dctrained,ReLu7,0.10085379325294974,339
9340,1.0510208818654736,perceptual,EVC,dctrained,ReLu7,0.08780166056133915,340
9341,1.0552727338285162,perceptual,EVC,dctrained,ReLu7,0.11317141957214608,341
9342,1.3277403119739708,perceptual,EVC,dctrained,ReLu7,0.08252088990741299,342
9343,0.9679277994463105,perceptual,EVC,dctrained,ReLu7,0.07792715640511905,343
9344,1.1504045550529778,perceptual,EVC,dctrained,ReLu7,0.09514988320365553,344
9345,1.2808914491381642,perceptual,EVC,dctrained,ReLu7,0.0806736743613739,345
9346,1.097561605440669,perceptual,EVC,dctrained,ReLu7,0.1141211206266226,346
9347,0.9514668114741712,perceptual,EVC,dctrained,ReLu7,0.11237524486911143,347
9348,1.0177185552517392,perceptual,EVC,dctrained,ReLu7,0.0996611078217692,348
9349,1.4519631157975421,perceptual,EVC,dctrained,ReLu7,0.04947638054007099,349
9350,0.7923697371029654,perceptual,EVC,dctrained,ReLu7,0.10158597604386746,350
9351,1.2017762843163273,perceptual,EVC,dctrained,ReLu7,0.11758036755324852,351
9352,1.2152367732889204,perceptual,EVC,dctrained,ReLu7,0.10006499013492745,352
9353,1.147453280876469,perceptual,EVC,dctrained,ReLu7,0.0836618165236622,353
9354,1.0939873821722568,perceptual,EVC,dctrained,ReLu7,0.106185099526877,354
9355,0.8635230083244114,perceptual,EVC,dctrained,ReLu7,0.0966406317810802,355
9356,1.0319336759164757,perceptual,EVC,dctrained,ReLu7,0.08953633245342756,356
9357,0.8677868692652191,perceptual,EVC,dctrained,ReLu7,0.10068365731736108,357
9358,1.0568918308504187,perceptual,EVC,dctrained,ReLu7,0.08668534734185084,358
9359,0.9016089086441254,perceptual,EVC,dctrained,ReLu7,0.07805687467471727,359
9360,1.2155510442327402,perceptual,EVC,dctrained,ReLu7,0.08731608143150224,360
9361,0.9701128572829296,perceptual,EVC,dctrained,ReLu7,0.09758949323109908,361
9362,1.0545252402381091,perceptual,EVC,dctrained,ReLu7,0.1047710511565417,362
9363,1.1213008226707792,perceptual,EVC,dctrained,ReLu7,0.11387799738044929,363
9364,0.8409252019688915,perceptual,EVC,dctrained,ReLu7,0.0728937887505017,364
9365,1.173927670035961,perceptual,EVC,dctrained,ReLu7,0.1166577590909229,365
9366,1.0667022072247114,perceptual,EVC,dctrained,ReLu7,0.060614351293359764,366
9367,1.0329350254577725,perceptual,EVC,dctrained,ReLu7,0.08732279598429046,367
9368,0.9026318214375124,perceptual,EVC,dctrained,ReLu7,0.0834669793816243,368
9369,1.3246163413064211,perceptual,EVC,dctrained,ReLu7,0.07845192265396507,369
9370,0.8620933314528484,perceptual,EVC,dctrained,ReLu7,0.08003132675197043,370
9371,1.1444818759369202,perceptual,EVC,dctrained,ReLu7,0.10360478232467751,371
9372,1.1575745944799394,perceptual,EVC,dctrained,ReLu7,0.10412129471155618,372
9373,1.2245361051414907,perceptual,EVC,dctrained,ReLu7,0.10077128726093681,373
9374,0.941596423870746,perceptual,EVC,dctrained,ReLu7,0.1032990256379147,374
9375,1.271761215614538,perceptual,EVC,dctrained,ReLu7,0.1000165003142982,375
9376,1.5974177036673323,perceptual,EVC,dctrained,ReLu7,0.07052486570636958,376
9377,1.0345790521992777,perceptual,EVC,dctrained,ReLu7,0.07340969905226144,377
9378,0.9846595652858889,perceptual,EVC,dctrained,ReLu7,0.0843720497617565,378
9379,0.9375235010161292,perceptual,EVC,dctrained,ReLu7,0.08091715935154294,379
9380,0.9353131822578702,perceptual,EVC,dctrained,ReLu7,0.06198179469921426,380
9381,0.9503618407388669,perceptual,EVC,dctrained,ReLu7,0.07683088411451505,381
9382,0.783406524923203,perceptual,EVC,dctrained,ReLu7,0.09710863274121848,382
9383,1.0392604520039936,perceptual,EVC,dctrained,ReLu7,0.07592310647694324,383
9384,1.0378333007029248,perceptual,EVC,dctrained,ReLu7,0.10530297095736148,384
9385,1.177885414615888,perceptual,EVC,dctrained,ReLu7,0.08705175340480745,385
9386,0.9910264765682786,perceptual,EVC,dctrained,ReLu7,0.08762198112245216,386
9387,1.0945148302501364,perceptual,EVC,dctrained,ReLu7,0.12919846316258998,387
9388,1.0288936985528032,perceptual,EVC,dctrained,ReLu7,0.05896861597519397,388
9389,1.2185860791562528,perceptual,EVC,dctrained,ReLu7,0.053057291600365965,389
9390,1.1122505404426737,perceptual,EVC,dctrained,ReLu7,0.10022281631707369,390
9391,1.107543872095774,perceptual,EVC,dctrained,ReLu7,0.04965844778689899,391
9392,0.8740568262757148,perceptual,EVC,dctrained,ReLu7,0.11613336701653476,392
9393,1.228983612251882,perceptual,EVC,dctrained,ReLu7,0.07938948277762711,393
9394,0.8864569289036333,perceptual,EVC,dctrained,ReLu7,0.11927203391196942,394
9395,0.9326425793187274,perceptual,EVC,dctrained,ReLu7,0.11865903986313872,395
9396,0.9070571350060288,perceptual,EVC,dctrained,ReLu7,0.08856552828619427,396
9397,0.7992435219497303,perceptual,EVC,dctrained,ReLu7,0.08480125792299509,397
9398,1.0014653530259678,perceptual,EVC,dctrained,ReLu7,0.06992921595136295,398
9399,0.8635065162346359,perceptual,EVC,dctrained,ReLu7,0.08379087409410346,399
9400,1.1580470405086785,perceptual,EVC,dctrained,ReLu7,0.10092221497438797,400
9401,1.0689148673908913,perceptual,EVC,dctrained,ReLu7,0.04851319188944079,401
9402,1.2386054600566991,perceptual,EVC,dctrained,ReLu7,0.09187212094391493,402
9403,0.9414443757128708,perceptual,EVC,dctrained,ReLu7,0.09192230182353757,403
9404,1.1073855283472407,perceptual,EVC,dctrained,ReLu7,0.12049613923923297,404
9405,1.2738399387793335,perceptual,EVC,dctrained,ReLu7,0.10006360106928769,405
9406,1.022145097379727,perceptual,EVC,dctrained,ReLu7,0.13205526113417876,406
9407,0.8539598019999233,perceptual,EVC,dctrained,ReLu7,0.08904545211132499,407
9408,1.1216818485848377,perceptual,EVC,dctrained,ReLu7,0.10147091131670002,408
9409,1.228106140114494,perceptual,EVC,dctrained,ReLu7,0.053440237745270576,409
9410,0.9409764315957009,perceptual,EVC,dctrained,ReLu7,0.08343408891927642,410
9411,0.8614562324737557,perceptual,EVC,dctrained,ReLu7,0.09576998517258474,411
9412,0.9505594916213298,perceptual,EVC,dctrained,ReLu7,0.10836635914038115,412
9413,1.1194582293858446,perceptual,EVC,dctrained,ReLu7,0.10015079652816711,413
9414,1.1747878528427445,perceptual,EVC,dctrained,ReLu7,0.07349431689947829,414
9415,1.174914792993501,perceptual,EVC,dctrained,ReLu7,0.10782594536614412,415
9416,0.8615077643883944,perceptual,EVC,dctrained,ReLu7,0.11285378094250938,416
9417,0.9679940954998412,perceptual,EVC,dctrained,ReLu7,0.09129452327904851,417
9418,0.912445988032168,perceptual,EVC,dctrained,ReLu7,0.09274580648952269,418
9419,0.9357432746860244,perceptual,EVC,dctrained,ReLu7,0.06931146357833615,419
9420,1.1143736181474322,perceptual,EVC,dctrained,ReLu7,0.10585397622829029,420
9421,1.1065100032492168,perceptual,EVC,dctrained,ReLu7,0.1120245574804008,421
9422,1.1490070701738722,perceptual,EVC,dctrained,ReLu7,0.08884186340893632,422
9423,1.285660998360508,perceptual,EVC,dctrained,ReLu7,0.08460085716774804,423
9424,1.388099785434567,perceptual,EVC,dctrained,ReLu7,0.1142888692269778,424
9425,1.0862528786379504,perceptual,EVC,dctrained,ReLu7,0.09236085728052801,425
9426,1.2707722620010695,perceptual,EVC,dctrained,ReLu7,0.1025702781922911,426
9427,0.8917851418021411,perceptual,EVC,dctrained,ReLu7,0.07005875895097663,427
9428,0.8946626874922918,perceptual,EVC,dctrained,ReLu7,0.08592126085262411,428
9429,1.2997219836151614,perceptual,EVC,dctrained,ReLu7,0.08425162344557788,429
9430,0.8104931518762962,perceptual,EVC,dctrained,ReLu7,0.07604392696068257,430
9431,0.877376220752053,perceptual,EVC,dctrained,ReLu7,0.1048367318969409,431
9432,1.0499838958954582,perceptual,EVC,dctrained,ReLu7,0.10847555022418001,432
9433,1.003774071202518,perceptual,EVC,dctrained,ReLu7,0.13305968811932625,433
9434,0.8931531302030039,perceptual,EVC,dctrained,ReLu7,0.10436937988209666,434
9435,0.8305065987856978,perceptual,EVC,dctrained,ReLu7,0.09427693825863823,435
9436,1.070402769339413,perceptual,EVC,dctrained,ReLu7,0.08486931099716624,436
9437,1.577544223276918,perceptual,EVC,dctrained,ReLu7,0.10028959198723239,437
9438,0.7796072202254474,perceptual,EVC,dctrained,ReLu7,0.10835721033826656,438
9439,1.0689613785177927,perceptual,EVC,dctrained,ReLu7,0.08899906645763739,439
9440,0.8720345125349505,perceptual,EVC,dctrained,ReLu7,0.05603849709036114,440
9441,0.9831284614798148,perceptual,EVC,dctrained,ReLu7,0.085640875452885,441
9442,0.9507924591120095,perceptual,EVC,dctrained,ReLu7,0.06935277745913737,442
9443,0.9695596234372067,perceptual,EVC,dctrained,ReLu7,0.09137467022353787,443
9444,1.2295516639268993,perceptual,EVC,dctrained,ReLu7,0.0807892984481909,444
9445,0.9350643640414601,perceptual,EVC,dctrained,ReLu7,0.09512801256798224,445
9446,1.053278174414107,perceptual,EVC,dctrained,ReLu7,0.09596223748753951,446
9447,1.1633343682286374,perceptual,EVC,dctrained,ReLu7,0.12168444073166816,447
9448,0.9661612953607159,perceptual,EVC,dctrained,ReLu7,0.07080076750898952,448
9449,1.2987118368705788,perceptual,EVC,dctrained,ReLu7,0.10307724365200069,449
9450,1.0963901477684097,perceptual,EVC,dctrained,ReLu7,0.09458039855443282,450
9451,1.086846832817506,perceptual,EVC,dctrained,ReLu7,0.06610038102872809,451
9452,1.2282432237535945,perceptual,EVC,dctrained,ReLu7,0.07698730210182961,452
9453,0.992334265655138,perceptual,EVC,dctrained,ReLu7,0.09430112270806787,453
9454,1.0485243542663099,perceptual,EVC,dctrained,ReLu7,0.09179094333762763,454
9455,0.9637536266358572,perceptual,EVC,dctrained,ReLu7,0.10315830686113822,455
9456,1.1019990972294342,perceptual,EVC,dctrained,ReLu7,0.10900680036225743,456
9457,1.0544999697663708,perceptual,EVC,dctrained,ReLu7,0.10237640686980556,457
9458,0.9941530085773719,perceptual,EVC,dctrained,ReLu7,0.08961335011025351,458
9459,1.0403160509460327,perceptual,EVC,dctrained,ReLu7,0.09160106337716034,459
9460,1.3973133998763962,perceptual,EVC,dctrained,ReLu7,0.09634759811751872,460
9461,0.9086068473027675,perceptual,EVC,dctrained,ReLu7,0.1537680591344891,461
9462,0.8079225974843514,perceptual,EVC,dctrained,ReLu7,0.08429228342075608,462
9463,0.9646386912864207,perceptual,EVC,dctrained,ReLu7,0.0849753240295811,463
9464,1.1206350094910649,perceptual,EVC,dctrained,ReLu7,0.10167773208780284,464
9465,1.055980570070208,perceptual,EVC,dctrained,ReLu7,0.08565982436772113,465
9466,1.1790381984117932,perceptual,EVC,dctrained,ReLu7,0.08060672546316633,466
9467,0.9195059415487812,perceptual,EVC,dctrained,ReLu7,0.0839493158062174,467
9468,1.3972173275291617,perceptual,EVC,dctrained,ReLu7,0.07056675291808685,468
9469,1.2592177986728506,perceptual,EVC,dctrained,ReLu7,0.1093049624866191,469
9470,0.930516928946063,perceptual,EVC,dctrained,ReLu7,0.08327542018694833,470
9471,1.0081492744725795,perceptual,EVC,dctrained,ReLu7,0.07799254871606606,471
9472,1.1096174363550384,perceptual,EVC,dctrained,ReLu7,0.09045272835381231,472
9473,1.1291915421949306,perceptual,EVC,dctrained,ReLu7,0.08252360805514139,473
9474,0.8787740168673257,perceptual,EVC,dctrained,ReLu7,0.11061792178007729,474
9475,1.362758458153148,perceptual,EVC,dctrained,ReLu7,0.1372874586081249,475
9476,1.1821262497009706,perceptual,EVC,dctrained,ReLu7,0.07957133530686343,476
9477,1.0972543158841264,perceptual,EVC,dctrained,ReLu7,0.07108954470943228,477
9478,0.9023753035232485,perceptual,EVC,dctrained,ReLu7,0.08932778493798292,478
9479,0.9988188982319001,perceptual,EVC,dctrained,ReLu7,0.09003996990210607,479
9480,0.9506114826505481,perceptual,EVC,dctrained,ReLu7,0.11231344498608975,480
9481,0.8071898708699641,perceptual,EVC,dctrained,ReLu7,0.1125102235070321,481
9482,1.0240840455320945,perceptual,EVC,dctrained,ReLu7,0.09806284800649656,482
9483,1.1496169329102752,perceptual,EVC,dctrained,ReLu7,0.0855217711166498,483
9484,0.8399293362038235,perceptual,EVC,dctrained,ReLu7,0.09265560120884204,484
9485,1.1124046596951382,perceptual,EVC,dctrained,ReLu7,0.098816769333086,485
9486,1.1425231973032153,perceptual,EVC,dctrained,ReLu7,0.08310901870301637,486
9487,1.1358541807876537,perceptual,EVC,dctrained,ReLu7,0.0891275916574452,487
9488,1.0533792318365842,perceptual,EVC,dctrained,ReLu7,0.10258860679480072,488
9489,1.0447458098145626,perceptual,EVC,dctrained,ReLu7,0.11363064127028724,489
9490,1.0067525327203726,perceptual,EVC,dctrained,ReLu7,0.07443493213411037,490
9491,1.030920692050163,perceptual,EVC,dctrained,ReLu7,0.10075846394674501,491
9492,0.9775974614152529,perceptual,EVC,dctrained,ReLu7,0.09822200840092661,492
9493,1.1477591210133542,perceptual,EVC,dctrained,ReLu7,0.0855799748009003,493
9494,0.9735990966117449,perceptual,EVC,dctrained,ReLu7,0.10339270784089755,494
9495,1.1055777648966558,perceptual,EVC,dctrained,ReLu7,0.09859465599540596,495
9496,1.2390545655200158,perceptual,EVC,dctrained,ReLu7,0.08605006849963115,496
9497,1.1924774012454873,perceptual,EVC,dctrained,ReLu7,0.10244576924426924,497
9498,0.93862184074508,perceptual,EVC,dctrained,ReLu7,0.08106685771315512,498
9499,0.9995167945106419,perceptual,EVC,dctrained,ReLu7,0.08589089767681718,499
9500,0.9858971308334739,perceptual,EVC,dctrained,ReLu7,0.11309306878898982,500
9501,1.042133256693865,perceptual,EVC,dctrained,ReLu7,0.12320656485167131,501
9502,1.202327442045046,perceptual,EVC,dctrained,ReLu7,0.08592881541669417,502
9503,1.12127070376816,perceptual,EVC,dctrained,ReLu7,0.09404849095137101,503
9504,0.9275197680080667,perceptual,EVC,dctrained,ReLu7,0.09222130990435051,504
9505,0.9756353578563883,perceptual,EVC,dctrained,ReLu7,0.10476441707904868,505
9506,0.8319935614877225,perceptual,EVC,dctrained,ReLu7,0.07860888900081475,506
9507,1.0797186704550248,perceptual,EVC,dctrained,ReLu7,0.10282935429514206,507
9508,1.059389417748035,perceptual,EVC,dctrained,ReLu7,0.09898402311131449,508
9509,0.9618646117568034,perceptual,EVC,dctrained,ReLu7,0.11770213311672215,509
9510,1.1407056270392486,perceptual,EVC,dctrained,ReLu7,0.08216789570279391,510
9511,1.255780285618249,perceptual,EVC,dctrained,ReLu7,0.12388492075197949,511
9512,1.1792205519952095,perceptual,EVC,dctrained,ReLu7,0.08724592280331979,512
9513,0.95331423919095,perceptual,EVC,dctrained,ReLu7,0.10273887087812847,513
9514,1.0979956988385684,perceptual,EVC,dctrained,ReLu7,0.07080881421185244,514
9515,1.1541258604925766,perceptual,EVC,dctrained,ReLu7,0.1026070706310395,515
9516,0.943594972341562,perceptual,EVC,dctrained,ReLu7,0.09618826112619366,516
9517,1.1367883407224064,perceptual,EVC,dctrained,ReLu7,0.09217974259993589,517
9518,1.1965776350056467,perceptual,EVC,dctrained,ReLu7,0.0652273730658919,518
9519,0.9635753096018611,perceptual,EVC,dctrained,ReLu7,0.07694988108823879,519
9520,0.770806453183259,perceptual,EVC,dctrained,ReLu7,0.051253841701543526,520
9521,0.969284399572102,perceptual,EVC,dctrained,ReLu7,0.11128192440472956,521
9522,0.9918817804289274,perceptual,EVC,dctrained,ReLu7,0.1122127791386141,522
9523,1.224359440917388,perceptual,EVC,dctrained,ReLu7,0.09313524703015369,523
9524,1.1958128482652277,perceptual,EVC,dctrained,ReLu7,0.06689974061390595,524
9525,0.9369353036747902,perceptual,EVC,dctrained,ReLu7,0.10880332715529333,525
9526,1.082799526634357,perceptual,EVC,dctrained,ReLu7,0.09795162951684744,526
9527,1.0138954787373329,perceptual,EVC,dctrained,ReLu7,0.0907324646759125,527
9528,1.0464670613008717,perceptual,EVC,dctrained,ReLu7,0.1236081198985204,528
9529,0.8991208518921358,perceptual,EVC,dctrained,ReLu7,0.08943829798623121,529
9530,1.073580345508946,perceptual,EVC,dctrained,ReLu7,0.10017803820455894,530
9531,0.95657921681293,perceptual,EVC,dctrained,ReLu7,0.07340200763499288,531
9532,1.1597628687791635,perceptual,EVC,dctrained,ReLu7,0.10436593108373667,532
9533,1.0494514482887443,perceptual,EVC,dctrained,ReLu7,0.08633333739341975,533
9534,0.9518547621367053,perceptual,EVC,dctrained,ReLu7,0.11690411460313575,534
9535,1.4006189573411565,perceptual,EVC,dctrained,ReLu7,0.07323404598730465,535
9536,0.8329512992806064,perceptual,EVC,dctrained,ReLu7,0.09136474474125084,536
9537,0.882234399839896,perceptual,EVC,dctrained,ReLu7,0.08182935649893364,537
9538,0.958722246665986,perceptual,EVC,dctrained,ReLu7,0.10381043269199236,538
9539,1.0455112075866917,perceptual,EVC,dctrained,ReLu7,0.09284757260683094,539
9540,1.208956575338728,perceptual,EVC,dctrained,ReLu7,0.07979922770798564,540
9541,1.14428242125404,perceptual,EVC,dctrained,ReLu7,0.0987375809812457,541
9542,1.0176765314640663,perceptual,EVC,dctrained,ReLu7,0.10123365593255815,542
9543,1.0059322511677824,perceptual,EVC,dctrained,ReLu7,0.0907857649302525,543
9544,1.1667772132730192,perceptual,EVC,dctrained,ReLu7,0.0897838013750949,544
9545,0.836708416326728,perceptual,EVC,dctrained,ReLu7,0.088603733677391,545
9546,0.9503326113775722,perceptual,EVC,dctrained,ReLu7,0.07744367850218123,546
9547,1.0594032435833294,perceptual,EVC,dctrained,ReLu7,0.10577618060131237,547
9548,1.0491706118942072,perceptual,EVC,dctrained,ReLu7,0.11978846221201571,548
9549,0.8584385206528912,perceptual,EVC,dctrained,ReLu7,0.1073093398978349,549
9550,1.2430045214569485,perceptual,EVC,dctrained,ReLu7,0.09860973401252679,550
9551,1.0122901442806411,perceptual,EVC,dctrained,ReLu7,0.12178838663332213,551
9552,1.1586267089183089,perceptual,EVC,dctrained,ReLu7,0.08299043298636155,552
9553,1.4536848454912412,perceptual,EVC,dctrained,ReLu7,0.07402613760879853,553
9554,1.2551470268379201,perceptual,EVC,dctrained,ReLu7,0.10369276494078626,554
9555,0.9849627656524409,perceptual,EVC,dctrained,ReLu7,0.09296370121752134,555
9556,1.3844566511801701,perceptual,EVC,dctrained,ReLu7,0.07823259651643652,556
9557,0.9299901581925178,perceptual,EVC,dctrained,ReLu7,0.07882764094196769,557
9558,0.9729867508808189,perceptual,EVC,dctrained,ReLu7,0.08544538030394755,558
9559,0.9536509702473837,perceptual,EVC,dctrained,ReLu7,0.09301271132589825,559
9560,0.8566835866690662,perceptual,EVC,dctrained,ReLu7,0.06863711550933672,560
9561,1.0650229685474604,perceptual,EVC,dctrained,ReLu7,0.0758178311742181,561
9562,1.1585784673319208,perceptual,EVC,dctrained,ReLu7,0.10374972774709719,562
9563,1.2086894372212922,perceptual,EVC,dctrained,ReLu7,0.11174796381131766,563
9564,1.1977678055692351,perceptual,EVC,dctrained,ReLu7,0.06036263996274674,564
9565,1.2862957542334632,perceptual,EVC,dctrained,ReLu7,0.10401154158439523,565
9566,1.3019161010266727,perceptual,EVC,dctrained,ReLu7,0.06937049572121981,566
9567,1.3057441331771975,perceptual,EVC,dctrained,ReLu7,0.09493429388621191,567
9568,1.096308549494186,perceptual,EVC,dctrained,ReLu7,0.10342257868465754,568
9569,1.1834620266863576,perceptual,EVC,dctrained,ReLu7,0.0889199200826497,569
9570,1.2602054568037315,perceptual,EVC,dctrained,ReLu7,0.0732544214240038,570
9571,1.0130530126540627,perceptual,EVC,dctrained,ReLu7,0.10304389615498585,571
9572,1.0365995210122922,perceptual,EVC,dctrained,ReLu7,0.05965364350238833,572
9573,0.9284052442423021,perceptual,EVC,dctrained,ReLu7,0.09557587551550309,573
9574,0.8952899707378557,perceptual,EVC,dctrained,ReLu7,0.08698706759413853,574
9575,1.1499170592886439,perceptual,EVC,dctrained,ReLu7,0.0701932200542812,575
9576,0.9101804127454182,perceptual,EVC,dctrained,ReLu7,0.09269983065933717,576
9577,1.0626310512431958,perceptual,EVC,dctrained,ReLu7,0.08983484714973812,577
9578,0.8566120592733789,perceptual,EVC,dctrained,ReLu7,0.09898006958923869,578
9579,1.1513623111964046,perceptual,EVC,dctrained,ReLu7,0.08628426628303573,579
9580,1.0992158971055284,perceptual,EVC,dctrained,ReLu7,0.07860118438257419,580
9581,1.1946749308520672,perceptual,EVC,dctrained,ReLu7,0.10795225762876551,581
9582,1.0260492059535782,perceptual,EVC,dctrained,ReLu7,0.09792104717521494,582
9583,0.9718136099079356,perceptual,EVC,dctrained,ReLu7,0.08695673423601433,583
9584,1.20812718753378,perceptual,EVC,dctrained,ReLu7,0.09266846085090608,584
9585,1.0036324676568946,perceptual,EVC,dctrained,ReLu7,0.09108538045297267,585
9586,0.9688248424191882,perceptual,EVC,dctrained,ReLu7,0.08509009069564602,586
9587,1.0783480503130771,perceptual,EVC,dctrained,ReLu7,0.09543843782894412,587
9588,1.6858177243190071,perceptual,EVC,dctrained,ReLu7,0.07114192273389174,588
9589,0.9386317772272526,perceptual,EVC,dctrained,ReLu7,0.05659668091213732,589
9590,0.8054564380401577,perceptual,EVC,dctrained,ReLu7,0.10558239512389933,590
9591,0.8297301858068186,perceptual,EVC,dctrained,ReLu7,0.1033780462241649,591
9592,0.7943578532283481,perceptual,EVC,dctrained,ReLu7,0.07535739614172597,592
9593,1.2141181467548499,perceptual,EVC,dctrained,ReLu7,0.12335204248733711,593
9594,1.2505961509801582,perceptual,EVC,dctrained,ReLu7,0.0688550163452801,594
9595,1.0700262963628926,perceptual,EVC,dctrained,ReLu7,0.0971596987652183,595
9596,1.0443261453457675,perceptual,EVC,dctrained,ReLu7,0.06696180258248988,596
9597,0.89001775504413,perceptual,EVC,dctrained,ReLu7,0.09035868327291119,597
9598,1.1258644116393766,perceptual,EVC,dctrained,ReLu7,0.06903203072202738,598
9599,1.1977549503475837,perceptual,EVC,dctrained,ReLu7,0.0715876866344304,599
9600,1.1381583620609628,perceptual,EVC,dctrained,ReLu7,0.10787322031796898,600
9601,1.2247621363267007,perceptual,EVC,dctrained,ReLu7,0.09960992807339787,601
9602,1.1426845628272428,perceptual,EVC,dctrained,ReLu7,0.0709573630101291,602
9603,1.0941871828542928,perceptual,EVC,dctrained,ReLu7,0.08733069163891832,603
9604,1.0167224372730435,perceptual,EVC,dctrained,ReLu7,0.08322803814270457,604
9605,0.8636890419670251,perceptual,EVC,dctrained,ReLu7,0.05736759435261221,605
9606,1.144291224186818,perceptual,EVC,dctrained,ReLu7,0.08193481228702236,606
9607,1.125097084236663,perceptual,EVC,dctrained,ReLu7,0.09412047172205165,607
9608,1.1884137499028509,perceptual,EVC,dctrained,ReLu7,0.06995089603113465,608
9609,0.9486823759764165,perceptual,EVC,dctrained,ReLu7,0.1147641372678522,609
9610,0.9581371505301803,perceptual,EVC,dctrained,ReLu7,0.07868633204685897,610
9611,1.3057797434986012,perceptual,EVC,dctrained,ReLu7,0.08270288397204165,611
9612,1.3005647242108886,perceptual,EVC,dctrained,ReLu7,0.09350670680213194,612
9613,1.165858546569788,perceptual,EVC,dctrained,ReLu7,0.10681437203566613,613
9614,1.029252190999528,perceptual,EVC,dctrained,ReLu7,0.10904036925903426,614
9615,1.053905488438446,perceptual,EVC,dctrained,ReLu7,0.10901437988421664,615
9616,1.3912015164980254,perceptual,EVC,dctrained,ReLu7,0.09550015352318583,616
9617,0.8957854012138704,perceptual,EVC,dctrained,ReLu7,0.07156734596377709,617
9618,1.0215522119890472,perceptual,EVC,dctrained,ReLu7,0.08301903352182924,618
9619,1.1117621417031471,perceptual,EVC,dctrained,ReLu7,0.08733119412428453,619
9620,1.0082080477985207,perceptual,EVC,dctrained,ReLu7,0.08230312742990764,620
9621,1.1431990041131763,perceptual,EVC,dctrained,ReLu7,0.08455698666330799,621
9622,1.1172804470807813,perceptual,EVC,dctrained,ReLu7,0.1091466473269287,622
9623,1.0966663934954906,perceptual,EVC,dctrained,ReLu7,0.10373730543285867,623
9624,1.3638430668338102,perceptual,EVC,dctrained,ReLu7,0.06963166384239543,624
9625,0.9009217696290662,perceptual,EVC,dctrained,ReLu7,0.0840194541485241,625
9626,1.0317361792195718,perceptual,EVC,dctrained,ReLu7,0.11245433231037784,626
9627,1.1396339098973738,perceptual,EVC,dctrained,ReLu7,0.10358352114309236,627
9628,0.9978698756908013,perceptual,EVC,dctrained,ReLu7,0.11025131008272122,628
9629,0.8288647662015023,perceptual,EVC,dctrained,ReLu7,0.08072239939240713,629
9630,1.3738500711108546,perceptual,EVC,dctrained,ReLu7,0.07327353352167534,630
9631,0.9718138569943406,perceptual,EVC,dctrained,ReLu7,0.10744156055746751,631
9632,1.1510075273751177,perceptual,EVC,dctrained,ReLu7,0.12427511690344673,632
9633,1.2222604725028463,perceptual,EVC,dctrained,ReLu7,0.09410189725760203,633
9634,0.7633805745501978,perceptual,EVC,dctrained,ReLu7,0.09013160065390019,634
9635,1.351921781306957,perceptual,EVC,dctrained,ReLu7,0.09185423437849323,635
9636,1.0367734350381652,perceptual,EVC,dctrained,ReLu7,0.08515063477770932,636
9637,1.0148374654652512,perceptual,EVC,dctrained,ReLu7,0.08566555299595474,637
9638,1.0637953632648707,perceptual,EVC,dctrained,ReLu7,0.11027924411896972,638
9639,1.199175517966287,perceptual,EVC,dctrained,ReLu7,0.10777548617691318,639
9640,1.0309796757501617,perceptual,EVC,dctrained,ReLu7,0.06856566415453023,640
9641,0.9922117242166196,perceptual,EVC,dctrained,ReLu7,0.09774880119326014,641
9642,0.892093702855768,perceptual,EVC,dctrained,ReLu7,0.11316664587628811,642
9643,0.795590407602987,perceptual,EVC,dctrained,ReLu7,0.11054732736749394,643
9644,1.049550580872238,perceptual,EVC,dctrained,ReLu7,0.08497697176119873,644
9645,1.0733097646830394,perceptual,EVC,dctrained,ReLu7,0.08667175189447765,645
9646,0.9043880157631421,perceptual,EVC,dctrained,ReLu7,0.07803164101075437,646
9647,1.0334026230640982,perceptual,EVC,dctrained,ReLu7,0.10803189631871338,647
9648,1.325827047708028,perceptual,EVC,dctrained,ReLu7,0.10750809350293206,648
9649,1.1978598028504266,perceptual,EVC,dctrained,ReLu7,0.10763615809534151,649
9650,1.0159711058854137,perceptual,EVC,dctrained,ReLu7,0.07322251859870421,650
9651,0.9991465916297726,perceptual,EVC,dctrained,ReLu7,0.11472471428226891,651
9652,0.8442134732185534,perceptual,EVC,dctrained,ReLu7,0.11413183818778894,652
9653,0.8335901212447961,perceptual,EVC,dctrained,ReLu7,0.07710946229603086,653
9654,1.278690173221932,perceptual,EVC,dctrained,ReLu7,0.07750061397447829,654
9655,1.2059873063763495,perceptual,EVC,dctrained,ReLu7,0.09176810970946164,655
9656,0.9909438916014349,perceptual,EVC,dctrained,ReLu7,0.07572538376702181,656
9657,0.937097929531244,perceptual,EVC,dctrained,ReLu7,0.09710855589808959,657
9658,1.0363558826649872,perceptual,EVC,dctrained,ReLu7,0.07096029348011511,658
9659,1.1094662956029442,perceptual,EVC,dctrained,ReLu7,0.09048144880600456,659
9660,1.0288688728140125,perceptual,EVC,dctrained,ReLu7,0.09200342579927433,660
9661,0.9660241359453677,perceptual,EVC,dctrained,ReLu7,0.08237689054545064,661
9662,0.8421393380889736,perceptual,EVC,dctrained,ReLu7,0.12011485219680193,662
9663,0.9631045418879169,perceptual,EVC,dctrained,ReLu7,0.09637068362334913,663
9664,1.129357405471819,perceptual,EVC,dctrained,ReLu7,0.1173568020003215,664
9665,0.9207809059591394,perceptual,EVC,dctrained,ReLu7,0.07478709269361393,665
9666,1.229273335152927,perceptual,EVC,dctrained,ReLu7,0.09061504140231161,666
9667,0.7670834082141225,perceptual,EVC,dctrained,ReLu7,0.06416893871587873,667
9668,0.9025026373108509,perceptual,EVC,dctrained,ReLu7,0.114862336443538,668
9669,1.0572365727232447,perceptual,EVC,dctrained,ReLu7,0.07885907634261262,669
9670,1.3676323018378924,perceptual,EVC,dctrained,ReLu7,0.0676624754806168,670
9671,0.7529377613013488,perceptual,EVC,dctrained,ReLu7,0.06101197871577729,671
9672,1.014360063245746,perceptual,EVC,dctrained,ReLu7,0.08276342929496927,672
9673,0.8180784277523508,perceptual,EVC,dctrained,ReLu7,0.08280381685443386,673
9674,1.2755373617555195,perceptual,EVC,dctrained,ReLu7,0.09957828127928472,674
9675,1.1171287415345856,perceptual,EVC,dctrained,ReLu7,0.08010087866988966,675
9676,1.2205518370583042,perceptual,EVC,dctrained,ReLu7,0.07551744310041747,676
9677,0.8322594331718529,perceptual,EVC,dctrained,ReLu7,0.08396053658038417,677
9678,1.0298324979363198,perceptual,EVC,dctrained,ReLu7,0.10556810660485888,678
9679,1.0676288995859142,perceptual,EVC,dctrained,ReLu7,0.06988854917297037,679
9680,1.0308540124371992,perceptual,EVC,dctrained,ReLu7,0.05850593446692348,680
9681,1.1015142442817176,perceptual,EVC,dctrained,ReLu7,0.08726758615520551,681
9682,1.3021089840800117,perceptual,EVC,dctrained,ReLu7,0.12040402395739547,682
9683,1.0480691109704703,perceptual,EVC,dctrained,ReLu7,0.08933726598458114,683
9684,1.135972854559455,perceptual,EVC,dctrained,ReLu7,0.08486766948456106,684
9685,0.9830058368933791,perceptual,EVC,dctrained,ReLu7,0.10335681492611709,685
9686,0.8158417175419769,perceptual,EVC,dctrained,ReLu7,0.08704679370263421,686
9687,1.0392922352227287,perceptual,EVC,dctrained,ReLu7,0.0884250272974165,687
9688,1.287538472672459,perceptual,EVC,dctrained,ReLu7,0.10339803967588458,688
9689,1.1884247722827415,perceptual,EVC,dctrained,ReLu7,0.0958677118765352,689
9690,1.1950983013991108,perceptual,EVC,dctrained,ReLu7,0.07996316951644204,690
9691,1.0214795225587672,perceptual,EVC,dctrained,ReLu7,0.10390547274384407,691
9692,1.3092930698234764,perceptual,EVC,dctrained,ReLu7,0.102272609558437,692
9693,1.0621051813460531,perceptual,EVC,dctrained,ReLu7,0.10708866909457793,693
9694,0.8888285587532591,perceptual,EVC,dctrained,ReLu7,0.10226284829561691,694
9695,0.89576524402957,perceptual,EVC,dctrained,ReLu7,0.06626451264807477,695
9696,1.0319457505140022,perceptual,EVC,dctrained,ReLu7,0.09117617615920656,696
9697,1.0336172204380634,perceptual,EVC,dctrained,ReLu7,0.07757789938902293,697
9698,0.9662110461511271,perceptual,EVC,dctrained,ReLu7,0.06385928594408234,698
9699,1.1531847419359755,perceptual,EVC,dctrained,ReLu7,0.0713629203273575,699
9700,0.9747459382471232,perceptual,EVC,dctrained,ReLu7,0.09358506556383081,700
9701,1.150946771234819,perceptual,EVC,dctrained,ReLu7,0.0906163082472547,701
9702,1.2655131096081886,perceptual,EVC,dctrained,ReLu7,0.09755737120497229,702
9703,0.884270433914084,perceptual,EVC,dctrained,ReLu7,0.10284521657556159,703
9704,0.9810094446454302,perceptual,EVC,dctrained,ReLu7,0.1216985545259043,704
9705,0.8410334458807124,perceptual,EVC,dctrained,ReLu7,0.09829237804178914,705
9706,1.1516466503099287,perceptual,EVC,dctrained,ReLu7,0.07070585737044216,706
9707,1.2916484220349826,perceptual,EVC,dctrained,ReLu7,0.113382740978146,707
9708,0.9570384863143565,perceptual,EVC,dctrained,ReLu7,0.09898346447904131,708
9709,0.9236625740228069,perceptual,EVC,dctrained,ReLu7,0.10031128302311942,709
9710,0.9792443241403517,perceptual,EVC,dctrained,ReLu7,0.07178993956150934,710
9711,0.9650583814807642,perceptual,EVC,dctrained,ReLu7,0.08702149869263288,711
9712,1.034434969926207,perceptual,EVC,dctrained,ReLu7,0.10488329592065032,712
9713,1.1484479413665813,perceptual,EVC,dctrained,ReLu7,0.08535551797205755,713
9714,1.1796135209619485,perceptual,EVC,dctrained,ReLu7,0.10964953305067751,714
9715,1.0157403866239094,perceptual,EVC,dctrained,ReLu7,0.10370883363050713,715
9716,1.0168017039670612,perceptual,EVC,dctrained,ReLu7,0.09409139788235016,716
9717,0.9965867180896051,perceptual,EVC,dctrained,ReLu7,0.07276301116939868,717
9718,0.8872575909197675,perceptual,EVC,dctrained,ReLu7,0.08319239195104913,718
9719,0.969215280054667,perceptual,EVC,dctrained,ReLu7,0.09236691208807679,719
9720,1.3520692542586135,perceptual,EVC,dctrained,ReLu7,0.11016694460475734,720
9721,1.3742649681422696,perceptual,EVC,dctrained,ReLu7,0.09628599072389418,721
9722,1.0009921649057125,perceptual,EVC,dctrained,ReLu7,0.0945040680866201,722
9723,1.0686976333276297,perceptual,EVC,dctrained,ReLu7,0.09578560810108178,723
9724,1.1146695086325211,perceptual,EVC,dctrained,ReLu7,0.08725580528029547,724
9725,1.107631044793998,perceptual,EVC,dctrained,ReLu7,0.06985023502354845,725
9726,0.9824883654630704,perceptual,EVC,dctrained,ReLu7,0.09183222407685201,726
9727,1.200356830020817,perceptual,EVC,dctrained,ReLu7,0.10186753335921003,727
9728,1.1510019484838327,perceptual,EVC,dctrained,ReLu7,0.08405811305715837,728
9729,1.0547947779486349,perceptual,EVC,dctrained,ReLu7,0.09931321589378704,729
9730,1.0503896058961084,perceptual,EVC,dctrained,ReLu7,0.09382895777685345,730
9731,0.8287690476943143,perceptual,EVC,dctrained,ReLu7,0.09831335132097349,731
9732,0.9838444305791455,perceptual,EVC,dctrained,ReLu7,0.07739885287926276,732
9733,0.9859089762532233,perceptual,EVC,dctrained,ReLu7,0.08886662623750559,733
9734,0.9205332618011244,perceptual,EVC,dctrained,ReLu7,0.08727604748492994,734
9735,1.0911680408632307,perceptual,EVC,dctrained,ReLu7,0.1009536159133636,735
9736,1.2249089268042799,perceptual,EVC,dctrained,ReLu7,0.08417039276992835,736
9737,0.824090264224424,perceptual,EVC,dctrained,ReLu7,0.1081842938452436,737
9738,0.9487908447697843,perceptual,EVC,dctrained,ReLu7,0.06698440745264483,738
9739,0.8191054083646134,perceptual,EVC,dctrained,ReLu7,0.10069852971543974,739
9740,1.1343282640736148,perceptual,EVC,dctrained,ReLu7,0.08524561634322672,740
9741,1.2044058287629138,perceptual,EVC,dctrained,ReLu7,0.0669577542876558,741
9742,0.9750088079108037,perceptual,EVC,dctrained,ReLu7,0.09500750447449904,742
9743,1.1005120966445516,perceptual,EVC,dctrained,ReLu7,0.09576204522763386,743
9744,1.733657189776979,perceptual,EVC,dctrained,ReLu7,0.07350012928741283,744
9745,1.1935377488778545,perceptual,EVC,dctrained,ReLu7,0.09361883577233249,745
9746,0.8510363609897558,perceptual,EVC,dctrained,ReLu7,0.07399474253880559,746
9747,1.1544867805725885,perceptual,EVC,dctrained,ReLu7,0.10917691918336239,747
9748,1.1473076151919404,perceptual,EVC,dctrained,ReLu7,0.1017516687766734,748
9749,1.0426615909997548,perceptual,EVC,dctrained,ReLu7,0.10623466099202282,749
9750,0.9587285113047964,perceptual,EVC,dctrained,ReLu7,0.11072092923119423,750
9751,1.1324011242220444,perceptual,EVC,dctrained,ReLu7,0.11581188486589332,751
9752,1.0127056402257624,perceptual,EVC,dctrained,ReLu7,0.07589336990779999,752
9753,1.0349123058330432,perceptual,EVC,dctrained,ReLu7,0.07721265998312296,753
9754,1.0209188378727605,perceptual,EVC,dctrained,ReLu7,0.07957218659239614,754
9755,0.7154322268715056,perceptual,EVC,dctrained,ReLu7,0.09789744974675063,755
9756,0.9372763516086968,perceptual,EVC,dctrained,ReLu7,0.0768511366706778,756
9757,1.320957901057683,perceptual,EVC,dctrained,ReLu7,0.08744020227444528,757
9758,0.9116462452377349,perceptual,EVC,dctrained,ReLu7,0.10907265879669115,758
9759,1.0243861502352327,perceptual,EVC,dctrained,ReLu7,0.092769278649794,759
9760,1.1202205647485612,perceptual,EVC,dctrained,ReLu7,0.08228105351655242,760
9761,1.090660781019942,perceptual,EVC,dctrained,ReLu7,0.0765043189086193,761
9762,1.1726619378167984,perceptual,EVC,dctrained,ReLu7,0.08470006722216762,762
9763,0.9829034832936542,perceptual,EVC,dctrained,ReLu7,0.07215051250496485,763
9764,0.9973901714980805,perceptual,EVC,dctrained,ReLu7,0.11723936992551752,764
9765,1.0008083068378582,perceptual,EVC,dctrained,ReLu7,0.10174172271531795,765
9766,0.870912546306674,perceptual,EVC,dctrained,ReLu7,0.10581632415332196,766
9767,0.9377551603621194,perceptual,EVC,dctrained,ReLu7,0.10791484939521244,767
9768,1.269885363604572,perceptual,EVC,dctrained,ReLu7,0.07104300256341028,768
9769,0.9651453681343033,perceptual,EVC,dctrained,ReLu7,0.09980992508413086,769
9770,1.0797978955479066,perceptual,EVC,dctrained,ReLu7,0.08818200594509593,770
9771,0.8807334773844541,perceptual,EVC,dctrained,ReLu7,0.08526977478849809,771
9772,0.8784825329595557,perceptual,EVC,dctrained,ReLu7,0.10885353198322617,772
9773,1.0459989911734904,perceptual,EVC,dctrained,ReLu7,0.10161876932723868,773
9774,1.0254411168869582,perceptual,EVC,dctrained,ReLu7,0.07405452715387648,774
9775,1.5611228765156886,perceptual,EVC,dctrained,ReLu7,0.07903587539897476,775
9776,0.9977935150235998,perceptual,EVC,dctrained,ReLu7,0.14270581983318809,776
9777,1.1390337094885696,perceptual,EVC,dctrained,ReLu7,0.07369402109980636,777
9778,0.949922038007403,perceptual,EVC,dctrained,ReLu7,0.10807967054997687,778
9779,1.0471859885096189,perceptual,EVC,dctrained,ReLu7,0.09048553949518007,779
9780,0.8829214455292981,perceptual,EVC,dctrained,ReLu7,0.0896146723099633,780
9781,1.0671560904367756,perceptual,EVC,dctrained,ReLu7,0.07404978640788172,781
9782,1.101004520249658,perceptual,EVC,dctrained,ReLu7,0.08360401715456192,782
9783,1.205845123522672,perceptual,EVC,dctrained,ReLu7,0.06814856935542082,783
9784,1.3101130929595486,perceptual,EVC,dctrained,ReLu7,0.10223021370157519,784
9785,1.138492697185912,perceptual,EVC,dctrained,ReLu7,0.10733494521693925,785
9786,0.9998929619808703,perceptual,EVC,dctrained,ReLu7,0.09070853815914277,786
9787,0.8981667073890958,perceptual,EVC,dctrained,ReLu7,0.10295823341936174,787
9788,1.1900316740352945,perceptual,EVC,dctrained,ReLu7,0.0969439722171282,788
9789,1.3171743718016158,perceptual,EVC,dctrained,ReLu7,0.09187167068200838,789
9790,1.1034368564116943,perceptual,EVC,dctrained,ReLu7,0.09968128506408816,790
9791,0.8810126683385605,perceptual,EVC,dctrained,ReLu7,0.11557919554676441,791
9792,1.042587604817802,perceptual,EVC,dctrained,ReLu7,0.09673914055532333,792
9793,1.0643102141136573,perceptual,EVC,dctrained,ReLu7,0.07717347836825172,793
9794,0.8672491559745519,perceptual,EVC,dctrained,ReLu7,0.09827178776305151,794
9795,1.2031181343527293,perceptual,EVC,dctrained,ReLu7,0.08569727740369011,795
9796,0.8792829644069748,perceptual,EVC,dctrained,ReLu7,0.07687254578641237,796
9797,1.0111890057621773,perceptual,EVC,dctrained,ReLu7,0.12729543285072636,797
9798,0.864473628323792,perceptual,EVC,dctrained,ReLu7,0.06723549322825101,798
9799,1.1382018110648582,perceptual,EVC,dctrained,ReLu7,0.10486954158795525,799
9800,1.0345644019026377,perceptual,EVC,dctrained,ReLu7,0.08657075123262971,800
9801,1.020032845761868,perceptual,EVC,dctrained,ReLu7,0.11346410426581036,801
9802,0.9225645187709086,perceptual,EVC,dctrained,ReLu7,0.1007781592400182,802
9803,0.8783227626209656,perceptual,EVC,dctrained,ReLu7,0.06183409609807968,803
9804,0.8717744210904755,perceptual,EVC,dctrained,ReLu7,0.09489156565930441,804
9805,1.3367458551109632,perceptual,EVC,dctrained,ReLu7,0.08595571425380644,805
9806,1.2571887913980708,perceptual,EVC,dctrained,ReLu7,0.06201662751128481,806
9807,1.0046181132662928,perceptual,EVC,dctrained,ReLu7,0.07448570119819911,807
9808,1.2388205358484021,perceptual,EVC,dctrained,ReLu7,0.111043923734825,808
9809,1.2993915199959905,perceptual,EVC,dctrained,ReLu7,0.08361635691573474,809
9810,1.1950695269393614,perceptual,EVC,dctrained,ReLu7,0.07802523497192984,810
9811,1.0449398962083234,perceptual,EVC,dctrained,ReLu7,0.1008202022971392,811
9812,0.9602344599579912,perceptual,EVC,dctrained,ReLu7,0.10746254943135758,812
9813,0.9889885582613849,perceptual,EVC,dctrained,ReLu7,0.09951452195781518,813
9814,1.2990714989262226,perceptual,EVC,dctrained,ReLu7,0.07881580254508494,814
9815,0.8237374435471445,perceptual,EVC,dctrained,ReLu7,0.11185083790762537,815
9816,1.218141891105017,perceptual,EVC,dctrained,ReLu7,0.0968257174956565,816
9817,0.9041969219253466,perceptual,EVC,dctrained,ReLu7,0.08280522003905309,817
9818,1.0954664697504193,perceptual,EVC,dctrained,ReLu7,0.11581630541439666,818
9819,0.7813422542444022,perceptual,EVC,dctrained,ReLu7,0.09696291542975302,819
9820,0.8507434831005565,perceptual,EVC,dctrained,ReLu7,0.09307488082414567,820
9821,1.1771923187806934,perceptual,EVC,dctrained,ReLu7,0.08971569033928639,821
9822,1.0069031973136968,perceptual,EVC,dctrained,ReLu7,0.07474927351737963,822
9823,1.0176134860024826,perceptual,EVC,dctrained,ReLu7,0.10943790494427613,823
9824,0.9808969571538255,perceptual,EVC,dctrained,ReLu7,0.08439601773357673,824
9825,1.274822686070617,perceptual,EVC,dctrained,ReLu7,0.08480445805361465,825
9826,0.9395681194437246,perceptual,EVC,dctrained,ReLu7,0.09842539533488147,826
9827,0.8097959542633846,perceptual,EVC,dctrained,ReLu7,0.09051873739908887,827
9828,0.9503591917515374,perceptual,EVC,dctrained,ReLu7,0.0951528812201314,828
9829,0.9648489255220734,perceptual,EVC,dctrained,ReLu7,0.0701833186017243,829
9830,1.1189517494719028,perceptual,EVC,dctrained,ReLu7,0.06809316471676785,830
9831,1.1309280795520926,perceptual,EVC,dctrained,ReLu7,0.10621001701085615,831
9832,1.1023863375050094,perceptual,EVC,dctrained,ReLu7,0.10562666745221452,832
9833,0.9184953253958548,perceptual,EVC,dctrained,ReLu7,0.10918072180210223,833
9834,0.9892819266367893,perceptual,EVC,dctrained,ReLu7,0.09687200325165118,834
9835,1.0562010402477946,perceptual,EVC,dctrained,ReLu7,0.11090768057662302,835
9836,1.4482913382216067,perceptual,EVC,dctrained,ReLu7,0.07273843670342753,836
9837,0.9580422328867039,perceptual,EVC,dctrained,ReLu7,0.09204315804948063,837
9838,1.0796622620000313,perceptual,EVC,dctrained,ReLu7,0.11486091561417311,838
9839,1.0927228835658773,perceptual,EVC,dctrained,ReLu7,0.08260064683432419,839
9840,1.0408883315804713,perceptual,EVC,dctrained,ReLu7,0.09710131841850643,840
9841,0.9968378199664781,perceptual,EVC,dctrained,ReLu7,0.08082337819817095,841
9842,0.9952869502403662,perceptual,EVC,dctrained,ReLu7,0.0896354280847946,842
9843,0.8313374724084014,perceptual,EVC,dctrained,ReLu7,0.10628583407302583,843
9844,0.790226317305665,perceptual,EVC,dctrained,ReLu7,0.1232643460413247,844
9845,1.0681355412729534,perceptual,EVC,dctrained,ReLu7,0.10659543615055521,845
9846,0.9868204974110222,perceptual,EVC,dctrained,ReLu7,0.11660255376064216,846
9847,1.0550435621369547,perceptual,EVC,dctrained,ReLu7,0.10116565053643398,847
9848,1.227334793584968,perceptual,EVC,dctrained,ReLu7,0.08400360663894768,848
9849,1.1696525054797546,perceptual,EVC,dctrained,ReLu7,0.11507107147834737,849
9850,1.0795514688817147,perceptual,EVC,dctrained,ReLu7,0.09680610322762168,850
9851,0.9115754043369272,perceptual,EVC,dctrained,ReLu7,0.09914555983717185,851
9852,1.3356996687225116,perceptual,EVC,dctrained,ReLu7,0.07671221244441333,852
9853,1.0569083221089555,perceptual,EVC,dctrained,ReLu7,0.07983948430467702,853
9854,0.9312183606547276,perceptual,EVC,dctrained,ReLu7,0.07656050065147639,854
9855,0.9615552001007097,perceptual,EVC,dctrained,ReLu7,0.08427535072504369,855
9856,1.0245647039923191,perceptual,EVC,dctrained,ReLu7,0.14515218201059837,856
9857,0.7507727184016888,perceptual,EVC,dctrained,ReLu7,0.09667178925948798,857
9858,0.810848085419599,perceptual,EVC,dctrained,ReLu7,0.0721926666786781,858
9859,1.0018994856876522,perceptual,EVC,dctrained,ReLu7,0.0756839442177556,859
9860,1.0519227205837571,perceptual,EVC,dctrained,ReLu7,0.11187978203893467,860
9861,0.9185903479063768,perceptual,EVC,dctrained,ReLu7,0.09713539620829556,861
9862,1.0597322897333248,perceptual,EVC,dctrained,ReLu7,0.0651707141421159,862
9863,1.0899522723193862,perceptual,EVC,dctrained,ReLu7,0.06611700327669542,863
9864,1.3706775918236966,perceptual,EVC,dctrained,ReLu7,0.0870895600740241,864
9865,0.9092968300489569,perceptual,EVC,dctrained,ReLu7,0.08540326356686562,865
9866,0.88159731855609,perceptual,EVC,dctrained,ReLu7,0.08538778173429998,866
9867,1.1465475042995181,perceptual,EVC,dctrained,ReLu7,0.07973906651695785,867
9868,0.9240620893686813,perceptual,EVC,dctrained,ReLu7,0.11232918069986246,868
9869,0.964960100604686,perceptual,EVC,dctrained,ReLu7,0.10432236013896935,869
9870,0.9017608538057523,perceptual,EVC,dctrained,ReLu7,0.09322670162075128,870
9871,0.8970615316415994,perceptual,EVC,dctrained,ReLu7,0.09139177737486484,871
9872,1.0689438290016662,perceptual,EVC,dctrained,ReLu7,0.09061164508427674,872
9873,1.1515107939753788,perceptual,EVC,dctrained,ReLu7,0.09470354619627416,873
9874,1.1094650453266073,perceptual,EVC,dctrained,ReLu7,0.13639259972285322,874
9875,1.0972994384015489,perceptual,EVC,dctrained,ReLu7,0.09176633490986542,875
9876,1.2320371139551374,perceptual,EVC,dctrained,ReLu7,0.08791940839579021,876
9877,1.1128088811143964,perceptual,EVC,dctrained,ReLu7,0.11644614416314324,877
9878,1.079868874702261,perceptual,EVC,dctrained,ReLu7,0.12258843489970582,878
9879,1.202556709464313,perceptual,EVC,dctrained,ReLu7,0.09402571910195712,879
9880,1.1069571269580394,perceptual,EVC,dctrained,ReLu7,0.07365297014700378,880
9881,1.3194730302228914,perceptual,EVC,dctrained,ReLu7,0.08836538326386334,881
9882,1.244540842033768,perceptual,EVC,dctrained,ReLu7,0.08371862292379312,882
9883,1.2075470808521904,perceptual,EVC,dctrained,ReLu7,0.09052206107613958,883
9884,0.8403808201196765,perceptual,EVC,dctrained,ReLu7,0.1128006330054151,884
9885,1.1206666993564274,perceptual,EVC,dctrained,ReLu7,0.08781596676527419,885
9886,1.020920144578549,perceptual,EVC,dctrained,ReLu7,0.09703384312768121,886
9887,1.0184218487665775,perceptual,EVC,dctrained,ReLu7,0.07123246957184196,887
9888,1.2672908795160251,perceptual,EVC,dctrained,ReLu7,0.10420036493567422,888
9889,1.0263051492435866,perceptual,EVC,dctrained,ReLu7,0.0785838103448444,889
9890,1.0110485600339691,perceptual,EVC,dctrained,ReLu7,0.13856559608159458,890
9891,1.0725547348934892,perceptual,EVC,dctrained,ReLu7,0.11623336283990071,891
9892,1.0319312935941258,perceptual,EVC,dctrained,ReLu7,0.09225109167223496,892
9893,1.0199251566095322,perceptual,EVC,dctrained,ReLu7,0.10018640352197344,893
9894,1.0595361674989159,perceptual,EVC,dctrained,ReLu7,0.10011828547988552,894
9895,0.9889593351691042,perceptual,EVC,dctrained,ReLu7,0.10282780928236086,895
9896,1.4374266531695366,perceptual,EVC,dctrained,ReLu7,0.10477580120220537,896
9897,1.7187097597376624,perceptual,EVC,dctrained,ReLu7,0.0628201973019118,897
9898,0.9298294465609269,perceptual,EVC,dctrained,ReLu7,0.09103720795531123,898
9899,1.1838255443215542,perceptual,EVC,dctrained,ReLu7,0.111510424023175,899
9900,0.8130899188389605,perceptual,EVC,dctrained,ReLu7,0.06797262341487752,900
9901,1.0856522018631765,perceptual,EVC,dctrained,ReLu7,0.1047658389796079,901
9902,0.9218046595333423,perceptual,EVC,dctrained,ReLu7,0.09322262479624965,902
9903,0.9332954863975155,perceptual,EVC,dctrained,ReLu7,0.07416896346396143,903
9904,1.0386188413503172,perceptual,EVC,dctrained,ReLu7,0.10469182919209112,904
9905,1.1763987490769299,perceptual,EVC,dctrained,ReLu7,0.07235034676537978,905
9906,1.2150452915947423,perceptual,EVC,dctrained,ReLu7,0.08103459299449717,906
9907,1.1020448827159308,perceptual,EVC,dctrained,ReLu7,0.1102592862000079,907
9908,0.9140795534089463,perceptual,EVC,dctrained,ReLu7,0.08300063829836923,908
9909,1.0443788394728528,perceptual,EVC,dctrained,ReLu7,0.09916029591352515,909
9910,0.9485749499215445,perceptual,EVC,dctrained,ReLu7,0.08116078072501193,910
9911,1.1184142932213796,perceptual,EVC,dctrained,ReLu7,0.1141358410733328,911
9912,1.0659851271884677,perceptual,EVC,dctrained,ReLu7,0.10921900869439632,912
9913,1.0428233004382135,perceptual,EVC,dctrained,ReLu7,0.08712138037189032,913
9914,1.008393811433504,perceptual,EVC,dctrained,ReLu7,0.08312143043675681,914
9915,0.8531164502438942,perceptual,EVC,dctrained,ReLu7,0.08952428557549968,915
9916,0.9249647509958137,perceptual,EVC,dctrained,ReLu7,0.08831337357485974,916
9917,1.0197185752676934,perceptual,EVC,dctrained,ReLu7,0.09126951871791686,917
9918,1.0670269747001135,perceptual,EVC,dctrained,ReLu7,0.07324306112503819,918
9919,1.167108615910593,perceptual,EVC,dctrained,ReLu7,0.09874037180567928,919
9920,0.8855061227463178,perceptual,EVC,dctrained,ReLu7,0.08967463264004225,920
9921,0.8708934644225212,perceptual,EVC,dctrained,ReLu7,0.10580032062232253,921
9922,0.9163773885689143,perceptual,EVC,dctrained,ReLu7,0.0953772919773643,922
9923,0.9281609206753892,perceptual,EVC,dctrained,ReLu7,0.08281494671977585,923
9924,1.0323997993378886,perceptual,EVC,dctrained,ReLu7,0.07794925435437804,924
9925,0.8699230215982043,perceptual,EVC,dctrained,ReLu7,0.10483622875347277,925
9926,1.3293019218390254,perceptual,EVC,dctrained,ReLu7,0.10491369340990844,926
9927,1.133577641681959,perceptual,EVC,dctrained,ReLu7,0.09072550449252027,927
9928,0.9986455768273816,perceptual,EVC,dctrained,ReLu7,0.12492687019606974,928
9929,1.1725050547470584,perceptual,EVC,dctrained,ReLu7,0.10605545954962074,929
9930,1.0449707798400345,perceptual,EVC,dctrained,ReLu7,0.09635945201552323,930
9931,0.8333515496440561,perceptual,EVC,dctrained,ReLu7,0.08993453406389439,931
9932,1.0967495551948263,perceptual,EVC,dctrained,ReLu7,0.0919926169794194,932
9933,1.127022320773258,perceptual,EVC,dctrained,ReLu7,0.10626648496393712,933
9934,1.0938099634106409,perceptual,EVC,dctrained,ReLu7,0.11652857186506166,934
9935,0.9135112724548414,perceptual,EVC,dctrained,ReLu7,0.07710953579902317,935
9936,0.8544534759353816,perceptual,EVC,dctrained,ReLu7,0.13118328895321035,936
9937,1.1668972647458806,perceptual,EVC,dctrained,ReLu7,0.08822232963319349,937
9938,1.0555752142525243,perceptual,EVC,dctrained,ReLu7,0.07770223564452296,938
9939,0.832183493356058,perceptual,EVC,dctrained,ReLu7,0.08197050056876251,939
9940,1.5719198470843532,perceptual,EVC,dctrained,ReLu7,0.08973920252485021,940
9941,0.9110041103263397,perceptual,EVC,dctrained,ReLu7,0.07340833545313596,941
9942,1.198989254409473,perceptual,EVC,dctrained,ReLu7,0.10295556365259742,942
9943,1.3118701228961847,perceptual,EVC,dctrained,ReLu7,0.09361348025430587,943
9944,1.1349493969516231,perceptual,EVC,dctrained,ReLu7,0.10294587468886016,944
9945,0.8292672563044333,perceptual,EVC,dctrained,ReLu7,0.08454780463230244,945
9946,0.9868469914390392,perceptual,EVC,dctrained,ReLu7,0.10464074021246439,946
9947,0.998363480358209,perceptual,EVC,dctrained,ReLu7,0.11190200257743768,947
9948,1.4149842346266641,perceptual,EVC,dctrained,ReLu7,0.06803084564148362,948
9949,1.0227842430091965,perceptual,EVC,dctrained,ReLu7,0.1017019397399865,949
9950,0.9084582895709002,perceptual,EVC,dctrained,ReLu7,0.07994795822297937,950
9951,1.0286039609657431,perceptual,EVC,dctrained,ReLu7,0.0801604583811949,951
9952,1.1106064184097375,perceptual,EVC,dctrained,ReLu7,0.09963888845107427,952
9953,1.137360781054948,perceptual,EVC,dctrained,ReLu7,0.09940921017509756,953
9954,0.8982717611588056,perceptual,EVC,dctrained,ReLu7,0.07094159191081313,954
9955,0.903062672957336,perceptual,EVC,dctrained,ReLu7,0.10683480629167982,955
9956,1.057584148983081,perceptual,EVC,dctrained,ReLu7,0.08735634070195789,956
9957,1.2868944709582477,perceptual,EVC,dctrained,ReLu7,0.08301632202680137,957
9958,1.1870031609710237,perceptual,EVC,dctrained,ReLu7,0.07049024031378275,958
9959,1.1981421757112045,perceptual,EVC,dctrained,ReLu7,0.11385992083755536,959
9960,0.9998619803503075,perceptual,EVC,dctrained,ReLu7,0.0826486700343734,960
9961,1.0016047731533897,perceptual,EVC,dctrained,ReLu7,0.10083568273996457,961
9962,0.9992337406254622,perceptual,EVC,dctrained,ReLu7,0.08843275562885583,962
9963,1.0745874326477531,perceptual,EVC,dctrained,ReLu7,0.11774671212327764,963
9964,1.0657227621335945,perceptual,EVC,dctrained,ReLu7,0.09686057647944099,964
9965,1.0966726321960893,perceptual,EVC,dctrained,ReLu7,0.0851095524998843,965
9966,1.1257201593743966,perceptual,EVC,dctrained,ReLu7,0.07243270558179762,966
9967,1.015560226880627,perceptual,EVC,dctrained,ReLu7,0.1468548347346627,967
9968,1.1170347840758408,perceptual,EVC,dctrained,ReLu7,0.08985623544744,968
9969,1.1251242714124665,perceptual,EVC,dctrained,ReLu7,0.10567186356711603,969
9970,0.9274630273963934,perceptual,EVC,dctrained,ReLu7,0.12587939100936413,970
9971,1.1068646773709954,perceptual,EVC,dctrained,ReLu7,0.10885842385710813,971
9972,1.0179227566629798,perceptual,EVC,dctrained,ReLu7,0.08627453473906775,972
9973,0.9114178227674277,perceptual,EVC,dctrained,ReLu7,0.11224458734469321,973
9974,1.401455726188325,perceptual,EVC,dctrained,ReLu7,0.09199905433784594,974
9975,0.9980097193159286,perceptual,EVC,dctrained,ReLu7,0.10395074340356009,975
9976,0.8864308956853678,perceptual,EVC,dctrained,ReLu7,0.09323208563017957,976
9977,0.8798672921990298,perceptual,EVC,dctrained,ReLu7,0.08918580338380712,977
9978,1.201527014742524,perceptual,EVC,dctrained,ReLu7,0.10806921742880672,978
9979,0.9601504296386302,perceptual,EVC,dctrained,ReLu7,0.08959409262364991,979
9980,1.2298578153155442,perceptual,EVC,dctrained,ReLu7,0.09577362900487166,980
9981,1.1313698722999268,perceptual,EVC,dctrained,ReLu7,0.09416894638704518,981
9982,1.2523621688285391,perceptual,EVC,dctrained,ReLu7,0.05965118811102293,982
9983,1.2395635817952757,perceptual,EVC,dctrained,ReLu7,0.13128208340796607,983
9984,0.9306231419855144,perceptual,EVC,dctrained,ReLu7,0.10902138083241737,984
9985,0.9403458795451106,perceptual,EVC,dctrained,ReLu7,0.08882666318173219,985
9986,0.9963046272964745,perceptual,EVC,dctrained,ReLu7,0.10785574252040951,986
9987,0.7864531330293288,perceptual,EVC,dctrained,ReLu7,0.09531703003248305,987
9988,0.9463499837863393,perceptual,EVC,dctrained,ReLu7,0.071750562902326,988
9989,0.9814695998547577,perceptual,EVC,dctrained,ReLu7,0.11306636991702557,989
9990,0.9011003616519505,perceptual,EVC,dctrained,ReLu7,0.08333192903344569,990
9991,0.9354842051975899,perceptual,EVC,dctrained,ReLu7,0.10322175966292077,991
9992,1.1002290743093408,perceptual,EVC,dctrained,ReLu7,0.08416904180549992,992
9993,0.9441989720623516,perceptual,EVC,dctrained,ReLu7,0.09776488338536815,993
9994,0.9741994009100684,perceptual,EVC,dctrained,ReLu7,0.05823536487387625,994
9995,0.8740671143365116,perceptual,EVC,dctrained,ReLu7,0.08899078553326892,995
9996,0.9463751271920562,perceptual,EVC,dctrained,ReLu7,0.0990271427011723,996
9997,1.0016658380411296,perceptual,EVC,dctrained,ReLu7,0.08573473218435819,997
9998,0.9276014983447934,perceptual,EVC,dctrained,ReLu7,0.06715759563005018,998
9999,1.0118166714014134,perceptual,EVC,dctrained,ReLu7,0.08494901036582822,999
10000,9.789062920012148,perceptual,EVC,alexnettrained,ReLu2,0.06684907122842076,0
10001,1.377081043640219,perceptual,EVC,alexnettrained,ReLu2,0.06008679500528789,1
10002,1.9300995856323202,perceptual,EVC,alexnettrained,ReLu2,0.07748543956023271,2
10003,3.2336329594569437,perceptual,EVC,alexnettrained,ReLu2,0.05939203748898219,3
10004,1.0537361019846259,perceptual,EVC,alexnettrained,ReLu2,0.07253875351868316,4
10005,1.7466571831909528,perceptual,EVC,alexnettrained,ReLu2,0.06394067282662394,5
10006,2.137424154692975,perceptual,EVC,alexnettrained,ReLu2,0.09298427517072994,6
10007,1.5300414317053335,perceptual,EVC,alexnettrained,ReLu2,0.09280591462367813,7
10008,1.1441053071558338,perceptual,EVC,alexnettrained,ReLu2,0.06092767167378746,8
10009,0.5076535158885632,perceptual,EVC,alexnettrained,ReLu2,0.06766163944701128,9
10010,1.4324775528196074,perceptual,EVC,alexnettrained,ReLu2,0.08835540358692445,10
10011,4.189598025702852,perceptual,EVC,alexnettrained,ReLu2,0.0820646429376985,11
10012,1.104554372662439,perceptual,EVC,alexnettrained,ReLu2,0.0838199136331581,12
10013,0.6441256124016626,perceptual,EVC,alexnettrained,ReLu2,0.06184487423500426,13
10014,1.1736833335872654,perceptual,EVC,alexnettrained,ReLu2,0.08041032816362506,14
10015,2.4775556149042535,perceptual,EVC,alexnettrained,ReLu2,0.10544383083251488,15
10016,1.50806918577171,perceptual,EVC,alexnettrained,ReLu2,0.05886712879257146,16
10017,2.4762574720624473,perceptual,EVC,alexnettrained,ReLu2,0.08896536811595648,17
10018,1.4119861289221827,perceptual,EVC,alexnettrained,ReLu2,0.08174573610136314,18
10019,2.801027584930836,perceptual,EVC,alexnettrained,ReLu2,0.08404818735185304,19
10020,1.5738936759788977,perceptual,EVC,alexnettrained,ReLu2,0.08422531421381375,20
10021,1.4014993346947937,perceptual,EVC,alexnettrained,ReLu2,0.06860419541128107,21
10022,3.153352487302282,perceptual,EVC,alexnettrained,ReLu2,0.08506550518016176,22
10023,1.5086578836882376,perceptual,EVC,alexnettrained,ReLu2,0.09618369505728172,23
10024,3.362555993712473,perceptual,EVC,alexnettrained,ReLu2,0.0789735509067705,24
10025,1.1463790157463598,perceptual,EVC,alexnettrained,ReLu2,0.09752104567123804,25
10026,2.27321591641365,perceptual,EVC,alexnettrained,ReLu2,0.08464105579359063,26
10027,3.6469838772549745,perceptual,EVC,alexnettrained,ReLu2,0.09276051400527002,27
10028,1.1005340745856191,perceptual,EVC,alexnettrained,ReLu2,0.06836532026550439,28
10029,1.1329297126334952,perceptual,EVC,alexnettrained,ReLu2,0.06542197216058483,29
10030,1.422361997865478,perceptual,EVC,alexnettrained,ReLu2,0.0877472130919695,30
10031,1.3282975702069428,perceptual,EVC,alexnettrained,ReLu2,0.07458439046889695,31
10032,0.9536348354414955,perceptual,EVC,alexnettrained,ReLu2,0.07220098399643372,32
10033,1.0737578384347433,perceptual,EVC,alexnettrained,ReLu2,0.07540461216758453,33
10034,2.673106984516321,perceptual,EVC,alexnettrained,ReLu2,0.0825590386939673,34
10035,1.3606469428589283,perceptual,EVC,alexnettrained,ReLu2,0.07524716485974645,35
10036,0.9484424349044247,perceptual,EVC,alexnettrained,ReLu2,0.08986279417323946,36
10037,1.1751772650792724,perceptual,EVC,alexnettrained,ReLu2,0.08015823166074759,37
10038,1.7148006568534775,perceptual,EVC,alexnettrained,ReLu2,0.07230874587745856,38
10039,1.7460421752199253,perceptual,EVC,alexnettrained,ReLu2,0.06520255159178279,39
10040,2.6698657507245676,perceptual,EVC,alexnettrained,ReLu2,0.08549881374816107,40
10041,1.3396407026448123,perceptual,EVC,alexnettrained,ReLu2,0.06689196054296279,41
10042,2.1777040416920337,perceptual,EVC,alexnettrained,ReLu2,0.08612862051641693,42
10043,1.5862094146739647,perceptual,EVC,alexnettrained,ReLu2,0.07776135496560767,43
10044,2.722057219869674,perceptual,EVC,alexnettrained,ReLu2,0.07295962269039709,44
10045,1.8005004886325933,perceptual,EVC,alexnettrained,ReLu2,0.06512992996966185,45
10046,2.4085550447857904,perceptual,EVC,alexnettrained,ReLu2,0.07161330446085684,46
10047,1.5153525870551368,perceptual,EVC,alexnettrained,ReLu2,0.05980328354159713,47
10048,2.538411141591677,perceptual,EVC,alexnettrained,ReLu2,0.06691408738872467,48
10049,3.5003996420698194,perceptual,EVC,alexnettrained,ReLu2,0.084979576792378,49
10050,2.8222752277067404,perceptual,EVC,alexnettrained,ReLu2,0.07651891155767132,50
10051,4.531743868782337,perceptual,EVC,alexnettrained,ReLu2,0.06603030599167856,51
10052,1.4755778774027095,perceptual,EVC,alexnettrained,ReLu2,0.0818415462426969,52
10053,1.4251624453151859,perceptual,EVC,alexnettrained,ReLu2,0.06259957613518403,53
10054,1.4207213668877374,perceptual,EVC,alexnettrained,ReLu2,0.06915015922320222,54
10055,4.6980870641847154,perceptual,EVC,alexnettrained,ReLu2,0.07426014894344728,55
10056,0.8463435371108895,perceptual,EVC,alexnettrained,ReLu2,0.061159730825145274,56
10057,1.5582839491749099,perceptual,EVC,alexnettrained,ReLu2,0.07629157615746505,57
10058,3.045844982435157,perceptual,EVC,alexnettrained,ReLu2,0.07538864010228945,58
10059,1.8266532443965922,perceptual,EVC,alexnettrained,ReLu2,0.07006087006776054,59
10060,3.4815321317810315,perceptual,EVC,alexnettrained,ReLu2,0.0803317782188977,60
10061,1.5020696191421925,perceptual,EVC,alexnettrained,ReLu2,0.0844218100435847,61
10062,1.3997059452586105,perceptual,EVC,alexnettrained,ReLu2,0.08845455783061021,62
10063,1.045594429681282,perceptual,EVC,alexnettrained,ReLu2,0.06942314755133216,63
10064,0.8559951759724599,perceptual,EVC,alexnettrained,ReLu2,0.0842075731240047,64
10065,1.2665071168633117,perceptual,EVC,alexnettrained,ReLu2,0.10338276061523832,65
10066,1.2340477151613756,perceptual,EVC,alexnettrained,ReLu2,0.05942155547700598,66
10067,1.2532020708800344,perceptual,EVC,alexnettrained,ReLu2,0.07842103002901862,67
10068,1.4834503219261261,perceptual,EVC,alexnettrained,ReLu2,0.09306528220703794,68
10069,0.9642272774610511,perceptual,EVC,alexnettrained,ReLu2,0.07066978481319497,69
10070,1.8950981199328334,perceptual,EVC,alexnettrained,ReLu2,0.09734984105219349,70
10071,0.6129260557561941,perceptual,EVC,alexnettrained,ReLu2,0.05999570178709711,71
10072,3.092088549206934,perceptual,EVC,alexnettrained,ReLu2,0.07514933632234846,72
10073,1.9703530205594393,perceptual,EVC,alexnettrained,ReLu2,0.07773674798491514,73
10074,1.843729360288154,perceptual,EVC,alexnettrained,ReLu2,0.08455657385222334,74
10075,2.9129158850335513,perceptual,EVC,alexnettrained,ReLu2,0.06704204250759958,75
10076,1.4304409456894365,perceptual,EVC,alexnettrained,ReLu2,0.06222078216439243,76
10077,2.2500058456503806,perceptual,EVC,alexnettrained,ReLu2,0.06402231282881476,77
10078,1.40151227532229,perceptual,EVC,alexnettrained,ReLu2,0.07237934776777324,78
10079,1.4890128228604689,perceptual,EVC,alexnettrained,ReLu2,0.07750734807996627,79
10080,2.0024142303433727,perceptual,EVC,alexnettrained,ReLu2,0.06080336988524837,80
10081,1.5238643555089142,perceptual,EVC,alexnettrained,ReLu2,0.08480251007947745,81
10082,1.0142051166510917,perceptual,EVC,alexnettrained,ReLu2,0.060687607372438626,82
10083,2.0423618920159505,perceptual,EVC,alexnettrained,ReLu2,0.07324804944304869,83
10084,1.5082549760417017,perceptual,EVC,alexnettrained,ReLu2,0.06798665590585046,84
10085,1.4883324985950424,perceptual,EVC,alexnettrained,ReLu2,0.08878997396180238,85
10086,1.8562354662741578,perceptual,EVC,alexnettrained,ReLu2,0.07994139675316665,86
10087,2.1890357375933203,perceptual,EVC,alexnettrained,ReLu2,0.07467904497041278,87
10088,1.577577936124521,perceptual,EVC,alexnettrained,ReLu2,0.0966299495472202,88
10089,2.1734757958202224,perceptual,EVC,alexnettrained,ReLu2,0.07579506098206046,89
10090,1.8203171640567593,perceptual,EVC,alexnettrained,ReLu2,0.06728726596020534,90
10091,2.5122726058809133,perceptual,EVC,alexnettrained,ReLu2,0.0652767872898534,91
10092,2.3786298627453277,perceptual,EVC,alexnettrained,ReLu2,0.06808675756545296,92
10093,1.443205845062334,perceptual,EVC,alexnettrained,ReLu2,0.07954449574433424,93
10094,1.6119582719503465,perceptual,EVC,alexnettrained,ReLu2,0.09323116563189032,94
10095,3.7485310034257684,perceptual,EVC,alexnettrained,ReLu2,0.09137154713325685,95
10096,2.0136096771368877,perceptual,EVC,alexnettrained,ReLu2,0.09021948838832698,96
10097,1.943273315155574,perceptual,EVC,alexnettrained,ReLu2,0.09438020373526704,97
10098,0.9793016090967926,perceptual,EVC,alexnettrained,ReLu2,0.08933776801041976,98
10099,1.4273580497267706,perceptual,EVC,alexnettrained,ReLu2,0.09671769299818098,99
10100,2.118475831900324,perceptual,EVC,alexnettrained,ReLu2,0.07018438161821426,100
10101,1.7289420640142603,perceptual,EVC,alexnettrained,ReLu2,0.05345649818558168,101
10102,1.8493198271624056,perceptual,EVC,alexnettrained,ReLu2,0.052450683289874275,102
10103,1.9738914521653221,perceptual,EVC,alexnettrained,ReLu2,0.0694002118416287,103
10104,3.683190841854823,perceptual,EVC,alexnettrained,ReLu2,0.0823927109199159,104
10105,1.242868225953986,perceptual,EVC,alexnettrained,ReLu2,0.07045314045553885,105
10106,3.4336752649541102,perceptual,EVC,alexnettrained,ReLu2,0.08481609613883162,106
10107,3.0442946966432465,perceptual,EVC,alexnettrained,ReLu2,0.08476038565636757,107
10108,1.075007920052977,perceptual,EVC,alexnettrained,ReLu2,0.10465868977073348,108
10109,0.8533188292286074,perceptual,EVC,alexnettrained,ReLu2,0.05549321644910159,109
10110,3.2544902170088896,perceptual,EVC,alexnettrained,ReLu2,0.07059589368267162,110
10111,1.7123790514556805,perceptual,EVC,alexnettrained,ReLu2,0.08665153338600085,111
10112,1.7376585517749457,perceptual,EVC,alexnettrained,ReLu2,0.07178308337465672,112
10113,1.5420216471388817,perceptual,EVC,alexnettrained,ReLu2,0.07743185370822153,113
10114,1.3935121800594081,perceptual,EVC,alexnettrained,ReLu2,0.07163329156671248,114
10115,1.3913918657977025,perceptual,EVC,alexnettrained,ReLu2,0.0961204196514227,115
10116,2.064948348044363,perceptual,EVC,alexnettrained,ReLu2,0.08818835578597961,116
10117,1.5705099575557473,perceptual,EVC,alexnettrained,ReLu2,0.08490726569238921,117
10118,1.046414173050527,perceptual,EVC,alexnettrained,ReLu2,0.08812483641494019,118
10119,1.8184246926734364,perceptual,EVC,alexnettrained,ReLu2,0.08166607308362137,119
10120,2.3682739585459145,perceptual,EVC,alexnettrained,ReLu2,0.06602561699476539,120
10121,1.4136280169009943,perceptual,EVC,alexnettrained,ReLu2,0.08400877819543143,121
10122,1.0975929487992333,perceptual,EVC,alexnettrained,ReLu2,0.07348916984170617,122
10123,2.8227771684156866,perceptual,EVC,alexnettrained,ReLu2,0.08756700151788693,123
10124,1.8132400516333425,perceptual,EVC,alexnettrained,ReLu2,0.07542221544496709,124
10125,2.576039422882679,perceptual,EVC,alexnettrained,ReLu2,0.0775476692256847,125
10126,6.740767618884725,perceptual,EVC,alexnettrained,ReLu2,0.07601285926967405,126
10127,2.03275679270099,perceptual,EVC,alexnettrained,ReLu2,0.08311930271467229,127
10128,2.5554314440636383,perceptual,EVC,alexnettrained,ReLu2,0.07859142409466827,128
10129,1.5386422027585984,perceptual,EVC,alexnettrained,ReLu2,0.08095592464606868,129
10130,1.8250727093968901,perceptual,EVC,alexnettrained,ReLu2,0.07895240911840892,130
10131,1.6082951452568206,perceptual,EVC,alexnettrained,ReLu2,0.07124061504302033,131
10132,1.7856040910669233,perceptual,EVC,alexnettrained,ReLu2,0.0734439966937597,132
10133,1.3372072861266149,perceptual,EVC,alexnettrained,ReLu2,0.08023741006360964,133
10134,1.9158927357219027,perceptual,EVC,alexnettrained,ReLu2,0.09442211524326401,134
10135,1.1511477039240035,perceptual,EVC,alexnettrained,ReLu2,0.09581570027970765,135
10136,3.1206551309079087,perceptual,EVC,alexnettrained,ReLu2,0.09083490564800946,136
10137,1.6814323687091675,perceptual,EVC,alexnettrained,ReLu2,0.07761006624061335,137
10138,1.9532362950689526,perceptual,EVC,alexnettrained,ReLu2,0.0856631121089795,138
10139,1.7063181610374238,perceptual,EVC,alexnettrained,ReLu2,0.07316880803072731,139
10140,2.1188734990643754,perceptual,EVC,alexnettrained,ReLu2,0.08242137367840219,140
10141,2.0200245468785236,perceptual,EVC,alexnettrained,ReLu2,0.08154512032983971,141
10142,0.95837763399732,perceptual,EVC,alexnettrained,ReLu2,0.07700380892793417,142
10143,4.570678617961794,perceptual,EVC,alexnettrained,ReLu2,0.09566943061298802,143
10144,0.6142409737628015,perceptual,EVC,alexnettrained,ReLu2,0.058166497116289254,144
10145,2.2964120780229207,perceptual,EVC,alexnettrained,ReLu2,0.08063169928259645,145
10146,0.7817755232493916,perceptual,EVC,alexnettrained,ReLu2,0.05435300214397497,146
10147,2.5712231571016377,perceptual,EVC,alexnettrained,ReLu2,0.07116766274550695,147
10148,5.171504540506805,perceptual,EVC,alexnettrained,ReLu2,0.07947730852971666,148
10149,43.11200367769351,perceptual,EVC,alexnettrained,ReLu2,0.08076347298911765,149
10150,1.3901352621695566,perceptual,EVC,alexnettrained,ReLu2,0.0912262599831811,150
10151,2.5308972718438856,perceptual,EVC,alexnettrained,ReLu2,0.09281789473758861,151
10152,1.6423881672279832,perceptual,EVC,alexnettrained,ReLu2,0.09274181837526352,152
10153,1.9148558289910296,perceptual,EVC,alexnettrained,ReLu2,0.06077650603884378,153
10154,2.3397388378916055,perceptual,EVC,alexnettrained,ReLu2,0.07209160223963376,154
10155,3.180045498703323,perceptual,EVC,alexnettrained,ReLu2,0.06993991022233464,155
10156,2.4790313648859343,perceptual,EVC,alexnettrained,ReLu2,0.06699678194051051,156
10157,1.254966724248411,perceptual,EVC,alexnettrained,ReLu2,0.08448604701117357,157
10158,2.5410885812335446,perceptual,EVC,alexnettrained,ReLu2,0.05802888927774463,158
10159,3.242253082929404,perceptual,EVC,alexnettrained,ReLu2,0.07728900805479096,159
10160,2.126206595103631,perceptual,EVC,alexnettrained,ReLu2,0.08691441075878109,160
10161,1.7092675273591236,perceptual,EVC,alexnettrained,ReLu2,0.07240182769978444,161
10162,1.2916355269693978,perceptual,EVC,alexnettrained,ReLu2,0.0763367145477601,162
10163,0.9674507201001844,perceptual,EVC,alexnettrained,ReLu2,0.08977904507255903,163
10164,12.150321715091586,perceptual,EVC,alexnettrained,ReLu2,0.06924486349112195,164
10165,1.1159620938372241,perceptual,EVC,alexnettrained,ReLu2,0.07924012794603492,165
10166,1.7085994312942856,perceptual,EVC,alexnettrained,ReLu2,0.08873506461472883,166
10167,1.6063790667364242,perceptual,EVC,alexnettrained,ReLu2,0.08691265114974353,167
10168,1.0306702377108912,perceptual,EVC,alexnettrained,ReLu2,0.07144535882151015,168
10169,1.9773060549956332,perceptual,EVC,alexnettrained,ReLu2,0.06233837240811026,169
10170,2.6233724093727053,perceptual,EVC,alexnettrained,ReLu2,0.07887165945712277,170
10171,-63.94703356048109,perceptual,EVC,alexnettrained,ReLu2,0.055965565702723395,171
10172,2.5390163958823284,perceptual,EVC,alexnettrained,ReLu2,0.05998527546091954,172
10173,1.4622891723495997,perceptual,EVC,alexnettrained,ReLu2,0.10542367281864007,173
10174,1.1453351678557417,perceptual,EVC,alexnettrained,ReLu2,0.07787159540922456,174
10175,2.269944839224697,perceptual,EVC,alexnettrained,ReLu2,0.07901588099246691,175
10176,1.1476014549061286,perceptual,EVC,alexnettrained,ReLu2,0.06895111357286474,176
10177,1.1786666378707065,perceptual,EVC,alexnettrained,ReLu2,0.07874869717516245,177
10178,1.451731215467652,perceptual,EVC,alexnettrained,ReLu2,0.07945377488435404,178
10179,1.5833142952872417,perceptual,EVC,alexnettrained,ReLu2,0.08423255706616249,179
10180,1.8621687433690424,perceptual,EVC,alexnettrained,ReLu2,0.08831581781209466,180
10181,3.1982723232442103,perceptual,EVC,alexnettrained,ReLu2,0.09456559121424758,181
10182,2.124922494532691,perceptual,EVC,alexnettrained,ReLu2,0.07291497209610223,182
10183,1.1548521457386678,perceptual,EVC,alexnettrained,ReLu2,0.06552237993986623,183
10184,1.4468229103568502,perceptual,EVC,alexnettrained,ReLu2,0.08870389136727902,184
10185,3.927486164614679,perceptual,EVC,alexnettrained,ReLu2,0.0745495424155266,185
10186,0.8400054535595768,perceptual,EVC,alexnettrained,ReLu2,0.05788333868759115,186
10187,2.451924210412112,perceptual,EVC,alexnettrained,ReLu2,0.07892656068097059,187
10188,1.6249314654816254,perceptual,EVC,alexnettrained,ReLu2,0.09370751732199364,188
10189,1.06800743119182,perceptual,EVC,alexnettrained,ReLu2,0.08774126648831278,189
10190,37.05226223817299,perceptual,EVC,alexnettrained,ReLu2,0.08239514116875217,190
10191,0.7854102653969938,perceptual,EVC,alexnettrained,ReLu2,0.0688596109556103,191
10192,0.948339620911919,perceptual,EVC,alexnettrained,ReLu2,0.08194134463634983,192
10193,1.282447334147167,perceptual,EVC,alexnettrained,ReLu2,0.07514558026772131,193
10194,1.0787096469289907,perceptual,EVC,alexnettrained,ReLu2,0.08701193184403888,194
10195,1.0868158670492398,perceptual,EVC,alexnettrained,ReLu2,0.0683639879700731,195
10196,2.268233031553207,perceptual,EVC,alexnettrained,ReLu2,0.08827997525339848,196
10197,1.4818422432271279,perceptual,EVC,alexnettrained,ReLu2,0.07596707858693769,197
10198,-140.5334298376318,perceptual,EVC,alexnettrained,ReLu2,0.06715269100467,198
10199,1.5473380918836677,perceptual,EVC,alexnettrained,ReLu2,0.0712840213061799,199
10200,4.3357904653650685,perceptual,EVC,alexnettrained,ReLu2,0.08681970717467968,200
10201,3.119541675305875,perceptual,EVC,alexnettrained,ReLu2,0.08133585762250994,201
10202,3.2251993937639756,perceptual,EVC,alexnettrained,ReLu2,0.059585625017123334,202
10203,2.3464427039130724,perceptual,EVC,alexnettrained,ReLu2,0.07201438880931599,203
10204,3.05540373941422,perceptual,EVC,alexnettrained,ReLu2,0.07584030386532263,204
10205,1.228058050102784,perceptual,EVC,alexnettrained,ReLu2,0.07991507721141934,205
10206,1.4611957514368623,perceptual,EVC,alexnettrained,ReLu2,0.07356023199601575,206
10207,3.975665176849243,perceptual,EVC,alexnettrained,ReLu2,0.06068796077241026,207
10208,2.737295046166157,perceptual,EVC,alexnettrained,ReLu2,0.07038388120597737,208
10209,17.058354592043763,perceptual,EVC,alexnettrained,ReLu2,0.07546674444231342,209
10210,1.4522485713729913,perceptual,EVC,alexnettrained,ReLu2,0.07846628860590496,210
10211,1.6527576672293816,perceptual,EVC,alexnettrained,ReLu2,0.09572675297673051,211
10212,2.095224717671508,perceptual,EVC,alexnettrained,ReLu2,0.06739710228107201,212
10213,0.9926758813262107,perceptual,EVC,alexnettrained,ReLu2,0.07801826373742866,213
10214,1.49288406958827,perceptual,EVC,alexnettrained,ReLu2,0.07299721115050686,214
10215,1.2126049968441195,perceptual,EVC,alexnettrained,ReLu2,0.07780501947596095,215
10216,4.66690011043869,perceptual,EVC,alexnettrained,ReLu2,0.06661931182022092,216
10217,1.316748572786528,perceptual,EVC,alexnettrained,ReLu2,0.0647631110431545,217
10218,0.9963903642734732,perceptual,EVC,alexnettrained,ReLu2,0.08565292692492797,218
10219,2.0053167808106327,perceptual,EVC,alexnettrained,ReLu2,0.07967900206162495,219
10220,1.1224070261049308,perceptual,EVC,alexnettrained,ReLu2,0.06441470548923872,220
10221,1.1684068790943538,perceptual,EVC,alexnettrained,ReLu2,0.07373242250998056,221
10222,1.2816105840007606,perceptual,EVC,alexnettrained,ReLu2,0.08385095780949006,222
10223,2.035152720608799,perceptual,EVC,alexnettrained,ReLu2,0.06814671894868383,223
10224,1.1471518649044141,perceptual,EVC,alexnettrained,ReLu2,0.06898975213015605,224
10225,1.286516564360873,perceptual,EVC,alexnettrained,ReLu2,0.07797951343196913,225
10226,1.0953752883101449,perceptual,EVC,alexnettrained,ReLu2,0.07275758109142134,226
10227,1.9366816447722326,perceptual,EVC,alexnettrained,ReLu2,0.08086732746529374,227
10228,1.1170872140353316,perceptual,EVC,alexnettrained,ReLu2,0.09491857361778616,228
10229,3.3016624744866747,perceptual,EVC,alexnettrained,ReLu2,0.07091317646534066,229
10230,2.3350909880926314,perceptual,EVC,alexnettrained,ReLu2,0.07739504220968282,230
10231,1.4338250901426102,perceptual,EVC,alexnettrained,ReLu2,0.07783997478889032,231
10232,1.0284628606931099,perceptual,EVC,alexnettrained,ReLu2,0.07276559676167113,232
10233,2.2749712807474864,perceptual,EVC,alexnettrained,ReLu2,0.06351900074834685,233
10234,2.475195937134282,perceptual,EVC,alexnettrained,ReLu2,0.08772929389972509,234
10235,1.2493553702971683,perceptual,EVC,alexnettrained,ReLu2,0.0725200255802867,235
10236,2.5544346966976086,perceptual,EVC,alexnettrained,ReLu2,0.08913426352252304,236
10237,1.9919853525360034,perceptual,EVC,alexnettrained,ReLu2,0.0562378029121996,237
10238,4.12962360668126,perceptual,EVC,alexnettrained,ReLu2,0.0780310928058032,238
10239,1.5803133792001407,perceptual,EVC,alexnettrained,ReLu2,0.06394222264780965,239
10240,1.2055920280781598,perceptual,EVC,alexnettrained,ReLu2,0.0898622775347987,240
10241,2.8648331207446054,perceptual,EVC,alexnettrained,ReLu2,0.08332765049879212,241
10242,1.5008400568449398,perceptual,EVC,alexnettrained,ReLu2,0.0710312615794979,242
10243,9.715812104475264,perceptual,EVC,alexnettrained,ReLu2,0.06484389760489087,243
10244,2.2053016563286882,perceptual,EVC,alexnettrained,ReLu2,0.07780298851123735,244
10245,3.036327887079399,perceptual,EVC,alexnettrained,ReLu2,0.08479425293671458,245
10246,1.808343337117405,perceptual,EVC,alexnettrained,ReLu2,0.08294479517251992,246
10247,0.9178353578902891,perceptual,EVC,alexnettrained,ReLu2,0.08676200170638433,247
10248,0.8220741392340377,perceptual,EVC,alexnettrained,ReLu2,0.0746075479200167,248
10249,2.3375547765314457,perceptual,EVC,alexnettrained,ReLu2,0.09628192460860802,249
10250,1.2082110256505563,perceptual,EVC,alexnettrained,ReLu2,0.07334247464434934,250
10251,1.0116589312687394,perceptual,EVC,alexnettrained,ReLu2,0.08049511589311245,251
10252,1.4230282954086897,perceptual,EVC,alexnettrained,ReLu2,0.07662581785354244,252
10253,2.1213523522048163,perceptual,EVC,alexnettrained,ReLu2,0.08854960677313192,253
10254,1.0260288853126167,perceptual,EVC,alexnettrained,ReLu2,0.08537873868608849,254
10255,2.060134285665002,perceptual,EVC,alexnettrained,ReLu2,0.07163498653589684,255
10256,4.1222893197397275,perceptual,EVC,alexnettrained,ReLu2,0.08810411930247797,256
10257,1.5281990793629967,perceptual,EVC,alexnettrained,ReLu2,0.08670991519199758,257
10258,2.072169110854875,perceptual,EVC,alexnettrained,ReLu2,0.07617307785946029,258
10259,1.5938909482719696,perceptual,EVC,alexnettrained,ReLu2,0.07095963998337235,259
10260,2.6097413238884837,perceptual,EVC,alexnettrained,ReLu2,0.06321372916431041,260
10261,1.7689213893910258,perceptual,EVC,alexnettrained,ReLu2,0.06341653255018756,261
10262,1.2418167100459303,perceptual,EVC,alexnettrained,ReLu2,0.08404202722590394,262
10263,2.2297929492701853,perceptual,EVC,alexnettrained,ReLu2,0.08812827036471339,263
10264,1.1063096539834405,perceptual,EVC,alexnettrained,ReLu2,0.07908907594813426,264
10265,6.864890627049175,perceptual,EVC,alexnettrained,ReLu2,0.07050700775765714,265
10266,4.492571403775597,perceptual,EVC,alexnettrained,ReLu2,0.07682972107813901,266
10267,0.9848691147493998,perceptual,EVC,alexnettrained,ReLu2,0.04959479244948427,267
10268,2.5572609505149497,perceptual,EVC,alexnettrained,ReLu2,0.06387422081595501,268
10269,0.9159275529723003,perceptual,EVC,alexnettrained,ReLu2,0.07449377441465105,269
10270,1.7390427095688568,perceptual,EVC,alexnettrained,ReLu2,0.0665638019885833,270
10271,1.9894800158489752,perceptual,EVC,alexnettrained,ReLu2,0.06423894844995207,271
10272,1.6893772512397511,perceptual,EVC,alexnettrained,ReLu2,0.08204953559721159,272
10273,2.1655205141522744,perceptual,EVC,alexnettrained,ReLu2,0.0802135071439947,273
10274,0.9536804675884801,perceptual,EVC,alexnettrained,ReLu2,0.0690271459849424,274
10275,0.8962594926548904,perceptual,EVC,alexnettrained,ReLu2,0.07615816490768751,275
10276,1.5962100123708187,perceptual,EVC,alexnettrained,ReLu2,0.08120586832176126,276
10277,1.1977817516847622,perceptual,EVC,alexnettrained,ReLu2,0.08586043659561235,277
10278,1.2821440105221693,perceptual,EVC,alexnettrained,ReLu2,0.07785693504382535,278
10279,6.002373215204743,perceptual,EVC,alexnettrained,ReLu2,0.054289470724731746,279
10280,1.4058495709101388,perceptual,EVC,alexnettrained,ReLu2,0.06952218175912084,280
10281,0.8534603271753728,perceptual,EVC,alexnettrained,ReLu2,0.06619557222662,281
10282,0.9408007829549458,perceptual,EVC,alexnettrained,ReLu2,0.06391910267128105,282
10283,17.92391134500149,perceptual,EVC,alexnettrained,ReLu2,0.05270356790029966,283
10284,1.546679176531832,perceptual,EVC,alexnettrained,ReLu2,0.07891678813723974,284
10285,1.207762417403534,perceptual,EVC,alexnettrained,ReLu2,0.07337493264820523,285
10286,1.3836853458145058,perceptual,EVC,alexnettrained,ReLu2,0.0835649886622579,286
10287,4.6087867992187395,perceptual,EVC,alexnettrained,ReLu2,0.07183166103672295,287
10288,1.6273258298931883,perceptual,EVC,alexnettrained,ReLu2,0.08908698303612426,288
10289,1.0119612441611916,perceptual,EVC,alexnettrained,ReLu2,0.09574877401562834,289
10290,1.5632983891803127,perceptual,EVC,alexnettrained,ReLu2,0.07939750964434855,290
10291,2.220956245986101,perceptual,EVC,alexnettrained,ReLu2,0.06411557137752079,291
10292,1.4649522751546578,perceptual,EVC,alexnettrained,ReLu2,0.08509261265450002,292
10293,5.999420251632401,perceptual,EVC,alexnettrained,ReLu2,0.07734469432444549,293
10294,1.9160151955520208,perceptual,EVC,alexnettrained,ReLu2,0.06416373343405242,294
10295,2.5601597429390854,perceptual,EVC,alexnettrained,ReLu2,0.05819636841886215,295
10296,2.026469248497476,perceptual,EVC,alexnettrained,ReLu2,0.061518332695175704,296
10297,2.2948926049610776,perceptual,EVC,alexnettrained,ReLu2,0.06616305464236438,297
10298,1.6765957399920974,perceptual,EVC,alexnettrained,ReLu2,0.08271927275871893,298
10299,2.5613964278739045,perceptual,EVC,alexnettrained,ReLu2,0.07587154303037741,299
10300,2.1530253144907547,perceptual,EVC,alexnettrained,ReLu2,0.078082363083887,300
10301,1.0537169621548452,perceptual,EVC,alexnettrained,ReLu2,0.0746769956543474,301
10302,1.069100110339468,perceptual,EVC,alexnettrained,ReLu2,0.07052915418166913,302
10303,1.6123525806130865,perceptual,EVC,alexnettrained,ReLu2,0.09635342785149195,303
10304,4.115617258216014,perceptual,EVC,alexnettrained,ReLu2,0.08828245153484685,304
10305,0.8886336311129062,perceptual,EVC,alexnettrained,ReLu2,0.054769395971940256,305
10306,1.2798489436564293,perceptual,EVC,alexnettrained,ReLu2,0.08897012346141871,306
10307,1.6098445160202124,perceptual,EVC,alexnettrained,ReLu2,0.07477616283142333,307
10308,1.8730863537349982,perceptual,EVC,alexnettrained,ReLu2,0.0870318380315524,308
10309,1.4136481619485424,perceptual,EVC,alexnettrained,ReLu2,0.11036703341589559,309
10310,1.3537774151983768,perceptual,EVC,alexnettrained,ReLu2,0.0721451372042656,310
10311,1.5967546680978952,perceptual,EVC,alexnettrained,ReLu2,0.0835861983722349,311
10312,4.501820389220458,perceptual,EVC,alexnettrained,ReLu2,0.07369012359939538,312
10313,2.3377812488276724,perceptual,EVC,alexnettrained,ReLu2,0.0813503125006407,313
10314,1.1611867319325686,perceptual,EVC,alexnettrained,ReLu2,0.08172326756021098,314
10315,1.6194279956318862,perceptual,EVC,alexnettrained,ReLu2,0.09143996547857061,315
10316,2.201570806843361,perceptual,EVC,alexnettrained,ReLu2,0.06111631298908235,316
10317,3.686477061246753,perceptual,EVC,alexnettrained,ReLu2,0.068467085295039,317
10318,2.844397504257335,perceptual,EVC,alexnettrained,ReLu2,0.06680066543787472,318
10319,1.130360980692443,perceptual,EVC,alexnettrained,ReLu2,0.08216449561892178,319
10320,1.5121403103569921,perceptual,EVC,alexnettrained,ReLu2,0.06932912058476154,320
10321,1.5906185390931409,perceptual,EVC,alexnettrained,ReLu2,0.06962001873665488,321
10322,2.1163284106639635,perceptual,EVC,alexnettrained,ReLu2,0.09184003958921777,322
10323,1.3790408157882457,perceptual,EVC,alexnettrained,ReLu2,0.06608459209439428,323
10324,1.2771302538015104,perceptual,EVC,alexnettrained,ReLu2,0.07967832931778798,324
10325,2.310932547176683,perceptual,EVC,alexnettrained,ReLu2,0.07374596459543381,325
10326,2.4206813895286734,perceptual,EVC,alexnettrained,ReLu2,0.08215093617172792,326
10327,1.77495687092344,perceptual,EVC,alexnettrained,ReLu2,0.08565827376290204,327
10328,2.954966708661333,perceptual,EVC,alexnettrained,ReLu2,0.08449277014886347,328
10329,1.976234233526551,perceptual,EVC,alexnettrained,ReLu2,0.07589706273759927,329
10330,3.572097351207113,perceptual,EVC,alexnettrained,ReLu2,0.06982574969024802,330
10331,1.5485530166178774,perceptual,EVC,alexnettrained,ReLu2,0.08654488341741863,331
10332,0.8230468685169151,perceptual,EVC,alexnettrained,ReLu2,0.08221631753493212,332
10333,1.4873863112184644,perceptual,EVC,alexnettrained,ReLu2,0.06907671461349812,333
10334,1.2305884526825046,perceptual,EVC,alexnettrained,ReLu2,0.09032745871796379,334
10335,1.3848997636948361,perceptual,EVC,alexnettrained,ReLu2,0.06021452718197832,335
10336,2.6724910058762124,perceptual,EVC,alexnettrained,ReLu2,0.07421967428928111,336
10337,1.2516698864847442,perceptual,EVC,alexnettrained,ReLu2,0.07122655064444663,337
10338,1.1668314281965324,perceptual,EVC,alexnettrained,ReLu2,0.06790596031826505,338
10339,1.6099793444417891,perceptual,EVC,alexnettrained,ReLu2,0.06583202536649502,339
10340,4.5321249304868045,perceptual,EVC,alexnettrained,ReLu2,0.07834715297396318,340
10341,2.3320098392564117,perceptual,EVC,alexnettrained,ReLu2,0.07836139400063778,341
10342,1.2828999093107498,perceptual,EVC,alexnettrained,ReLu2,0.08253198315322854,342
10343,1.1048959537789345,perceptual,EVC,alexnettrained,ReLu2,0.06746429711226004,343
10344,3.9207938672197096,perceptual,EVC,alexnettrained,ReLu2,0.0752158326208848,344
10345,1.9894498555958664,perceptual,EVC,alexnettrained,ReLu2,0.07148885219907897,345
10346,2.316730297066419,perceptual,EVC,alexnettrained,ReLu2,0.07019131676637723,346
10347,1.2376021715974868,perceptual,EVC,alexnettrained,ReLu2,0.077017350740969,347
10348,2.111568425664991,perceptual,EVC,alexnettrained,ReLu2,0.07956615446275686,348
10349,4.576578926522868,perceptual,EVC,alexnettrained,ReLu2,0.08214849289963981,349
10350,1.0451623845443978,perceptual,EVC,alexnettrained,ReLu2,0.07921138569103653,350
10351,1.4537038716941875,perceptual,EVC,alexnettrained,ReLu2,0.07117995945534744,351
10352,2.7193295778991993,perceptual,EVC,alexnettrained,ReLu2,0.07610210191331221,352
10353,1.1516937996081276,perceptual,EVC,alexnettrained,ReLu2,0.08067267829718112,353
10354,1.2122949505224785,perceptual,EVC,alexnettrained,ReLu2,0.07978257648804521,354
10355,1.042812294179048,perceptual,EVC,alexnettrained,ReLu2,0.08170261559872632,355
10356,1.2792401833635125,perceptual,EVC,alexnettrained,ReLu2,0.07911828482595595,356
10357,3.8378000428247327,perceptual,EVC,alexnettrained,ReLu2,0.0837283925156616,357
10358,0.9480125287092086,perceptual,EVC,alexnettrained,ReLu2,0.05440055687598932,358
10359,2.180061700338093,perceptual,EVC,alexnettrained,ReLu2,0.08861909521500577,359
10360,0.7209956012611202,perceptual,EVC,alexnettrained,ReLu2,0.05850735258200106,360
10361,0.9138769746560482,perceptual,EVC,alexnettrained,ReLu2,0.06717444421225506,361
10362,1.063858429157124,perceptual,EVC,alexnettrained,ReLu2,0.06541846519330062,362
10363,0.9926107706831613,perceptual,EVC,alexnettrained,ReLu2,0.06106850348943211,363
10364,1.7886104308215571,perceptual,EVC,alexnettrained,ReLu2,0.08146029087150022,364
10365,1.0673994384454153,perceptual,EVC,alexnettrained,ReLu2,0.07081912059417289,365
10366,3.596765392708393,perceptual,EVC,alexnettrained,ReLu2,0.09606440573435653,366
10367,1.9505570803073133,perceptual,EVC,alexnettrained,ReLu2,0.07504141699824865,367
10368,2.5661002491023397,perceptual,EVC,alexnettrained,ReLu2,0.06311649620534482,368
10369,1.7669759870875115,perceptual,EVC,alexnettrained,ReLu2,0.0791809829323401,369
10370,1.4334505173698469,perceptual,EVC,alexnettrained,ReLu2,0.0857601928914801,370
10371,2.699634165263713,perceptual,EVC,alexnettrained,ReLu2,0.0819607424823622,371
10372,1.5536477260926245,perceptual,EVC,alexnettrained,ReLu2,0.09509583805402416,372
10373,2.0620022695160833,perceptual,EVC,alexnettrained,ReLu2,0.07970559550303541,373
10374,3.963780226727056,perceptual,EVC,alexnettrained,ReLu2,0.08356775469529215,374
10375,1.5218065245435002,perceptual,EVC,alexnettrained,ReLu2,0.08253327570960976,375
10376,1.2171742298219903,perceptual,EVC,alexnettrained,ReLu2,0.07292897541784388,376
10377,1.1836142874127238,perceptual,EVC,alexnettrained,ReLu2,0.07621372657335755,377
10378,1.36755545359705,perceptual,EVC,alexnettrained,ReLu2,0.07354996915720322,378
10379,2.126719501283334,perceptual,EVC,alexnettrained,ReLu2,0.07678536467436786,379
10380,1.7727622665254834,perceptual,EVC,alexnettrained,ReLu2,0.05566115975107169,380
10381,1.9785736619356218,perceptual,EVC,alexnettrained,ReLu2,0.08539913236311059,381
10382,1.5765167230244672,perceptual,EVC,alexnettrained,ReLu2,0.08154895377610069,382
10383,2.7753940678071243,perceptual,EVC,alexnettrained,ReLu2,0.0653138457630115,383
10384,0.8197391219472967,perceptual,EVC,alexnettrained,ReLu2,0.07052600540596424,384
10385,1.0872649536420513,perceptual,EVC,alexnettrained,ReLu2,0.07140103777877917,385
10386,3.150307214325849,perceptual,EVC,alexnettrained,ReLu2,0.07931704533886441,386
10387,2.138977651869684,perceptual,EVC,alexnettrained,ReLu2,0.059645199032289015,387
10388,2.825492345865158,perceptual,EVC,alexnettrained,ReLu2,0.0916345931894664,388
10389,0.8742928275846811,perceptual,EVC,alexnettrained,ReLu2,0.07090182163224518,389
10390,0.6527377956493431,perceptual,EVC,alexnettrained,ReLu2,0.06449337067418555,390
10391,2.851253353368391,perceptual,EVC,alexnettrained,ReLu2,0.08963365842368332,391
10392,1.3467362148239337,perceptual,EVC,alexnettrained,ReLu2,0.07998378611977522,392
10393,0.941934326243161,perceptual,EVC,alexnettrained,ReLu2,0.09348032155433425,393
10394,9.053991031939992,perceptual,EVC,alexnettrained,ReLu2,0.0758751780492759,394
10395,1.0051976843923311,perceptual,EVC,alexnettrained,ReLu2,0.06981966588813246,395
10396,0.8883826283059119,perceptual,EVC,alexnettrained,ReLu2,0.06723593417280796,396
10397,1.823597429090284,perceptual,EVC,alexnettrained,ReLu2,0.07560247888800907,397
10398,0.9706978164701628,perceptual,EVC,alexnettrained,ReLu2,0.08449650680043391,398
10399,2.3671434485040326,perceptual,EVC,alexnettrained,ReLu2,0.07263821720827518,399
10400,2.6495401693678247,perceptual,EVC,alexnettrained,ReLu2,0.06157040774444108,400
10401,2.322726093395939,perceptual,EVC,alexnettrained,ReLu2,0.08514549723054071,401
10402,1.3567038651681902,perceptual,EVC,alexnettrained,ReLu2,0.06943695214764359,402
10403,2.365712276150744,perceptual,EVC,alexnettrained,ReLu2,0.08800367492671687,403
10404,1.7577080139797499,perceptual,EVC,alexnettrained,ReLu2,0.08165822521511211,404
10405,1.4793229163507322,perceptual,EVC,alexnettrained,ReLu2,0.07006709300718558,405
10406,1.9743879372092452,perceptual,EVC,alexnettrained,ReLu2,0.07348431990813815,406
10407,0.571920867983184,perceptual,EVC,alexnettrained,ReLu2,0.05921233560943724,407
10408,1.422014100560352,perceptual,EVC,alexnettrained,ReLu2,0.08226520699524739,408
10409,6.540579485173808,perceptual,EVC,alexnettrained,ReLu2,0.0672481339215443,409
10410,0.7681688878522683,perceptual,EVC,alexnettrained,ReLu2,0.06676287604563072,410
10411,1.381687262261514,perceptual,EVC,alexnettrained,ReLu2,0.09665723176343628,411
10412,1.423895193872598,perceptual,EVC,alexnettrained,ReLu2,0.08610041920189532,412
10413,0.8543022402289182,perceptual,EVC,alexnettrained,ReLu2,0.07263905942091786,413
10414,1.1103710435533372,perceptual,EVC,alexnettrained,ReLu2,0.0723946313939412,414
10415,1.0009597072721745,perceptual,EVC,alexnettrained,ReLu2,0.0661038251077017,415
10416,1.0313851241650784,perceptual,EVC,alexnettrained,ReLu2,0.08087458299716588,416
10417,1.2735805425458027,perceptual,EVC,alexnettrained,ReLu2,0.07397711972567034,417
10418,1.0130439209732822,perceptual,EVC,alexnettrained,ReLu2,0.07800147134914336,418
10419,1.2039364757134383,perceptual,EVC,alexnettrained,ReLu2,0.07606656350093947,419
10420,-15.06054470311455,perceptual,EVC,alexnettrained,ReLu2,0.060089413539449334,420
10421,0.8830936815558088,perceptual,EVC,alexnettrained,ReLu2,0.07192529466750311,421
10422,1.7572580764761936,perceptual,EVC,alexnettrained,ReLu2,0.08197926170904085,422
10423,2.046996765279227,perceptual,EVC,alexnettrained,ReLu2,0.06559861978696219,423
10424,2.1229025468824525,perceptual,EVC,alexnettrained,ReLu2,0.08894803898030099,424
10425,5.286093748896714,perceptual,EVC,alexnettrained,ReLu2,0.05826505865083628,425
10426,2.010997172014042,perceptual,EVC,alexnettrained,ReLu2,0.059208469480688475,426
10427,1.227630229892707,perceptual,EVC,alexnettrained,ReLu2,0.07832371657058446,427
10428,1.610706734638603,perceptual,EVC,alexnettrained,ReLu2,0.06433867489455677,428
10429,1.9747653283583533,perceptual,EVC,alexnettrained,ReLu2,0.06889014846450488,429
10430,3.7865683285492855,perceptual,EVC,alexnettrained,ReLu2,0.08807356854298846,430
10431,1.0963225101708791,perceptual,EVC,alexnettrained,ReLu2,0.07581387619613002,431
10432,1.4732914224119207,perceptual,EVC,alexnettrained,ReLu2,0.08542334009268089,432
10433,1.1652493268647126,perceptual,EVC,alexnettrained,ReLu2,0.08240201911638476,433
10434,2.5512670956436208,perceptual,EVC,alexnettrained,ReLu2,0.08381091155556233,434
10435,1.7620565962887975,perceptual,EVC,alexnettrained,ReLu2,0.08262269573220085,435
10436,1.9021839889124714,perceptual,EVC,alexnettrained,ReLu2,0.09315180875747754,436
10437,2.2168991853170334,perceptual,EVC,alexnettrained,ReLu2,0.07830930239249465,437
10438,4.074167047741923,perceptual,EVC,alexnettrained,ReLu2,0.05507888049387755,438
10439,2.3311024523064208,perceptual,EVC,alexnettrained,ReLu2,0.06079437163437473,439
10440,1.652344544651671,perceptual,EVC,alexnettrained,ReLu2,0.07779586350400682,440
10441,1.4940464894019359,perceptual,EVC,alexnettrained,ReLu2,0.09629113394453434,441
10442,5.282517612030077,perceptual,EVC,alexnettrained,ReLu2,0.07596090719164514,442
10443,1.72930126631895,perceptual,EVC,alexnettrained,ReLu2,0.08187670633043048,443
10444,7.222595235780509,perceptual,EVC,alexnettrained,ReLu2,0.07625496198648471,444
10445,1.6986727415978986,perceptual,EVC,alexnettrained,ReLu2,0.04903139768107622,445
10446,2.3159879313310703,perceptual,EVC,alexnettrained,ReLu2,0.08018344150841593,446
10447,3.0484499169445396,perceptual,EVC,alexnettrained,ReLu2,0.09078013534925193,447
10448,1.157238608776364,perceptual,EVC,alexnettrained,ReLu2,0.08452062369571274,448
10449,1.3764870063864734,perceptual,EVC,alexnettrained,ReLu2,0.06503114147257019,449
10450,1.2704762680787474,perceptual,EVC,alexnettrained,ReLu2,0.07598038548760805,450
10451,1.6944980421091134,perceptual,EVC,alexnettrained,ReLu2,0.09108315351334662,451
10452,2.735364574083027,perceptual,EVC,alexnettrained,ReLu2,0.08312188117446685,452
10453,1.3535291145079331,perceptual,EVC,alexnettrained,ReLu2,0.08386661818403984,453
10454,1.3390852154900232,perceptual,EVC,alexnettrained,ReLu2,0.071802475427809,454
10455,2.5452000185232326,perceptual,EVC,alexnettrained,ReLu2,0.05716832593846364,455
10456,1.318082309932565,perceptual,EVC,alexnettrained,ReLu2,0.07416411009273555,456
10457,1.4698759880406405,perceptual,EVC,alexnettrained,ReLu2,0.08194026634352414,457
10458,2.350170599338024,perceptual,EVC,alexnettrained,ReLu2,0.07571062759993971,458
10459,1.102236972695549,perceptual,EVC,alexnettrained,ReLu2,0.057760567907012395,459
10460,1.323256458938135,perceptual,EVC,alexnettrained,ReLu2,0.07999887066449181,460
10461,1.2604891424517108,perceptual,EVC,alexnettrained,ReLu2,0.08515830434984595,461
10462,1.249454542740357,perceptual,EVC,alexnettrained,ReLu2,0.0726247791698391,462
10463,0.8324060453922156,perceptual,EVC,alexnettrained,ReLu2,0.07531964619981128,463
10464,1.413138144578574,perceptual,EVC,alexnettrained,ReLu2,0.086576233345693,464
10465,2.035436375565523,perceptual,EVC,alexnettrained,ReLu2,0.08481356799457074,465
10466,2.92595351321798,perceptual,EVC,alexnettrained,ReLu2,0.056933412009202725,466
10467,2.2631625177661165,perceptual,EVC,alexnettrained,ReLu2,0.0767611968267754,467
10468,2.4569603099902353,perceptual,EVC,alexnettrained,ReLu2,0.05872122937116522,468
10469,2.3414974720502717,perceptual,EVC,alexnettrained,ReLu2,0.07207755814475326,469
10470,0.7066284073848235,perceptual,EVC,alexnettrained,ReLu2,0.05977154404131599,470
10471,2.4092941373233354,perceptual,EVC,alexnettrained,ReLu2,0.09728228241660228,471
10472,1.2958666391291374,perceptual,EVC,alexnettrained,ReLu2,0.07634636481111201,472
10473,1.5336712760197937,perceptual,EVC,alexnettrained,ReLu2,0.08377988262713434,473
10474,1.8237555595190638,perceptual,EVC,alexnettrained,ReLu2,0.08980597933547549,474
10475,2.7555874754220904,perceptual,EVC,alexnettrained,ReLu2,0.07902233774922471,475
10476,4.7808119895316565,perceptual,EVC,alexnettrained,ReLu2,0.08417736996906708,476
10477,1.8387048980344236,perceptual,EVC,alexnettrained,ReLu2,0.08097541533302698,477
10478,2.9342336248958962,perceptual,EVC,alexnettrained,ReLu2,0.08720840016903314,478
10479,1.4666323361841789,perceptual,EVC,alexnettrained,ReLu2,0.08598965586820231,479
10480,1.7941216574447554,perceptual,EVC,alexnettrained,ReLu2,0.09536432526353504,480
10481,0.950475091429283,perceptual,EVC,alexnettrained,ReLu2,0.07341488545220319,481
10482,1.7659007374127353,perceptual,EVC,alexnettrained,ReLu2,0.08002114000938507,482
10483,2.6829717121927463,perceptual,EVC,alexnettrained,ReLu2,0.08398763770564419,483
10484,2.0192077970216977,perceptual,EVC,alexnettrained,ReLu2,0.06450746804723881,484
10485,1.8722147212709905,perceptual,EVC,alexnettrained,ReLu2,0.08174075796197822,485
10486,0.8050294211028313,perceptual,EVC,alexnettrained,ReLu2,0.07512554538274725,486
10487,1.1909013106850812,perceptual,EVC,alexnettrained,ReLu2,0.0847079045799703,487
10488,1.393277794839242,perceptual,EVC,alexnettrained,ReLu2,0.06987693379311045,488
10489,1.4429776378980521,perceptual,EVC,alexnettrained,ReLu2,0.06657644178436904,489
10490,1.4158084674456426,perceptual,EVC,alexnettrained,ReLu2,0.09589554912360655,490
10491,3.3128442152767184,perceptual,EVC,alexnettrained,ReLu2,0.08420652990278704,491
10492,1.3704083149060247,perceptual,EVC,alexnettrained,ReLu2,0.0589924967905564,492
10493,0.8953360284595004,perceptual,EVC,alexnettrained,ReLu2,0.05777458948637196,493
10494,2.030408223538502,perceptual,EVC,alexnettrained,ReLu2,0.08315179950345847,494
10495,1.0669969733861422,perceptual,EVC,alexnettrained,ReLu2,0.08856832376831197,495
10496,1.1183146921207792,perceptual,EVC,alexnettrained,ReLu2,0.07534720582094923,496
10497,1.463998036362408,perceptual,EVC,alexnettrained,ReLu2,0.08905355643114188,497
10498,1.4599503406280923,perceptual,EVC,alexnettrained,ReLu2,0.0876482969688551,498
10499,1.2989241935965443,perceptual,EVC,alexnettrained,ReLu2,0.08352331880824064,499
10500,1.3779847774219174,perceptual,EVC,alexnettrained,ReLu2,0.08788517199896159,500
10501,1.409766375726154,perceptual,EVC,alexnettrained,ReLu2,0.07305900488544217,501
10502,1.0298143317309034,perceptual,EVC,alexnettrained,ReLu2,0.08158033014620118,502
10503,1.1478374273615708,perceptual,EVC,alexnettrained,ReLu2,0.05683568262091694,503
10504,0.9538289880373001,perceptual,EVC,alexnettrained,ReLu2,0.08500594359971061,504
10505,2.3663834949301057,perceptual,EVC,alexnettrained,ReLu2,0.07147049032717834,505
10506,1.3615879294798892,perceptual,EVC,alexnettrained,ReLu2,0.06820383353811393,506
10507,1.865354710731687,perceptual,EVC,alexnettrained,ReLu2,0.08363681687228372,507
10508,4.798840761846618,perceptual,EVC,alexnettrained,ReLu2,0.07651607667759468,508
10509,1.4800904575627207,perceptual,EVC,alexnettrained,ReLu2,0.0948160941936353,509
10510,3.7523010917138246,perceptual,EVC,alexnettrained,ReLu2,0.08096724755588525,510
10511,1.6639130580238806,perceptual,EVC,alexnettrained,ReLu2,0.09235242289289684,511
10512,1.112894087425748,perceptual,EVC,alexnettrained,ReLu2,0.06786654115468391,512
10513,1.3581348306920389,perceptual,EVC,alexnettrained,ReLu2,0.06732752089899971,513
10514,3.3304049336903163,perceptual,EVC,alexnettrained,ReLu2,0.08271944305839828,514
10515,2.7141518514045377,perceptual,EVC,alexnettrained,ReLu2,0.05751431098891957,515
10516,2.4410852145678956,perceptual,EVC,alexnettrained,ReLu2,0.06418009602826516,516
10517,2.0086116989365177,perceptual,EVC,alexnettrained,ReLu2,0.08329125179840878,517
10518,1.5115181115714076,perceptual,EVC,alexnettrained,ReLu2,0.07526724754730123,518
10519,1.04614694036332,perceptual,EVC,alexnettrained,ReLu2,0.07038095600416039,519
10520,3.55671729839566,perceptual,EVC,alexnettrained,ReLu2,0.08805616151323958,520
10521,2.9815165956871112,perceptual,EVC,alexnettrained,ReLu2,0.07802813101638378,521
10522,1.0492770787241568,perceptual,EVC,alexnettrained,ReLu2,0.06712338658199182,522
10523,1.4251735645775816,perceptual,EVC,alexnettrained,ReLu2,0.0743800031982526,523
10524,1.268843330424679,perceptual,EVC,alexnettrained,ReLu2,0.09387545126904803,524
10525,1.231767046032908,perceptual,EVC,alexnettrained,ReLu2,0.06856997001733478,525
10526,1.2404728677622916,perceptual,EVC,alexnettrained,ReLu2,0.06872397431644871,526
10527,1.581282064856488,perceptual,EVC,alexnettrained,ReLu2,0.08961194927733002,527
10528,1.8674584096968503,perceptual,EVC,alexnettrained,ReLu2,0.07616610035790482,528
10529,1.484427508907763,perceptual,EVC,alexnettrained,ReLu2,0.08334578465997677,529
10530,1.9727347141493687,perceptual,EVC,alexnettrained,ReLu2,0.07173351120143279,530
10531,2.2166343187081945,perceptual,EVC,alexnettrained,ReLu2,0.08222512773842272,531
10532,1.469724438118725,perceptual,EVC,alexnettrained,ReLu2,0.06669986768992382,532
10533,2.0909127235077327,perceptual,EVC,alexnettrained,ReLu2,0.07958600786707504,533
10534,2.335269221767938,perceptual,EVC,alexnettrained,ReLu2,0.07769395603811409,534
10535,3.7447362132005897,perceptual,EVC,alexnettrained,ReLu2,0.08391394555671028,535
10536,1.5570037965176502,perceptual,EVC,alexnettrained,ReLu2,0.07593983651254221,536
10537,1.6033790409281465,perceptual,EVC,alexnettrained,ReLu2,0.09578079831161995,537
10538,1.6573806651542504,perceptual,EVC,alexnettrained,ReLu2,0.08742840006552974,538
10539,2.137876208582853,perceptual,EVC,alexnettrained,ReLu2,0.062480686312784854,539
10540,2.913450955231314,perceptual,EVC,alexnettrained,ReLu2,0.08435480652290148,540
10541,1.8563604632593282,perceptual,EVC,alexnettrained,ReLu2,0.06807169774775566,541
10542,1.24415280418061,perceptual,EVC,alexnettrained,ReLu2,0.0732779589286807,542
10543,1.8599022023722338,perceptual,EVC,alexnettrained,ReLu2,0.0749924210415297,543
10544,1.7283561288675813,perceptual,EVC,alexnettrained,ReLu2,0.08021308428128929,544
10545,1.5706747869111346,perceptual,EVC,alexnettrained,ReLu2,0.0950766328531486,545
10546,3.6048135482801245,perceptual,EVC,alexnettrained,ReLu2,0.07889305781219277,546
10547,2.96255385385137,perceptual,EVC,alexnettrained,ReLu2,0.06626140706070628,547
10548,0.8209625083331101,perceptual,EVC,alexnettrained,ReLu2,0.07069528583005233,548
10549,2.382350429658331,perceptual,EVC,alexnettrained,ReLu2,0.07660074491398658,549
10550,1.311687950879343,perceptual,EVC,alexnettrained,ReLu2,0.07113277417422224,550
10551,1.4275533182474245,perceptual,EVC,alexnettrained,ReLu2,0.0983575312701672,551
10552,2.388496150201862,perceptual,EVC,alexnettrained,ReLu2,0.0933216205796439,552
10553,1.0900714028688367,perceptual,EVC,alexnettrained,ReLu2,0.07372118256398283,553
10554,2.149133919983659,perceptual,EVC,alexnettrained,ReLu2,0.09079935163091649,554
10555,0.9145840296310311,perceptual,EVC,alexnettrained,ReLu2,0.07034403723306655,555
10556,2.4177362771305875,perceptual,EVC,alexnettrained,ReLu2,0.06772837178212818,556
10557,1.1456820700847468,perceptual,EVC,alexnettrained,ReLu2,0.07425623324347358,557
10558,1.0784821606682111,perceptual,EVC,alexnettrained,ReLu2,0.08966382778170233,558
10559,0.9528160751725672,perceptual,EVC,alexnettrained,ReLu2,0.056801383763672254,559
10560,0.654057101115665,perceptual,EVC,alexnettrained,ReLu2,0.07012147393607873,560
10561,4.646434236306342,perceptual,EVC,alexnettrained,ReLu2,0.06759183069986292,561
10562,1.5615737802659746,perceptual,EVC,alexnettrained,ReLu2,0.08461047374989775,562
10563,1.3805134347877666,perceptual,EVC,alexnettrained,ReLu2,0.07883731358623945,563
10564,3.178459025655824,perceptual,EVC,alexnettrained,ReLu2,0.07345147754605928,564
10565,1.0846119505300527,perceptual,EVC,alexnettrained,ReLu2,0.08639824286440995,565
10566,1.864250287878532,perceptual,EVC,alexnettrained,ReLu2,0.0901110502845119,566
10567,2.119855542870631,perceptual,EVC,alexnettrained,ReLu2,0.07505873833279211,567
10568,3.8950027727312726,perceptual,EVC,alexnettrained,ReLu2,0.07255392187372936,568
10569,0.6432257342359934,perceptual,EVC,alexnettrained,ReLu2,0.06790620008939185,569
10570,0.9882631174946579,perceptual,EVC,alexnettrained,ReLu2,0.07602212884581916,570
10571,3.963750929837793,perceptual,EVC,alexnettrained,ReLu2,0.06133956035463267,571
10572,1.639096922959085,perceptual,EVC,alexnettrained,ReLu2,0.07148178611274511,572
10573,2.4908189060212123,perceptual,EVC,alexnettrained,ReLu2,0.08691439518250893,573
10574,6.3839723860569055,perceptual,EVC,alexnettrained,ReLu2,0.08626409423270526,574
10575,1.0642759996968387,perceptual,EVC,alexnettrained,ReLu2,0.07808572825023669,575
10576,1.7275704566031604,perceptual,EVC,alexnettrained,ReLu2,0.06485007031610569,576
10577,0.9668927981105561,perceptual,EVC,alexnettrained,ReLu2,0.06927425892594603,577
10578,1.5662698710998189,perceptual,EVC,alexnettrained,ReLu2,0.06676319277447257,578
10579,0.8732329570589042,perceptual,EVC,alexnettrained,ReLu2,0.0648976541580552,579
10580,1.0094658299757615,perceptual,EVC,alexnettrained,ReLu2,0.07153895336836494,580
10581,1.955985309444886,perceptual,EVC,alexnettrained,ReLu2,0.07440955961398918,581
10582,2.7690023718274266,perceptual,EVC,alexnettrained,ReLu2,0.06557808455165652,582
10583,2.3311016916779814,perceptual,EVC,alexnettrained,ReLu2,0.052803357732203904,583
10584,1.3246214821450086,perceptual,EVC,alexnettrained,ReLu2,0.08293971282251761,584
10585,2.121750032752946,perceptual,EVC,alexnettrained,ReLu2,0.0626858317722777,585
10586,2.403494580397726,perceptual,EVC,alexnettrained,ReLu2,0.07885299204165477,586
10587,2.6882498657025384,perceptual,EVC,alexnettrained,ReLu2,0.06440323563807455,587
10588,1.5534400570760913,perceptual,EVC,alexnettrained,ReLu2,0.07081723388671506,588
10589,2.2855031274927984,perceptual,EVC,alexnettrained,ReLu2,0.08409401352151866,589
10590,2.3023699387013528,perceptual,EVC,alexnettrained,ReLu2,0.08222563824141764,590
10591,4.182471334430317,perceptual,EVC,alexnettrained,ReLu2,0.07898509429360794,591
10592,2.312386297568771,perceptual,EVC,alexnettrained,ReLu2,0.06506804043898964,592
10593,1.1164409536061162,perceptual,EVC,alexnettrained,ReLu2,0.08607992806469132,593
10594,3.884889151544721,perceptual,EVC,alexnettrained,ReLu2,0.09378179634236276,594
10595,2.0267223895331017,perceptual,EVC,alexnettrained,ReLu2,0.08014780849137497,595
10596,-12.349228745008142,perceptual,EVC,alexnettrained,ReLu2,0.06927875059311998,596
10597,1.5156843692261603,perceptual,EVC,alexnettrained,ReLu2,0.06973869775165939,597
10598,2.2125063930070232,perceptual,EVC,alexnettrained,ReLu2,0.07739067220259857,598
10599,1.9398156644365494,perceptual,EVC,alexnettrained,ReLu2,0.08454997565782223,599
10600,1.2432892508826894,perceptual,EVC,alexnettrained,ReLu2,0.08432091147908646,600
10601,2.535316189885124,perceptual,EVC,alexnettrained,ReLu2,0.07922630611265977,601
10602,1.623767846286056,perceptual,EVC,alexnettrained,ReLu2,0.07801514882173749,602
10603,1.5865081388751094,perceptual,EVC,alexnettrained,ReLu2,0.08657687150691609,603
10604,0.9132501386798204,perceptual,EVC,alexnettrained,ReLu2,0.06771175985952292,604
10605,3.4421338798273813,perceptual,EVC,alexnettrained,ReLu2,0.07596289236336166,605
10606,2.6664295419825583,perceptual,EVC,alexnettrained,ReLu2,0.06913260704258004,606
10607,0.9946869295051329,perceptual,EVC,alexnettrained,ReLu2,0.07099905472917481,607
10608,1.1059240460211714,perceptual,EVC,alexnettrained,ReLu2,0.07813139615223291,608
10609,1.2250729469085875,perceptual,EVC,alexnettrained,ReLu2,0.09152590996266682,609
10610,1.033661515001182,perceptual,EVC,alexnettrained,ReLu2,0.07609863832414333,610
10611,1.4171115171728166,perceptual,EVC,alexnettrained,ReLu2,0.08485375794900066,611
10612,1.4446181871636405,perceptual,EVC,alexnettrained,ReLu2,0.08902216254450307,612
10613,2.188481995845115,perceptual,EVC,alexnettrained,ReLu2,0.055198584778116164,613
10614,1.301349578644927,perceptual,EVC,alexnettrained,ReLu2,0.08979071382237194,614
10615,2.112411623505408,perceptual,EVC,alexnettrained,ReLu2,0.0737858748129476,615
10616,1.5724592569894984,perceptual,EVC,alexnettrained,ReLu2,0.08143525294346643,616
10617,1.5675807773805641,perceptual,EVC,alexnettrained,ReLu2,0.07728750468426143,617
10618,1.451021343155905,perceptual,EVC,alexnettrained,ReLu2,0.07256945690931407,618
10619,1.341540156255083,perceptual,EVC,alexnettrained,ReLu2,0.07467799430823799,619
10620,3.641740611155797,perceptual,EVC,alexnettrained,ReLu2,0.07525560607578184,620
10621,1.2882264967302517,perceptual,EVC,alexnettrained,ReLu2,0.06385354015035774,621
10622,1.6233632554862756,perceptual,EVC,alexnettrained,ReLu2,0.06702628273432767,622
10623,1.8057112653929026,perceptual,EVC,alexnettrained,ReLu2,0.0874226802407386,623
10624,1.008876758102828,perceptual,EVC,alexnettrained,ReLu2,0.06677570902727287,624
10625,5.4542401712218025,perceptual,EVC,alexnettrained,ReLu2,0.09092313658800272,625
10626,1.4613899062355897,perceptual,EVC,alexnettrained,ReLu2,0.060336993047080394,626
10627,2.2247507114104392,perceptual,EVC,alexnettrained,ReLu2,0.09496006433416335,627
10628,2.6999659966263505,perceptual,EVC,alexnettrained,ReLu2,0.07125547362671078,628
10629,1.7089366885206057,perceptual,EVC,alexnettrained,ReLu2,0.06684518627702535,629
10630,2.8926455619270555,perceptual,EVC,alexnettrained,ReLu2,0.0687499897866004,630
10631,1.4769853410654246,perceptual,EVC,alexnettrained,ReLu2,0.08224657325191406,631
10632,1.0956314073284357,perceptual,EVC,alexnettrained,ReLu2,0.05637927532177873,632
10633,2.1480627724114405,perceptual,EVC,alexnettrained,ReLu2,0.055901504165773726,633
10634,1.616653885325517,perceptual,EVC,alexnettrained,ReLu2,0.08640777557012001,634
10635,0.8690708872921439,perceptual,EVC,alexnettrained,ReLu2,0.07260246066806159,635
10636,1.094821562271257,perceptual,EVC,alexnettrained,ReLu2,0.05905248669630041,636
10637,2.2409347044110532,perceptual,EVC,alexnettrained,ReLu2,0.08167754997063284,637
10638,1.6978488965882559,perceptual,EVC,alexnettrained,ReLu2,0.08766393532706172,638
10639,3.3347968892602315,perceptual,EVC,alexnettrained,ReLu2,0.10393347746224793,639
10640,1.759949656905465,perceptual,EVC,alexnettrained,ReLu2,0.06502635175364996,640
10641,1.3287913990631017,perceptual,EVC,alexnettrained,ReLu2,0.062125842680074164,641
10642,1.2925648204294033,perceptual,EVC,alexnettrained,ReLu2,0.06046399742402774,642
10643,1.4166822557681091,perceptual,EVC,alexnettrained,ReLu2,0.08346344602779712,643
10644,3.2365037747288277,perceptual,EVC,alexnettrained,ReLu2,0.05367639740216741,644
10645,8.679850347486106,perceptual,EVC,alexnettrained,ReLu2,0.07679805540784976,645
10646,2.281167234422568,perceptual,EVC,alexnettrained,ReLu2,0.0861107841408233,646
10647,1.1411626129975785,perceptual,EVC,alexnettrained,ReLu2,0.08293904810821882,647
10648,1.6371132765283651,perceptual,EVC,alexnettrained,ReLu2,0.07985874936837745,648
10649,0.7571010355022357,perceptual,EVC,alexnettrained,ReLu2,0.08053434086574107,649
10650,0.9681995565654846,perceptual,EVC,alexnettrained,ReLu2,0.0533501305107634,650
10651,1.3146843628266711,perceptual,EVC,alexnettrained,ReLu2,0.04355957726541217,651
10652,3.55144100515735,perceptual,EVC,alexnettrained,ReLu2,0.0644049473770697,652
10653,12.120164030513783,perceptual,EVC,alexnettrained,ReLu2,0.0694219687964743,653
10654,1.9510631456237855,perceptual,EVC,alexnettrained,ReLu2,0.07673064064323411,654
10655,1.5971504581958926,perceptual,EVC,alexnettrained,ReLu2,0.07633614099067554,655
10656,0.9332066371572487,perceptual,EVC,alexnettrained,ReLu2,0.08088545748681351,656
10657,1.355856951460881,perceptual,EVC,alexnettrained,ReLu2,0.07565500444236437,657
10658,3.9842464449089423,perceptual,EVC,alexnettrained,ReLu2,0.07446195997019286,658
10659,2.167637876935647,perceptual,EVC,alexnettrained,ReLu2,0.07199784541698356,659
10660,5.031514775729194,perceptual,EVC,alexnettrained,ReLu2,0.0470786244138499,660
10661,1.4745162456731584,perceptual,EVC,alexnettrained,ReLu2,0.07558583402777708,661
10662,2.1918940369829834,perceptual,EVC,alexnettrained,ReLu2,0.07446747110307714,662
10663,2.6135087664938674,perceptual,EVC,alexnettrained,ReLu2,0.06597378444394289,663
10664,1.428412100847332,perceptual,EVC,alexnettrained,ReLu2,0.07756378451917795,664
10665,1.483842692024091,perceptual,EVC,alexnettrained,ReLu2,0.06472225907128915,665
10666,0.6362409480881843,perceptual,EVC,alexnettrained,ReLu2,0.07287881124534716,666
10667,2.6576123010662984,perceptual,EVC,alexnettrained,ReLu2,0.06754990298541139,667
10668,1.869834537790451,perceptual,EVC,alexnettrained,ReLu2,0.08014855366285778,668
10669,1.2296842214093588,perceptual,EVC,alexnettrained,ReLu2,0.08312484908284481,669
10670,2.571830880243924,perceptual,EVC,alexnettrained,ReLu2,0.0644563257349145,670
10671,0.6975537645883807,perceptual,EVC,alexnettrained,ReLu2,0.06455273915091472,671
10672,1.809223793877157,perceptual,EVC,alexnettrained,ReLu2,0.09113143593282158,672
10673,1.6081427519890468,perceptual,EVC,alexnettrained,ReLu2,0.07695678056010802,673
10674,1.6473108438735682,perceptual,EVC,alexnettrained,ReLu2,0.06821229222676296,674
10675,2.683371129303637,perceptual,EVC,alexnettrained,ReLu2,0.08437263718402968,675
10676,1.4127124853559117,perceptual,EVC,alexnettrained,ReLu2,0.0793446266023872,676
10677,0.6875141002166568,perceptual,EVC,alexnettrained,ReLu2,0.08021743960259359,677
10678,1.1029986788630635,perceptual,EVC,alexnettrained,ReLu2,0.07865134559127426,678
10679,1.2034232746519888,perceptual,EVC,alexnettrained,ReLu2,0.07450118477167973,679
10680,0.9806752644052081,perceptual,EVC,alexnettrained,ReLu2,0.07250519341456016,680
10681,1.6404013850874337,perceptual,EVC,alexnettrained,ReLu2,0.08542566818585867,681
10682,3.1113934367415563,perceptual,EVC,alexnettrained,ReLu2,0.08424429979921347,682
10683,1.72231972670248,perceptual,EVC,alexnettrained,ReLu2,0.06714556579876968,683
10684,1.000092284226724,perceptual,EVC,alexnettrained,ReLu2,0.06544335297865525,684
10685,0.9731753576988424,perceptual,EVC,alexnettrained,ReLu2,0.07462325760048752,685
10686,2.360601235277886,perceptual,EVC,alexnettrained,ReLu2,0.06056146569558776,686
10687,1.940710833716176,perceptual,EVC,alexnettrained,ReLu2,0.08296573233474869,687
10688,4.495455587489996,perceptual,EVC,alexnettrained,ReLu2,0.0885954853674118,688
10689,2.2953437825855905,perceptual,EVC,alexnettrained,ReLu2,0.09012462591095963,689
10690,2.0874575372207733,perceptual,EVC,alexnettrained,ReLu2,0.0788811761696255,690
10691,0.9310189424854911,perceptual,EVC,alexnettrained,ReLu2,0.07065114287039784,691
10692,1.3615886860387307,perceptual,EVC,alexnettrained,ReLu2,0.06759873422963379,692
10693,2.83929927674866,perceptual,EVC,alexnettrained,ReLu2,0.08694877179832011,693
10694,1.4152676368036623,perceptual,EVC,alexnettrained,ReLu2,0.07232385607803417,694
10695,2.9163957793995907,perceptual,EVC,alexnettrained,ReLu2,0.09014411261578972,695
10696,1.543480801204707,perceptual,EVC,alexnettrained,ReLu2,0.07715721297471638,696
10697,1.2741417196700182,perceptual,EVC,alexnettrained,ReLu2,0.0843235167136713,697
10698,0.9832723402488375,perceptual,EVC,alexnettrained,ReLu2,0.06546519705917397,698
10699,1.6582158291648454,perceptual,EVC,alexnettrained,ReLu2,0.07838719995459034,699
10700,3.3526546203841816,perceptual,EVC,alexnettrained,ReLu2,0.07495443188476392,700
10701,2.0141784203500146,perceptual,EVC,alexnettrained,ReLu2,0.08809720149420228,701
10702,1.8725466014176533,perceptual,EVC,alexnettrained,ReLu2,0.07039855647412128,702
10703,2.7407335149940613,perceptual,EVC,alexnettrained,ReLu2,0.0743485914530159,703
10704,1.4812259809841932,perceptual,EVC,alexnettrained,ReLu2,0.08712992375676513,704
10705,1.0409481547970967,perceptual,EVC,alexnettrained,ReLu2,0.08592119636337611,705
10706,1.7887242488697002,perceptual,EVC,alexnettrained,ReLu2,0.07136678758093948,706
10707,2.995015026415874,perceptual,EVC,alexnettrained,ReLu2,0.08157803212290489,707
10708,1.5132806217953623,perceptual,EVC,alexnettrained,ReLu2,0.06884321816013216,708
10709,2.2075217394520354,perceptual,EVC,alexnettrained,ReLu2,0.07578498078007313,709
10710,3.8379980315160793,perceptual,EVC,alexnettrained,ReLu2,0.07202067559819042,710
10711,1.9554283595496595,perceptual,EVC,alexnettrained,ReLu2,0.06903933454428318,711
10712,1.9900882586757354,perceptual,EVC,alexnettrained,ReLu2,0.07823490504450042,712
10713,0.4342007344675057,perceptual,EVC,alexnettrained,ReLu2,0.055294271836843094,713
10714,2.257352782223011,perceptual,EVC,alexnettrained,ReLu2,0.07480410961106615,714
10715,1.7303410312753078,perceptual,EVC,alexnettrained,ReLu2,0.09133848966937527,715
10716,0.5759857307901082,perceptual,EVC,alexnettrained,ReLu2,0.07660399104254142,716
10717,1.258409586755084,perceptual,EVC,alexnettrained,ReLu2,0.08446126690236777,717
10718,6.665819839569939,perceptual,EVC,alexnettrained,ReLu2,0.06565478977349845,718
10719,3.647026241167228,perceptual,EVC,alexnettrained,ReLu2,0.07560789400425724,719
10720,1.6133996510106026,perceptual,EVC,alexnettrained,ReLu2,0.07070270984005492,720
10721,1.7617507884580543,perceptual,EVC,alexnettrained,ReLu2,0.09668865022164169,721
10722,-23.405419208879252,perceptual,EVC,alexnettrained,ReLu2,0.06677594583277144,722
10723,1.6941634007257456,perceptual,EVC,alexnettrained,ReLu2,0.09208986670081963,723
10724,1.223630028847998,perceptual,EVC,alexnettrained,ReLu2,0.08580808691716052,724
10725,1.5098434521389321,perceptual,EVC,alexnettrained,ReLu2,0.06754264219365905,725
10726,1.1143122514952515,perceptual,EVC,alexnettrained,ReLu2,0.07125921726874097,726
10727,1.2471804320425521,perceptual,EVC,alexnettrained,ReLu2,0.08346591238245185,727
10728,2.986140199579555,perceptual,EVC,alexnettrained,ReLu2,0.0637683836384302,728
10729,1.7880164372912144,perceptual,EVC,alexnettrained,ReLu2,0.0602009395186489,729
10730,2.0484684765215673,perceptual,EVC,alexnettrained,ReLu2,0.08754596245364699,730
10731,1.5786555828104178,perceptual,EVC,alexnettrained,ReLu2,0.07270799700979477,731
10732,1.1106928299277217,perceptual,EVC,alexnettrained,ReLu2,0.07603014569408108,732
10733,2.6644140254265105,perceptual,EVC,alexnettrained,ReLu2,0.06610465799088956,733
10734,1.0399237248614412,perceptual,EVC,alexnettrained,ReLu2,0.09176251136292404,734
10735,1.5838128990135627,perceptual,EVC,alexnettrained,ReLu2,0.11002550273286738,735
10736,0.8987151305137316,perceptual,EVC,alexnettrained,ReLu2,0.057687529326317294,736
10737,1.924952760630247,perceptual,EVC,alexnettrained,ReLu2,0.0694213956168033,737
10738,0.9853212538436807,perceptual,EVC,alexnettrained,ReLu2,0.09519356728738002,738
10739,1.0247216584429504,perceptual,EVC,alexnettrained,ReLu2,0.06280958229032471,739
10740,1.1455019269033233,perceptual,EVC,alexnettrained,ReLu2,0.08172110598617324,740
10741,2.4101251403875286,perceptual,EVC,alexnettrained,ReLu2,0.08183000168882659,741
10742,1.869698826682199,perceptual,EVC,alexnettrained,ReLu2,0.07103379575145728,742
10743,1.7126259506568835,perceptual,EVC,alexnettrained,ReLu2,0.06576610381030079,743
10744,6.067674733561764,perceptual,EVC,alexnettrained,ReLu2,0.0651933615647916,744
10745,3.3526931087754606,perceptual,EVC,alexnettrained,ReLu2,0.07429548177322917,745
10746,1.4211379101516775,perceptual,EVC,alexnettrained,ReLu2,0.03872107015462209,746
10747,3.3010681780340194,perceptual,EVC,alexnettrained,ReLu2,0.06802652710050726,747
10748,0.9078912434187483,perceptual,EVC,alexnettrained,ReLu2,0.07031958119137596,748
10749,0.6693488228363927,perceptual,EVC,alexnettrained,ReLu2,0.061411936772559086,749
10750,1.500949965899791,perceptual,EVC,alexnettrained,ReLu2,0.08408549659618048,750
10751,1.1431864208981208,perceptual,EVC,alexnettrained,ReLu2,0.06737977221603451,751
10752,2.540859231031902,perceptual,EVC,alexnettrained,ReLu2,0.07486019898316015,752
10753,1.3273782348520033,perceptual,EVC,alexnettrained,ReLu2,0.09089956289080259,753
10754,0.7924050185739115,perceptual,EVC,alexnettrained,ReLu2,0.07834790769279343,754
10755,1.4021195163769247,perceptual,EVC,alexnettrained,ReLu2,0.05847196225679295,755
10756,1.784049881458494,perceptual,EVC,alexnettrained,ReLu2,0.08174297842014672,756
10757,-26.70165257718829,perceptual,EVC,alexnettrained,ReLu2,0.06843695742467772,757
10758,1.6891608452763673,perceptual,EVC,alexnettrained,ReLu2,0.08238054827947867,758
10759,1.6951267410818276,perceptual,EVC,alexnettrained,ReLu2,0.08588517427726382,759
10760,2.9867351898489294,perceptual,EVC,alexnettrained,ReLu2,0.07817663026791288,760
10761,2.833831393555903,perceptual,EVC,alexnettrained,ReLu2,0.06497651183533061,761
10762,1.6866899444673487,perceptual,EVC,alexnettrained,ReLu2,0.06684426035312516,762
10763,2.0002395331375666,perceptual,EVC,alexnettrained,ReLu2,0.08910799986725014,763
10764,0.8649762657713187,perceptual,EVC,alexnettrained,ReLu2,0.06771918360912903,764
10765,1.1396739451311866,perceptual,EVC,alexnettrained,ReLu2,0.08269531996577639,765
10766,2.1573712720083416,perceptual,EVC,alexnettrained,ReLu2,0.08166157224835825,766
10767,1.0175430595842758,perceptual,EVC,alexnettrained,ReLu2,0.051106522968999556,767
10768,1.217772841525517,perceptual,EVC,alexnettrained,ReLu2,0.0713452121683363,768
10769,2.751582999888484,perceptual,EVC,alexnettrained,ReLu2,0.07054167086051424,769
10770,0.9140985873245059,perceptual,EVC,alexnettrained,ReLu2,0.07336116031089507,770
10771,2.940613638048075,perceptual,EVC,alexnettrained,ReLu2,0.07476256739464086,771
10772,3.4999561279311617,perceptual,EVC,alexnettrained,ReLu2,0.07532155643728806,772
10773,2.521746950349353,perceptual,EVC,alexnettrained,ReLu2,0.0509445010967072,773
10774,2.215223014797482,perceptual,EVC,alexnettrained,ReLu2,0.1032929476405129,774
10775,1.299239060998995,perceptual,EVC,alexnettrained,ReLu2,0.06308373658368222,775
10776,2.3079539060829637,perceptual,EVC,alexnettrained,ReLu2,0.08363417590243842,776
10777,0.8923531902026149,perceptual,EVC,alexnettrained,ReLu2,0.056880759663538685,777
10778,1.5387746220918774,perceptual,EVC,alexnettrained,ReLu2,0.059942344167895095,778
10779,1.6546334472703328,perceptual,EVC,alexnettrained,ReLu2,0.07551489649284959,779
10780,1.1821191998379224,perceptual,EVC,alexnettrained,ReLu2,0.07138590395384103,780
10781,2.1902362257758057,perceptual,EVC,alexnettrained,ReLu2,0.08205584634128629,781
10782,1.4676986997670678,perceptual,EVC,alexnettrained,ReLu2,0.07129438129328534,782
10783,2.3486473561650785,perceptual,EVC,alexnettrained,ReLu2,0.07290096828983689,783
10784,3.7903693199127857,perceptual,EVC,alexnettrained,ReLu2,0.07460425432753447,784
10785,2.1283868593247863,perceptual,EVC,alexnettrained,ReLu2,0.06359096162707045,785
10786,1.863047480637399,perceptual,EVC,alexnettrained,ReLu2,0.07623039315209976,786
10787,0.6467751985797537,perceptual,EVC,alexnettrained,ReLu2,0.05584131320709999,787
10788,3.6781424771641587,perceptual,EVC,alexnettrained,ReLu2,0.07395696608979874,788
10789,2.290738318490802,perceptual,EVC,alexnettrained,ReLu2,0.07947550340164,789
10790,1.817800816727817,perceptual,EVC,alexnettrained,ReLu2,0.08216104715356574,790
10791,2.803693790396322,perceptual,EVC,alexnettrained,ReLu2,0.09138742774430986,791
10792,2.875232124564728,perceptual,EVC,alexnettrained,ReLu2,0.07390416724205777,792
10793,1.6615299562307813,perceptual,EVC,alexnettrained,ReLu2,0.08485602852135132,793
10794,4.780499065610566,perceptual,EVC,alexnettrained,ReLu2,0.06226390629422626,794
10795,3.00772208160462,perceptual,EVC,alexnettrained,ReLu2,0.07248576507543486,795
10796,1.1619669687463132,perceptual,EVC,alexnettrained,ReLu2,0.07786491782240197,796
10797,0.9004255419650826,perceptual,EVC,alexnettrained,ReLu2,0.07880198018127288,797
10798,1.5655467955666464,perceptual,EVC,alexnettrained,ReLu2,0.06951764288389435,798
10799,1.0749709070180369,perceptual,EVC,alexnettrained,ReLu2,0.055003488132229876,799
10800,3.728815374059473,perceptual,EVC,alexnettrained,ReLu2,0.09166156265802339,800
10801,2.2649346025933057,perceptual,EVC,alexnettrained,ReLu2,0.07930341403534233,801
10802,1.8679671571560337,perceptual,EVC,alexnettrained,ReLu2,0.07285960467785624,802
10803,1.9795422506023774,perceptual,EVC,alexnettrained,ReLu2,0.09121816682129975,803
10804,1.4199509389691491,perceptual,EVC,alexnettrained,ReLu2,0.07734240153591776,804
10805,2.0974267165942098,perceptual,EVC,alexnettrained,ReLu2,0.053790595297709076,805
10806,7.57313961085365,perceptual,EVC,alexnettrained,ReLu2,0.07940094809386919,806
10807,0.7344292494162051,perceptual,EVC,alexnettrained,ReLu2,0.08618027012459899,807
10808,0.6307449572351729,perceptual,EVC,alexnettrained,ReLu2,0.0748130170964553,808
10809,7.85568311902837,perceptual,EVC,alexnettrained,ReLu2,0.07569565477336412,809
10810,2.6971018954308965,perceptual,EVC,alexnettrained,ReLu2,0.07779738599593855,810
10811,1.3736828821413127,perceptual,EVC,alexnettrained,ReLu2,0.08891897410923427,811
10812,2.3745424945706954,perceptual,EVC,alexnettrained,ReLu2,0.08157954548604737,812
10813,1.374747013165303,perceptual,EVC,alexnettrained,ReLu2,0.06570418222888846,813
10814,1.8969304362613397,perceptual,EVC,alexnettrained,ReLu2,0.08464749821690995,814
10815,1.0885787010605732,perceptual,EVC,alexnettrained,ReLu2,0.08148201937927804,815
10816,1.7387460901220415,perceptual,EVC,alexnettrained,ReLu2,0.08730434367394677,816
10817,1.0354076745451786,perceptual,EVC,alexnettrained,ReLu2,0.05750227182208931,817
10818,2.611988457989748,perceptual,EVC,alexnettrained,ReLu2,0.09467006559381726,818
10819,2.6598212534046017,perceptual,EVC,alexnettrained,ReLu2,0.07601142848506826,819
10820,3.1383920905213,perceptual,EVC,alexnettrained,ReLu2,0.08252937869742516,820
10821,1.1726075787595922,perceptual,EVC,alexnettrained,ReLu2,0.08831830089799383,821
10822,2.2350813001054064,perceptual,EVC,alexnettrained,ReLu2,0.07593281156915707,822
10823,1.2947383554445577,perceptual,EVC,alexnettrained,ReLu2,0.09223333022776681,823
10824,3.5879619204661855,perceptual,EVC,alexnettrained,ReLu2,0.055997824939686136,824
10825,1.3273172547321355,perceptual,EVC,alexnettrained,ReLu2,0.08112143847590264,825
10826,1.4578934158426762,perceptual,EVC,alexnettrained,ReLu2,0.06037095288223299,826
10827,2.545617080812907,perceptual,EVC,alexnettrained,ReLu2,0.06852591670184194,827
10828,1.198929847965196,perceptual,EVC,alexnettrained,ReLu2,0.0662395616294279,828
10829,2.545860707114258,perceptual,EVC,alexnettrained,ReLu2,0.10288466772915039,829
10830,1.2884385590151999,perceptual,EVC,alexnettrained,ReLu2,0.0859492004145313,830
10831,1.9657527378127237,perceptual,EVC,alexnettrained,ReLu2,0.07046716279848145,831
10832,0.9176033950964482,perceptual,EVC,alexnettrained,ReLu2,0.06767462966612764,832
10833,2.84807979254175,perceptual,EVC,alexnettrained,ReLu2,0.10099915156239053,833
10834,0.7209859439278392,perceptual,EVC,alexnettrained,ReLu2,0.08186914311599935,834
10835,2.119244085214569,perceptual,EVC,alexnettrained,ReLu2,0.08101494442570313,835
10836,1.188782697085499,perceptual,EVC,alexnettrained,ReLu2,0.0643333893755928,836
10837,2.005118489787307,perceptual,EVC,alexnettrained,ReLu2,0.0857874926828961,837
10838,1.2129469839370195,perceptual,EVC,alexnettrained,ReLu2,0.0737754788535254,838
10839,1.761649503083711,perceptual,EVC,alexnettrained,ReLu2,0.06281155599919681,839
10840,1.4231577680017897,perceptual,EVC,alexnettrained,ReLu2,0.08524717507014841,840
10841,7.464470839510003,perceptual,EVC,alexnettrained,ReLu2,0.0724339918415297,841
10842,1.9454342640960256,perceptual,EVC,alexnettrained,ReLu2,0.07705619096287897,842
10843,1.0732186060632711,perceptual,EVC,alexnettrained,ReLu2,0.07593375965562546,843
10844,1.2808430626463359,perceptual,EVC,alexnettrained,ReLu2,0.07504460314313514,844
10845,1.54904127742697,perceptual,EVC,alexnettrained,ReLu2,0.07026960372354929,845
10846,1.3578487468724756,perceptual,EVC,alexnettrained,ReLu2,0.0776205475532399,846
10847,2.24325554098446,perceptual,EVC,alexnettrained,ReLu2,0.06167685436366524,847
10848,1.6687620577538653,perceptual,EVC,alexnettrained,ReLu2,0.07957323728834013,848
10849,2.143216655192965,perceptual,EVC,alexnettrained,ReLu2,0.08304283144939695,849
10850,3.4371900213351627,perceptual,EVC,alexnettrained,ReLu2,0.08083266115021451,850
10851,1.9363953938592546,perceptual,EVC,alexnettrained,ReLu2,0.06788251790090653,851
10852,1.0979292216221823,perceptual,EVC,alexnettrained,ReLu2,0.06550374812336417,852
10853,1.1328592508360726,perceptual,EVC,alexnettrained,ReLu2,0.07074157143948778,853
10854,1.309355705757702,perceptual,EVC,alexnettrained,ReLu2,0.07910536823759977,854
10855,1.3707411617245717,perceptual,EVC,alexnettrained,ReLu2,0.08772831629447532,855
10856,3.7378585813689407,perceptual,EVC,alexnettrained,ReLu2,0.07049782338624938,856
10857,1.8950865797471372,perceptual,EVC,alexnettrained,ReLu2,0.07399374260847875,857
10858,4.687516603024712,perceptual,EVC,alexnettrained,ReLu2,0.07792330903568644,858
10859,2.0687870181519745,perceptual,EVC,alexnettrained,ReLu2,0.05447882427183719,859
10860,1.7951656981458668,perceptual,EVC,alexnettrained,ReLu2,0.07000958918207144,860
10861,1.2983460051132663,perceptual,EVC,alexnettrained,ReLu2,0.06100808306845839,861
10862,17.443275688446597,perceptual,EVC,alexnettrained,ReLu2,0.08111116665276594,862
10863,4.973475804452266,perceptual,EVC,alexnettrained,ReLu2,0.07380615334760293,863
10864,2.1130847394039343,perceptual,EVC,alexnettrained,ReLu2,0.06322317899192044,864
10865,1.3523977181182867,perceptual,EVC,alexnettrained,ReLu2,0.07130345337409336,865
10866,1.979200019198104,perceptual,EVC,alexnettrained,ReLu2,0.08114135814875287,866
10867,6.961938692590426,perceptual,EVC,alexnettrained,ReLu2,0.08499368843182126,867
10868,1.8621667056448832,perceptual,EVC,alexnettrained,ReLu2,0.0749038828964354,868
10869,1.9367279774462602,perceptual,EVC,alexnettrained,ReLu2,0.05771095206055978,869
10870,1.332293652063623,perceptual,EVC,alexnettrained,ReLu2,0.07376511901518706,870
10871,1.3458029997294763,perceptual,EVC,alexnettrained,ReLu2,0.08550795138555768,871
10872,1.3056518879689862,perceptual,EVC,alexnettrained,ReLu2,0.09250888951453334,872
10873,1.3937878760341456,perceptual,EVC,alexnettrained,ReLu2,0.09197782350341074,873
10874,1.7160093258013585,perceptual,EVC,alexnettrained,ReLu2,0.08337537650448193,874
10875,1.9393944600043755,perceptual,EVC,alexnettrained,ReLu2,0.07741945684036462,875
10876,1.191559956256344,perceptual,EVC,alexnettrained,ReLu2,0.07590331151010943,876
10877,1.9418587364003363,perceptual,EVC,alexnettrained,ReLu2,0.08629341773303535,877
10878,1.3703556594461757,perceptual,EVC,alexnettrained,ReLu2,0.09295485354581876,878
10879,1.9693234023695823,perceptual,EVC,alexnettrained,ReLu2,0.09071297850791768,879
10880,2.2261928392366497,perceptual,EVC,alexnettrained,ReLu2,0.06441773807115693,880
10881,1.9703787777244812,perceptual,EVC,alexnettrained,ReLu2,0.07631729118683149,881
10882,2.186441094757329,perceptual,EVC,alexnettrained,ReLu2,0.09051901928918415,882
10883,3.139286136494004,perceptual,EVC,alexnettrained,ReLu2,0.07875228907760576,883
10884,2.6026260121502927,perceptual,EVC,alexnettrained,ReLu2,0.08354088155673298,884
10885,1.6883245757636784,perceptual,EVC,alexnettrained,ReLu2,0.0840822579739157,885
10886,4.600797563986956,perceptual,EVC,alexnettrained,ReLu2,0.07210698194613262,886
10887,1.686226637608281,perceptual,EVC,alexnettrained,ReLu2,0.07709340190149716,887
10888,1.7560573608019237,perceptual,EVC,alexnettrained,ReLu2,0.0763155824154666,888
10889,2.433925144368442,perceptual,EVC,alexnettrained,ReLu2,0.0954280101264277,889
10890,1.6716543844290204,perceptual,EVC,alexnettrained,ReLu2,0.0898756189362524,890
10891,1.6520564329129435,perceptual,EVC,alexnettrained,ReLu2,0.07877448142009252,891
10892,2.502337724450986,perceptual,EVC,alexnettrained,ReLu2,0.06954244750564983,892
10893,2.032998650724473,perceptual,EVC,alexnettrained,ReLu2,0.08688124516051848,893
10894,1.483448539169408,perceptual,EVC,alexnettrained,ReLu2,0.07449642811480699,894
10895,1.0909828650098425,perceptual,EVC,alexnettrained,ReLu2,0.06895024280115505,895
10896,2.192946055591516,perceptual,EVC,alexnettrained,ReLu2,0.07322803196718708,896
10897,2.003343587049829,perceptual,EVC,alexnettrained,ReLu2,0.08538666787141658,897
10898,1.1258078383795185,perceptual,EVC,alexnettrained,ReLu2,0.05947602030312333,898
10899,0.6099453650201038,perceptual,EVC,alexnettrained,ReLu2,0.06577625949499553,899
10900,1.8835902839048262,perceptual,EVC,alexnettrained,ReLu2,0.07937892126206039,900
10901,1.828922745989142,perceptual,EVC,alexnettrained,ReLu2,0.07268972392918374,901
10902,1.4212608399941553,perceptual,EVC,alexnettrained,ReLu2,0.08212742186820571,902
10903,2.755073576529272,perceptual,EVC,alexnettrained,ReLu2,0.07747803640184167,903
10904,2.879726907640489,perceptual,EVC,alexnettrained,ReLu2,0.08677427066202464,904
10905,0.9801637103445943,perceptual,EVC,alexnettrained,ReLu2,0.07312283216662206,905
10906,3.2101840892262117,perceptual,EVC,alexnettrained,ReLu2,0.07599858137359652,906
10907,3.3724079072305337,perceptual,EVC,alexnettrained,ReLu2,0.07483226912664928,907
10908,7.9282326501184865,perceptual,EVC,alexnettrained,ReLu2,0.050113364988065776,908
10909,1.5911187364999042,perceptual,EVC,alexnettrained,ReLu2,0.06353658670751752,909
10910,2.7517750287112257,perceptual,EVC,alexnettrained,ReLu2,0.08531691668780118,910
10911,2.215724926509665,perceptual,EVC,alexnettrained,ReLu2,0.09669101125484225,911
10912,2.8250198908331985,perceptual,EVC,alexnettrained,ReLu2,0.08431297544480024,912
10913,1.4597101021226397,perceptual,EVC,alexnettrained,ReLu2,0.09037340573366938,913
10914,2.196998287670423,perceptual,EVC,alexnettrained,ReLu2,0.08693523336451214,914
10915,9.370124967665705,perceptual,EVC,alexnettrained,ReLu2,0.08182418937726522,915
10916,3.1338413207559515,perceptual,EVC,alexnettrained,ReLu2,0.09859696500769058,916
10917,1.7021002732079198,perceptual,EVC,alexnettrained,ReLu2,0.0605956454377585,917
10918,1.660539105923972,perceptual,EVC,alexnettrained,ReLu2,0.06835425951213966,918
10919,0.7622572816850642,perceptual,EVC,alexnettrained,ReLu2,0.075371106477885,919
10920,2.161015277235654,perceptual,EVC,alexnettrained,ReLu2,0.08633335584430686,920
10921,4.649202022223926,perceptual,EVC,alexnettrained,ReLu2,0.07490341489336771,921
10922,2.935151948629632,perceptual,EVC,alexnettrained,ReLu2,0.08680655329384504,922
10923,2.0486620639690933,perceptual,EVC,alexnettrained,ReLu2,0.08862097375228592,923
10924,1.0134539347436284,perceptual,EVC,alexnettrained,ReLu2,0.0830336591252235,924
10925,1.854564268302828,perceptual,EVC,alexnettrained,ReLu2,0.10011367220201725,925
10926,1.4795362598238795,perceptual,EVC,alexnettrained,ReLu2,0.07787479899445846,926
10927,2.2673095573457664,perceptual,EVC,alexnettrained,ReLu2,0.06838624845207963,927
10928,2.133659162721474,perceptual,EVC,alexnettrained,ReLu2,0.08784802146490196,928
10929,2.687414781857867,perceptual,EVC,alexnettrained,ReLu2,0.08159878518779853,929
10930,2.1569106847835293,perceptual,EVC,alexnettrained,ReLu2,0.09232274416339739,930
10931,1.1424558418917894,perceptual,EVC,alexnettrained,ReLu2,0.0808499363903797,931
10932,1.3825452239634837,perceptual,EVC,alexnettrained,ReLu2,0.08027938531227835,932
10933,1.4536331884865363,perceptual,EVC,alexnettrained,ReLu2,0.06608556544992716,933
10934,1.9278054581641573,perceptual,EVC,alexnettrained,ReLu2,0.10559596493823467,934
10935,1.400504347063368,perceptual,EVC,alexnettrained,ReLu2,0.07920182174176042,935
10936,2.3831280140271303,perceptual,EVC,alexnettrained,ReLu2,0.0750704357142145,936
10937,0.9183093664446877,perceptual,EVC,alexnettrained,ReLu2,0.071272673578085,937
10938,2.260551270325586,perceptual,EVC,alexnettrained,ReLu2,0.07017801437397127,938
10939,2.738535011309262,perceptual,EVC,alexnettrained,ReLu2,0.08792446485938046,939
10940,2.892307182537475,perceptual,EVC,alexnettrained,ReLu2,0.07301049264773737,940
10941,1.7225581255903082,perceptual,EVC,alexnettrained,ReLu2,0.06311894386959957,941
10942,2.060392938272255,perceptual,EVC,alexnettrained,ReLu2,0.08038308437454933,942
10943,1.0637200050936326,perceptual,EVC,alexnettrained,ReLu2,0.06573591542210488,943
10944,0.9318612966010733,perceptual,EVC,alexnettrained,ReLu2,0.07835095722330038,944
10945,2.0083566814942717,perceptual,EVC,alexnettrained,ReLu2,0.06633836754044364,945
10946,1.2442950364004237,perceptual,EVC,alexnettrained,ReLu2,0.07834504991283384,946
10947,1.6507882955049622,perceptual,EVC,alexnettrained,ReLu2,0.06692758138528715,947
10948,1.0941158540869738,perceptual,EVC,alexnettrained,ReLu2,0.0927341367265331,948
10949,2.5081285132950883,perceptual,EVC,alexnettrained,ReLu2,0.08085766155874893,949
10950,2.8387459757728117,perceptual,EVC,alexnettrained,ReLu2,0.07050922402370316,950
10951,1.11001778083629,perceptual,EVC,alexnettrained,ReLu2,0.07706277210973983,951
10952,1.553625425881666,perceptual,EVC,alexnettrained,ReLu2,0.0616656715748864,952
10953,7.566154952290826,perceptual,EVC,alexnettrained,ReLu2,0.06875755507738077,953
10954,2.656641647120726,perceptual,EVC,alexnettrained,ReLu2,0.05768330235148011,954
10955,1.1694653012953247,perceptual,EVC,alexnettrained,ReLu2,0.07378478823513322,955
10956,2.008211026926914,perceptual,EVC,alexnettrained,ReLu2,0.07822739754650311,956
10957,1.4031563883537104,perceptual,EVC,alexnettrained,ReLu2,0.07755421325835027,957
10958,1.5548655181475648,perceptual,EVC,alexnettrained,ReLu2,0.08716157849509076,958
10959,2.2114963849912987,perceptual,EVC,alexnettrained,ReLu2,0.08507851292668243,959
10960,2.577902424449175,perceptual,EVC,alexnettrained,ReLu2,0.08376572219424713,960
10961,3.8210322871585936,perceptual,EVC,alexnettrained,ReLu2,0.0909027047373837,961
10962,1.4925367369908147,perceptual,EVC,alexnettrained,ReLu2,0.08218409327342678,962
10963,1.6941505577213494,perceptual,EVC,alexnettrained,ReLu2,0.08519758009560005,963
10964,1.318055756251589,perceptual,EVC,alexnettrained,ReLu2,0.08847576331863348,964
10965,2.7244348742365743,perceptual,EVC,alexnettrained,ReLu2,0.08128838867279817,965
10966,1.4242848419306702,perceptual,EVC,alexnettrained,ReLu2,0.07631095992261251,966
10967,1.3663138352809652,perceptual,EVC,alexnettrained,ReLu2,0.0861067907493085,967
10968,1.3463513286027537,perceptual,EVC,alexnettrained,ReLu2,0.07909827771915479,968
10969,0.7772115165045298,perceptual,EVC,alexnettrained,ReLu2,0.08966887969715444,969
10970,1.2895523228440935,perceptual,EVC,alexnettrained,ReLu2,0.08345916386535415,970
10971,2.3613756805392567,perceptual,EVC,alexnettrained,ReLu2,0.08151714878742417,971
10972,1.0033467386415469,perceptual,EVC,alexnettrained,ReLu2,0.06474199046411538,972
10973,4.195105103643242,perceptual,EVC,alexnettrained,ReLu2,0.09001114027188711,973
10974,1.8292563556776005,perceptual,EVC,alexnettrained,ReLu2,0.07099651264234542,974
10975,1.3454656885557528,perceptual,EVC,alexnettrained,ReLu2,0.08135623299425401,975
10976,1.0046114954136482,perceptual,EVC,alexnettrained,ReLu2,0.08717489081413854,976
10977,1.252784465393516,perceptual,EVC,alexnettrained,ReLu2,0.07177576025530928,977
10978,1.611343845680189,perceptual,EVC,alexnettrained,ReLu2,0.08579961040854973,978
10979,1.7702072448103043,perceptual,EVC,alexnettrained,ReLu2,0.09712737471832364,979
10980,2.452382972938873,perceptual,EVC,alexnettrained,ReLu2,0.07830300970869156,980
10981,1.4224864810840814,perceptual,EVC,alexnettrained,ReLu2,0.07311056277807396,981
10982,-8.876822515384044,perceptual,EVC,alexnettrained,ReLu2,0.05832725885306671,982
10983,4.005999750780473,perceptual,EVC,alexnettrained,ReLu2,0.06343491781073082,983
10984,1.4722554716016132,perceptual,EVC,alexnettrained,ReLu2,0.0706422993657208,984
10985,2.2029084326379724,perceptual,EVC,alexnettrained,ReLu2,0.08212427472998338,985
10986,1.2310947296239043,perceptual,EVC,alexnettrained,ReLu2,0.07913435058469309,986
10987,1.568595502923777,perceptual,EVC,alexnettrained,ReLu2,0.0741398550692968,987
10988,4.3478386074275175,perceptual,EVC,alexnettrained,ReLu2,0.07548915834769628,988
10989,0.9384634068997398,perceptual,EVC,alexnettrained,ReLu2,0.06895231750224216,989
10990,0.8443188871279739,perceptual,EVC,alexnettrained,ReLu2,0.08093541417563023,990
10991,1.0191566638528418,perceptual,EVC,alexnettrained,ReLu2,0.07851963468735192,991
10992,1.327762566953832,perceptual,EVC,alexnettrained,ReLu2,0.08083221276980483,992
10993,1.913599370121432,perceptual,EVC,alexnettrained,ReLu2,0.10382751122270853,993
10994,3.0377574456485914,perceptual,EVC,alexnettrained,ReLu2,0.08759604060048139,994
10995,1.7791506181195091,perceptual,EVC,alexnettrained,ReLu2,0.0775452406667462,995
10996,1.868795047054343,perceptual,EVC,alexnettrained,ReLu2,0.08290755708946798,996
10997,1.523721537841955,perceptual,EVC,alexnettrained,ReLu2,0.07298106839648388,997
10998,3.5997590215127167,perceptual,EVC,alexnettrained,ReLu2,0.07814060038495613,998
10999,0.8680982657020906,perceptual,EVC,alexnettrained,ReLu2,0.05219533662936614,999
11000,1.9624085855834479,perceptual,EVC,alexnettrained,ReLu7,0.07178142267142348,0
11001,0.9631273996779742,perceptual,EVC,alexnettrained,ReLu7,0.09977595296947953,1
11002,0.9728853797460042,perceptual,EVC,alexnettrained,ReLu7,0.07779983386764984,2
11003,1.8666756361401253,perceptual,EVC,alexnettrained,ReLu7,0.09079372645009665,3
11004,1.0708159859066224,perceptual,EVC,alexnettrained,ReLu7,0.09139320249196184,4
11005,5.970661388912213,perceptual,EVC,alexnettrained,ReLu7,0.04980288516137038,5
11006,0.9972813363567135,perceptual,EVC,alexnettrained,ReLu7,0.09581473037010872,6
11007,0.7158893504288751,perceptual,EVC,alexnettrained,ReLu7,0.10225093989714154,7
11008,1.2864425225268394,perceptual,EVC,alexnettrained,ReLu7,0.10159284534488887,8
11009,1.7243340316646714,perceptual,EVC,alexnettrained,ReLu7,0.0740404894392189,9
11010,0.9697995958367248,perceptual,EVC,alexnettrained,ReLu7,0.07664712376657246,10
11011,1.357740283324659,perceptual,EVC,alexnettrained,ReLu7,0.0648952024834602,11
11012,1.2379626403775323,perceptual,EVC,alexnettrained,ReLu7,0.09627391207553454,12
11013,0.9914933250125969,perceptual,EVC,alexnettrained,ReLu7,0.09134629022922276,13
11014,1.4067292347595042,perceptual,EVC,alexnettrained,ReLu7,0.09501595107028978,14
11015,0.8382172674850096,perceptual,EVC,alexnettrained,ReLu7,0.08492521738161357,15
11016,1.2131646551283404,perceptual,EVC,alexnettrained,ReLu7,0.10197241374369102,16
11017,1.259389892337993,perceptual,EVC,alexnettrained,ReLu7,0.10220647283380224,17
11018,1.4755325944921989,perceptual,EVC,alexnettrained,ReLu7,0.068100262463022,18
11019,1.262064712746887,perceptual,EVC,alexnettrained,ReLu7,0.07169387099144718,19
11020,1.0788321810579193,perceptual,EVC,alexnettrained,ReLu7,0.07757228069562762,20
11021,1.4868486904373264,perceptual,EVC,alexnettrained,ReLu7,0.12435362568593582,21
11022,1.85355689204476,perceptual,EVC,alexnettrained,ReLu7,0.07862889946705884,22
11023,0.9996207000222809,perceptual,EVC,alexnettrained,ReLu7,0.0755315292721509,23
11024,1.1351015804627747,perceptual,EVC,alexnettrained,ReLu7,0.08909369152669205,24
11025,1.3446421253783973,perceptual,EVC,alexnettrained,ReLu7,0.0880403857733437,25
11026,1.1659301244447031,perceptual,EVC,alexnettrained,ReLu7,0.07557034915984638,26
11027,1.5341884324379027,perceptual,EVC,alexnettrained,ReLu7,0.0790409127272589,27
11028,0.9975435159658945,perceptual,EVC,alexnettrained,ReLu7,0.09333578217213656,28
11029,1.441208688658592,perceptual,EVC,alexnettrained,ReLu7,0.08150315600543848,29
11030,1.4109187062128268,perceptual,EVC,alexnettrained,ReLu7,0.07867183109683454,30
11031,1.068021486316127,perceptual,EVC,alexnettrained,ReLu7,0.10461512572569728,31
11032,1.5569091887667232,perceptual,EVC,alexnettrained,ReLu7,0.06001478683445932,32
11033,0.911583574673306,perceptual,EVC,alexnettrained,ReLu7,0.08265708031072604,33
11034,1.1804673537338066,perceptual,EVC,alexnettrained,ReLu7,0.06740400881933195,34
11035,1.1736914473735707,perceptual,EVC,alexnettrained,ReLu7,0.09011621077528426,35
11036,1.2737799151103772,perceptual,EVC,alexnettrained,ReLu7,0.08211938619404417,36
11037,1.3425400431948653,perceptual,EVC,alexnettrained,ReLu7,0.08798163539121084,37
11038,1.7172923242829699,perceptual,EVC,alexnettrained,ReLu7,0.09250426158704773,38
11039,1.6216183072098036,perceptual,EVC,alexnettrained,ReLu7,0.09467386701079364,39
11040,1.3191739435099852,perceptual,EVC,alexnettrained,ReLu7,0.06776624759568617,40
11041,1.1601935283280636,perceptual,EVC,alexnettrained,ReLu7,0.07386516980393647,41
11042,1.6468679204553025,perceptual,EVC,alexnettrained,ReLu7,0.07660292250264965,42
11043,1.3591072372220483,perceptual,EVC,alexnettrained,ReLu7,0.09732958124153585,43
11044,0.9910280929995746,perceptual,EVC,alexnettrained,ReLu7,0.11646431747731437,44
11045,1.1349854932912642,perceptual,EVC,alexnettrained,ReLu7,0.09975651298498553,45
11046,0.673752679205531,perceptual,EVC,alexnettrained,ReLu7,0.10001647000368663,46
11047,0.9227970225792872,perceptual,EVC,alexnettrained,ReLu7,0.083132276214481,47
11048,2.695212890168917,perceptual,EVC,alexnettrained,ReLu7,0.07341744348553621,48
11049,2.6051866541157302,perceptual,EVC,alexnettrained,ReLu7,0.06374662682420223,49
11050,1.2810832097239444,perceptual,EVC,alexnettrained,ReLu7,0.07327549865404642,50
11051,1.0849125276982534,perceptual,EVC,alexnettrained,ReLu7,0.08841186348684564,51
11052,0.7971713794079403,perceptual,EVC,alexnettrained,ReLu7,0.08825458164298115,52
11053,1.3800938264551514,perceptual,EVC,alexnettrained,ReLu7,0.062456574276542526,53
11054,1.1835936155853835,perceptual,EVC,alexnettrained,ReLu7,0.0634639421859423,54
11055,1.1563360951579653,perceptual,EVC,alexnettrained,ReLu7,0.11170898376222099,55
11056,1.2831371981937791,perceptual,EVC,alexnettrained,ReLu7,0.08863397394074542,56
11057,1.3375013182406659,perceptual,EVC,alexnettrained,ReLu7,0.08572166383336362,57
11058,1.890739528329201,perceptual,EVC,alexnettrained,ReLu7,0.07577100525682076,58
11059,0.950222495723472,perceptual,EVC,alexnettrained,ReLu7,0.10433872409429837,59
11060,1.750192678533427,perceptual,EVC,alexnettrained,ReLu7,0.061696147419030276,60
11061,1.0326738449813089,perceptual,EVC,alexnettrained,ReLu7,0.09768901604779959,61
11062,1.144015551586956,perceptual,EVC,alexnettrained,ReLu7,0.08979163232180264,62
11063,0.7892359028897592,perceptual,EVC,alexnettrained,ReLu7,0.08572893518042686,63
11064,1.2323278612534292,perceptual,EVC,alexnettrained,ReLu7,0.09147679006016492,64
11065,1.1554138067126614,perceptual,EVC,alexnettrained,ReLu7,0.10978124488288876,65
11066,0.9781889501788352,perceptual,EVC,alexnettrained,ReLu7,0.08059019723656263,66
11067,1.319278559756339,perceptual,EVC,alexnettrained,ReLu7,0.08170348523290354,67
11068,1.4728699365151183,perceptual,EVC,alexnettrained,ReLu7,0.08613605325843593,68
11069,1.0075603778296982,perceptual,EVC,alexnettrained,ReLu7,0.10953098798383064,69
11070,1.170264236506203,perceptual,EVC,alexnettrained,ReLu7,0.09128930171852685,70
11071,1.1031236709524856,perceptual,EVC,alexnettrained,ReLu7,0.102199505080022,71
11072,1.0004883315672692,perceptual,EVC,alexnettrained,ReLu7,0.12634120073128483,72
11073,1.2712490211086587,perceptual,EVC,alexnettrained,ReLu7,0.07444166956169943,73
11074,0.9270374471399013,perceptual,EVC,alexnettrained,ReLu7,0.10502016305593666,74
11075,1.5161719674248737,perceptual,EVC,alexnettrained,ReLu7,0.10831122366207649,75
11076,1.2933369843537414,perceptual,EVC,alexnettrained,ReLu7,0.09120530465000742,76
11077,1.4311014709447285,perceptual,EVC,alexnettrained,ReLu7,0.0910699601952134,77
11078,1.413742237495615,perceptual,EVC,alexnettrained,ReLu7,0.07944574314568337,78
11079,1.5009292404629087,perceptual,EVC,alexnettrained,ReLu7,0.09120716436982501,79
11080,1.2957865532529393,perceptual,EVC,alexnettrained,ReLu7,0.0761140186493279,80
11081,1.2858607341140242,perceptual,EVC,alexnettrained,ReLu7,0.09636891483705941,81
11082,2.432213280213867,perceptual,EVC,alexnettrained,ReLu7,0.08988304634837015,82
11083,1.4243238359375918,perceptual,EVC,alexnettrained,ReLu7,0.07174950690680128,83
11084,1.1593912511517894,perceptual,EVC,alexnettrained,ReLu7,0.08576177864829003,84
11085,2.0168793879281597,perceptual,EVC,alexnettrained,ReLu7,0.08367777953551198,85
11086,1.65604291584125,perceptual,EVC,alexnettrained,ReLu7,0.09910474319469405,86
11087,1.5689474491699893,perceptual,EVC,alexnettrained,ReLu7,0.07584056438025341,87
11088,0.7238686264880894,perceptual,EVC,alexnettrained,ReLu7,0.08242619029348236,88
11089,1.6400933622845886,perceptual,EVC,alexnettrained,ReLu7,0.06814973184535587,89
11090,1.229084173009999,perceptual,EVC,alexnettrained,ReLu7,0.07919077002509177,90
11091,1.7237195013862692,perceptual,EVC,alexnettrained,ReLu7,0.06583764814967151,91
11092,1.7961797231813963,perceptual,EVC,alexnettrained,ReLu7,0.07620048066019036,92
11093,1.2558774097264036,perceptual,EVC,alexnettrained,ReLu7,0.10044080346369863,93
11094,1.4819760790766958,perceptual,EVC,alexnettrained,ReLu7,0.1053305909135365,94
11095,0.8788456512766016,perceptual,EVC,alexnettrained,ReLu7,0.11184156073714908,95
11096,1.402154543032739,perceptual,EVC,alexnettrained,ReLu7,0.06717358961465862,96
11097,1.1747573504890245,perceptual,EVC,alexnettrained,ReLu7,0.08640740864815115,97
11098,1.3530936384928214,perceptual,EVC,alexnettrained,ReLu7,0.0718072724317522,98
11099,1.278956616040479,perceptual,EVC,alexnettrained,ReLu7,0.06648986435668419,99
11100,1.6456010923882873,perceptual,EVC,alexnettrained,ReLu7,0.09728743579014382,100
11101,1.5231313950167407,perceptual,EVC,alexnettrained,ReLu7,0.06271064215794163,101
11102,1.9180906185608182,perceptual,EVC,alexnettrained,ReLu7,0.0741131069654987,102
11103,1.179009085138668,perceptual,EVC,alexnettrained,ReLu7,0.08497192395359766,103
11104,0.9726864473357266,perceptual,EVC,alexnettrained,ReLu7,0.11207834600371851,104
11105,0.8145995640340061,perceptual,EVC,alexnettrained,ReLu7,0.11187954214291085,105
11106,1.3991612459754954,perceptual,EVC,alexnettrained,ReLu7,0.055540093840038995,106
11107,1.0618340436944973,perceptual,EVC,alexnettrained,ReLu7,0.06606441694831063,107
11108,0.9240225177996739,perceptual,EVC,alexnettrained,ReLu7,0.07851038264656691,108
11109,1.4372340288502983,perceptual,EVC,alexnettrained,ReLu7,0.0887976827322403,109
11110,1.7763169443330071,perceptual,EVC,alexnettrained,ReLu7,0.08424158274792118,110
11111,1.1037706827218114,perceptual,EVC,alexnettrained,ReLu7,0.09856302009132341,111
11112,1.2502363640760688,perceptual,EVC,alexnettrained,ReLu7,0.07889574762044207,112
11113,0.8246560619230648,perceptual,EVC,alexnettrained,ReLu7,0.10380482448252662,113
11114,0.8487977504392757,perceptual,EVC,alexnettrained,ReLu7,0.08353848031152415,114
11115,2.1256773373508584,perceptual,EVC,alexnettrained,ReLu7,0.056230169449611574,115
11116,0.9145710759736378,perceptual,EVC,alexnettrained,ReLu7,0.0876632894904519,116
11117,1.2937414944010788,perceptual,EVC,alexnettrained,ReLu7,0.07811072967327665,117
11118,3.481834034954028,perceptual,EVC,alexnettrained,ReLu7,0.07282269492735355,118
11119,1.4701833931314585,perceptual,EVC,alexnettrained,ReLu7,0.08103084141402592,119
11120,1.174344027824223,perceptual,EVC,alexnettrained,ReLu7,0.08506884644373147,120
11121,1.2199401989426546,perceptual,EVC,alexnettrained,ReLu7,0.08875073009293596,121
11122,1.8884734741174896,perceptual,EVC,alexnettrained,ReLu7,0.08093152233981636,122
11123,1.4597004064213874,perceptual,EVC,alexnettrained,ReLu7,0.11971389210123301,123
11124,1.057169614459892,perceptual,EVC,alexnettrained,ReLu7,0.09529941161786913,124
11125,1.0390933033753267,perceptual,EVC,alexnettrained,ReLu7,0.0719185937897764,125
11126,1.4353095697537581,perceptual,EVC,alexnettrained,ReLu7,0.11162505845761854,126
11127,1.1478373297165962,perceptual,EVC,alexnettrained,ReLu7,0.08691207234937655,127
11128,1.5432420635428608,perceptual,EVC,alexnettrained,ReLu7,0.09284386722891778,128
11129,1.4168003589612101,perceptual,EVC,alexnettrained,ReLu7,0.1095277106065759,129
11130,1.459357145301118,perceptual,EVC,alexnettrained,ReLu7,0.07451684296072916,130
11131,1.875895863932976,perceptual,EVC,alexnettrained,ReLu7,0.05128473344714092,131
11132,1.2544464631146617,perceptual,EVC,alexnettrained,ReLu7,0.11695903941144475,132
11133,3.5944166131824358,perceptual,EVC,alexnettrained,ReLu7,0.07863445884239204,133
11134,1.978215705738895,perceptual,EVC,alexnettrained,ReLu7,0.08669279515986623,134
11135,1.8864710782152951,perceptual,EVC,alexnettrained,ReLu7,0.07630854957207421,135
11136,1.3429068808590119,perceptual,EVC,alexnettrained,ReLu7,0.08382010025659625,136
11137,1.0303095567814666,perceptual,EVC,alexnettrained,ReLu7,0.10153637883427852,137
11138,0.9307367521623319,perceptual,EVC,alexnettrained,ReLu7,0.09277240324366125,138
11139,1.3245782918872204,perceptual,EVC,alexnettrained,ReLu7,0.10298298590143842,139
11140,1.2154881658750565,perceptual,EVC,alexnettrained,ReLu7,0.0994822276451874,140
11141,2.209616425879,perceptual,EVC,alexnettrained,ReLu7,0.08933996486091898,141
11142,0.8643431628729438,perceptual,EVC,alexnettrained,ReLu7,0.10544484692354716,142
11143,0.9231013895047168,perceptual,EVC,alexnettrained,ReLu7,0.0892123826935709,143
11144,1.5996346329022026,perceptual,EVC,alexnettrained,ReLu7,0.0988065030966226,144
11145,0.9325970299277255,perceptual,EVC,alexnettrained,ReLu7,0.08790391806285829,145
11146,1.25080093529636,perceptual,EVC,alexnettrained,ReLu7,0.08995268783000912,146
11147,1.0074351582826018,perceptual,EVC,alexnettrained,ReLu7,0.09303802704306816,147
11148,1.5284549131064795,perceptual,EVC,alexnettrained,ReLu7,0.08452680755795414,148
11149,2.114979237152171,perceptual,EVC,alexnettrained,ReLu7,0.075461868071111,149
11150,1.351363992339351,perceptual,EVC,alexnettrained,ReLu7,0.12325566788391325,150
11151,1.1737907052981233,perceptual,EVC,alexnettrained,ReLu7,0.0925487609832574,151
11152,1.2447557080253229,perceptual,EVC,alexnettrained,ReLu7,0.09311050280989756,152
11153,0.8040510799987387,perceptual,EVC,alexnettrained,ReLu7,0.0811448969348564,153
11154,0.6374740962812268,perceptual,EVC,alexnettrained,ReLu7,0.0892107707559471,154
11155,2.5011536312757503,perceptual,EVC,alexnettrained,ReLu7,0.059055267041620806,155
11156,1.3988329942510491,perceptual,EVC,alexnettrained,ReLu7,0.0983702966903776,156
11157,1.4323147778611511,perceptual,EVC,alexnettrained,ReLu7,0.08022076833467796,157
11158,2.2283921336812975,perceptual,EVC,alexnettrained,ReLu7,0.058554561912021734,158
11159,1.5498211062471905,perceptual,EVC,alexnettrained,ReLu7,0.08953060564938489,159
11160,0.9483068462783372,perceptual,EVC,alexnettrained,ReLu7,0.07991317462534814,160
11161,0.9741237739553603,perceptual,EVC,alexnettrained,ReLu7,0.1190584869021231,161
11162,2.0980256228413436,perceptual,EVC,alexnettrained,ReLu7,0.05826062885510329,162
11163,1.5250990864251202,perceptual,EVC,alexnettrained,ReLu7,0.0938822261651958,163
11164,1.2464567625902856,perceptual,EVC,alexnettrained,ReLu7,0.08831065338567856,164
11165,1.7859951745828713,perceptual,EVC,alexnettrained,ReLu7,0.08508648353244555,165
11166,1.337142783914552,perceptual,EVC,alexnettrained,ReLu7,0.07653234962016837,166
11167,1.4111794223618825,perceptual,EVC,alexnettrained,ReLu7,0.08626402385795319,167
11168,1.5792874534485788,perceptual,EVC,alexnettrained,ReLu7,0.07709230951657574,168
11169,1.182633694236632,perceptual,EVC,alexnettrained,ReLu7,0.06310707754079553,169
11170,1.0938988794832962,perceptual,EVC,alexnettrained,ReLu7,0.06315400339981261,170
11171,1.5533606751028195,perceptual,EVC,alexnettrained,ReLu7,0.06603990199962496,171
11172,1.2718910797957435,perceptual,EVC,alexnettrained,ReLu7,0.09285613505717177,172
11173,1.27682608063115,perceptual,EVC,alexnettrained,ReLu7,0.06763029952204574,173
11174,1.54607945450952,perceptual,EVC,alexnettrained,ReLu7,0.08163246507349259,174
11175,1.6343139244095206,perceptual,EVC,alexnettrained,ReLu7,0.10044072215837141,175
11176,1.9072104547237472,perceptual,EVC,alexnettrained,ReLu7,0.08606952548543574,176
11177,0.9342367292725193,perceptual,EVC,alexnettrained,ReLu7,0.07937247321519748,177
11178,1.0507933496493027,perceptual,EVC,alexnettrained,ReLu7,0.10679272462548933,178
11179,1.3185557732177198,perceptual,EVC,alexnettrained,ReLu7,0.10305227214032706,179
11180,2.1115334943403807,perceptual,EVC,alexnettrained,ReLu7,0.08396857684752937,180
11181,2.2404657330879436,perceptual,EVC,alexnettrained,ReLu7,0.06835272501549217,181
11182,0.8544974244860322,perceptual,EVC,alexnettrained,ReLu7,0.0858314363807246,182
11183,0.9789385068460249,perceptual,EVC,alexnettrained,ReLu7,0.08352795913275482,183
11184,1.59108768227313,perceptual,EVC,alexnettrained,ReLu7,0.10391817688999791,184
11185,1.1876727750475122,perceptual,EVC,alexnettrained,ReLu7,0.07565735199670996,185
11186,1.5489036054321172,perceptual,EVC,alexnettrained,ReLu7,0.0680590746914835,186
11187,1.2390250046539515,perceptual,EVC,alexnettrained,ReLu7,0.08764718879071547,187
11188,0.8608867407218043,perceptual,EVC,alexnettrained,ReLu7,0.10050151772975774,188
11189,1.3283125102060447,perceptual,EVC,alexnettrained,ReLu7,0.10440342709845306,189
11190,1.5646442165838643,perceptual,EVC,alexnettrained,ReLu7,0.09963893748632567,190
11191,1.2807265639386105,perceptual,EVC,alexnettrained,ReLu7,0.08484639426190115,191
11192,0.8535354774357539,perceptual,EVC,alexnettrained,ReLu7,0.09781619359989635,192
11193,1.2511446079748487,perceptual,EVC,alexnettrained,ReLu7,0.10466440511666247,193
11194,1.272152476430004,perceptual,EVC,alexnettrained,ReLu7,0.08825807066352494,194
11195,1.0924696989056175,perceptual,EVC,alexnettrained,ReLu7,0.10313299820363378,195
11196,10.646576627116762,perceptual,EVC,alexnettrained,ReLu7,0.06416814805290666,196
11197,2.0793929984741792,perceptual,EVC,alexnettrained,ReLu7,0.0922222971820431,197
11198,2.134183525043627,perceptual,EVC,alexnettrained,ReLu7,0.07264340728376022,198
11199,1.0326302255732938,perceptual,EVC,alexnettrained,ReLu7,0.08771214202456433,199
11200,1.746299121502025,perceptual,EVC,alexnettrained,ReLu7,0.10638468211977167,200
11201,1.2523440700692667,perceptual,EVC,alexnettrained,ReLu7,0.06633575349294803,201
11202,2.3411237101551436,perceptual,EVC,alexnettrained,ReLu7,0.05653201904825118,202
11203,2.383916512585928,perceptual,EVC,alexnettrained,ReLu7,0.08233632366322696,203
11204,1.299687087074917,perceptual,EVC,alexnettrained,ReLu7,0.07267248192306582,204
11205,0.8958933752019594,perceptual,EVC,alexnettrained,ReLu7,0.08147506397624213,205
11206,1.410043471945737,perceptual,EVC,alexnettrained,ReLu7,0.1263257277825912,206
11207,1.186063140489242,perceptual,EVC,alexnettrained,ReLu7,0.06574987989317677,207
11208,1.0456571093212976,perceptual,EVC,alexnettrained,ReLu7,0.08675924483466836,208
11209,1.05187314563691,perceptual,EVC,alexnettrained,ReLu7,0.08532983812184217,209
11210,1.1017369002150252,perceptual,EVC,alexnettrained,ReLu7,0.10838583691055247,210
11211,1.0296641151414059,perceptual,EVC,alexnettrained,ReLu7,0.0827076133210071,211
11212,1.5592428340811464,perceptual,EVC,alexnettrained,ReLu7,0.08953242187265298,212
11213,1.2826986982439315,perceptual,EVC,alexnettrained,ReLu7,0.08264695996566213,213
11214,1.531951298401051,perceptual,EVC,alexnettrained,ReLu7,0.07588031010386129,214
11215,3.4889417867761456,perceptual,EVC,alexnettrained,ReLu7,0.04707523770063042,215
11216,1.2176582089535648,perceptual,EVC,alexnettrained,ReLu7,0.09277096613995083,216
11217,1.0922593784032797,perceptual,EVC,alexnettrained,ReLu7,0.07364761083433609,217
11218,1.4125639727867447,perceptual,EVC,alexnettrained,ReLu7,0.12742690926297956,218
11219,1.3937000523556076,perceptual,EVC,alexnettrained,ReLu7,0.09238289413198303,219
11220,0.8671385781143014,perceptual,EVC,alexnettrained,ReLu7,0.10753211103931003,220
11221,1.8847771367617223,perceptual,EVC,alexnettrained,ReLu7,0.09753375316550127,221
11222,1.7952761404992397,perceptual,EVC,alexnettrained,ReLu7,0.08645596962941005,222
11223,1.5068154258554645,perceptual,EVC,alexnettrained,ReLu7,0.07865994716344824,223
11224,1.221193339295686,perceptual,EVC,alexnettrained,ReLu7,0.09840312238065743,224
11225,1.1519782935603031,perceptual,EVC,alexnettrained,ReLu7,0.10920610510209434,225
11226,0.9153852668434903,perceptual,EVC,alexnettrained,ReLu7,0.11188957871793948,226
11227,2.432495078429544,perceptual,EVC,alexnettrained,ReLu7,0.082757457918984,227
11228,1.0819364484492828,perceptual,EVC,alexnettrained,ReLu7,0.09128798225571824,228
11229,2.0850283311403723,perceptual,EVC,alexnettrained,ReLu7,0.08156459073158902,229
11230,1.3566442988533227,perceptual,EVC,alexnettrained,ReLu7,0.08565454195458355,230
11231,1.0579650628886517,perceptual,EVC,alexnettrained,ReLu7,0.05310074553427644,231
11232,1.899841317472341,perceptual,EVC,alexnettrained,ReLu7,0.0753550777757318,232
11233,1.2190194790615627,perceptual,EVC,alexnettrained,ReLu7,0.08006820985427243,233
11234,0.9893675191403898,perceptual,EVC,alexnettrained,ReLu7,0.06605423334800342,234
11235,1.128757636771974,perceptual,EVC,alexnettrained,ReLu7,0.0716439648667118,235
11236,1.2056372443588383,perceptual,EVC,alexnettrained,ReLu7,0.10567375283805289,236
11237,4.829072954197772,perceptual,EVC,alexnettrained,ReLu7,0.07671962724320322,237
11238,0.9788050450491592,perceptual,EVC,alexnettrained,ReLu7,0.09294091709232694,238
11239,0.9376278975724337,perceptual,EVC,alexnettrained,ReLu7,0.10418164814562599,239
11240,1.1804612024979695,perceptual,EVC,alexnettrained,ReLu7,0.09099128342920172,240
11241,1.0401836764769121,perceptual,EVC,alexnettrained,ReLu7,0.06301122560324154,241
11242,0.8589157804459036,perceptual,EVC,alexnettrained,ReLu7,0.09614848247154725,242
11243,1.245300705104566,perceptual,EVC,alexnettrained,ReLu7,0.0841164059988979,243
11244,1.1706276652068082,perceptual,EVC,alexnettrained,ReLu7,0.1027192994180189,244
11245,0.7596866517224973,perceptual,EVC,alexnettrained,ReLu7,0.0938027411051494,245
11246,1.3031239084122732,perceptual,EVC,alexnettrained,ReLu7,0.08037847997532238,246
11247,0.9976741531431763,perceptual,EVC,alexnettrained,ReLu7,0.10282272916961528,247
11248,1.113338426393298,perceptual,EVC,alexnettrained,ReLu7,0.06934360168030995,248
11249,2.018556555237094,perceptual,EVC,alexnettrained,ReLu7,0.05394876260142607,249
11250,1.1702122066407996,perceptual,EVC,alexnettrained,ReLu7,0.08008864019679264,250
11251,1.872175126548901,perceptual,EVC,alexnettrained,ReLu7,0.07236619862799323,251
11252,0.8575853281959399,perceptual,EVC,alexnettrained,ReLu7,0.06887816262331412,252
11253,0.8136289917573226,perceptual,EVC,alexnettrained,ReLu7,0.11015469125076334,253
11254,2.4089216096947235,perceptual,EVC,alexnettrained,ReLu7,0.06662397359757877,254
11255,1.5183633313700302,perceptual,EVC,alexnettrained,ReLu7,0.08724533071978177,255
11256,1.4224402174322874,perceptual,EVC,alexnettrained,ReLu7,0.08579894679646927,256
11257,0.9594805849714798,perceptual,EVC,alexnettrained,ReLu7,0.0876654268969218,257
11258,1.8821063901243982,perceptual,EVC,alexnettrained,ReLu7,0.07608084577173654,258
11259,1.0995391633294573,perceptual,EVC,alexnettrained,ReLu7,0.05768937147256778,259
11260,1.1846412038077734,perceptual,EVC,alexnettrained,ReLu7,0.06274514408040005,260
11261,1.4681037725071007,perceptual,EVC,alexnettrained,ReLu7,0.090705037316583,261
11262,1.2940461566413914,perceptual,EVC,alexnettrained,ReLu7,0.09524033119179967,262
11263,1.1546719862152044,perceptual,EVC,alexnettrained,ReLu7,0.10132730096836373,263
11264,0.7615946522668681,perceptual,EVC,alexnettrained,ReLu7,0.09516067269596587,264
11265,1.6136065041293197,perceptual,EVC,alexnettrained,ReLu7,0.07718489198708109,265
11266,1.3084542953816984,perceptual,EVC,alexnettrained,ReLu7,0.07824732181228261,266
11267,2.507899418612633,perceptual,EVC,alexnettrained,ReLu7,0.08497868145693536,267
11268,1.1296092429959317,perceptual,EVC,alexnettrained,ReLu7,0.07825565404568169,268
11269,1.211267107868319,perceptual,EVC,alexnettrained,ReLu7,0.08665660338622982,269
11270,2.8438343390777225,perceptual,EVC,alexnettrained,ReLu7,0.07997272488712748,270
11271,1.3011721161286744,perceptual,EVC,alexnettrained,ReLu7,0.07977186441708306,271
11272,1.2917930791359398,perceptual,EVC,alexnettrained,ReLu7,0.10134762022019253,272
11273,2.0788818139400034,perceptual,EVC,alexnettrained,ReLu7,0.10058599167493315,273
11274,1.303896849665269,perceptual,EVC,alexnettrained,ReLu7,0.08433136399631452,274
11275,1.5433780183638144,perceptual,EVC,alexnettrained,ReLu7,0.11777423389912281,275
11276,1.1322259330366973,perceptual,EVC,alexnettrained,ReLu7,0.08341222388955195,276
11277,1.1323914117422056,perceptual,EVC,alexnettrained,ReLu7,0.0864123994051692,277
11278,1.7960975706439188,perceptual,EVC,alexnettrained,ReLu7,0.09089253480240794,278
11279,2.3673224981442385,perceptual,EVC,alexnettrained,ReLu7,0.06840653538656788,279
11280,1.2993711782117343,perceptual,EVC,alexnettrained,ReLu7,0.08240695647043218,280
11281,1.4614967773563303,perceptual,EVC,alexnettrained,ReLu7,0.09292668768890508,281
11282,1.5249256056666913,perceptual,EVC,alexnettrained,ReLu7,0.07934247256052405,282
11283,1.2935503848416234,perceptual,EVC,alexnettrained,ReLu7,0.10094278188839033,283
11284,1.2892915072517075,perceptual,EVC,alexnettrained,ReLu7,0.07647713009104842,284
11285,1.5753624087981166,perceptual,EVC,alexnettrained,ReLu7,0.09984578477598355,285
11286,1.1887423978803728,perceptual,EVC,alexnettrained,ReLu7,0.07031455859973437,286
11287,1.121104255751849,perceptual,EVC,alexnettrained,ReLu7,0.07927159823216515,287
11288,1.0657494780164036,perceptual,EVC,alexnettrained,ReLu7,0.07836606919276881,288
11289,0.9903594615782044,perceptual,EVC,alexnettrained,ReLu7,0.0778953379732968,289
11290,1.3367113754033735,perceptual,EVC,alexnettrained,ReLu7,0.09412669627963267,290
11291,1.3741389536911146,perceptual,EVC,alexnettrained,ReLu7,0.09528389590769999,291
11292,1.0590276930342897,perceptual,EVC,alexnettrained,ReLu7,0.1092148816167763,292
11293,0.9142836279710306,perceptual,EVC,alexnettrained,ReLu7,0.11999633784374186,293
11294,1.1566045303796937,perceptual,EVC,alexnettrained,ReLu7,0.0852782299584747,294
11295,1.1005857345758006,perceptual,EVC,alexnettrained,ReLu7,0.11254793083589898,295
11296,1.2874467190247516,perceptual,EVC,alexnettrained,ReLu7,0.08341321466792714,296
11297,0.8806666319833006,perceptual,EVC,alexnettrained,ReLu7,0.07357265357030815,297
11298,1.4884448158815209,perceptual,EVC,alexnettrained,ReLu7,0.06418367970594295,298
11299,2.716352482763528,perceptual,EVC,alexnettrained,ReLu7,0.07631977078319488,299
11300,3.1206914379975355,perceptual,EVC,alexnettrained,ReLu7,0.06556637879724649,300
11301,1.0907708015971211,perceptual,EVC,alexnettrained,ReLu7,0.0734579545309482,301
11302,1.522062104582198,perceptual,EVC,alexnettrained,ReLu7,0.08504215472778909,302
11303,1.2460322508624802,perceptual,EVC,alexnettrained,ReLu7,0.10913324050413536,303
11304,1.6405825427229168,perceptual,EVC,alexnettrained,ReLu7,0.09333142081493491,304
11305,1.2724009792097946,perceptual,EVC,alexnettrained,ReLu7,0.09872299794023356,305
11306,1.0797841260471062,perceptual,EVC,alexnettrained,ReLu7,0.08895430879033529,306
11307,2.8160928183196883,perceptual,EVC,alexnettrained,ReLu7,0.05643130248915105,307
11308,2.126880570179124,perceptual,EVC,alexnettrained,ReLu7,0.0701029299481398,308
11309,1.3554052874921898,perceptual,EVC,alexnettrained,ReLu7,0.12247608221016577,309
11310,1.4444809446781501,perceptual,EVC,alexnettrained,ReLu7,0.06414043140548373,310
11311,1.068388041333507,perceptual,EVC,alexnettrained,ReLu7,0.09187494461437226,311
11312,1.0080364912641975,perceptual,EVC,alexnettrained,ReLu7,0.08895096843474432,312
11313,1.2105916968497392,perceptual,EVC,alexnettrained,ReLu7,0.07717496081704517,313
11314,1.7424311834595423,perceptual,EVC,alexnettrained,ReLu7,0.05870188936202392,314
11315,1.2088156486619486,perceptual,EVC,alexnettrained,ReLu7,0.0880066759733086,315
11316,1.4531623338289563,perceptual,EVC,alexnettrained,ReLu7,0.07612971599011546,316
11317,1.3593382916234078,perceptual,EVC,alexnettrained,ReLu7,0.1200691020543057,317
11318,0.8417745750071042,perceptual,EVC,alexnettrained,ReLu7,0.08221635081280217,318
11319,1.6943937547451364,perceptual,EVC,alexnettrained,ReLu7,0.06766980717566387,319
11320,1.3962824020985876,perceptual,EVC,alexnettrained,ReLu7,0.07858323007277901,320
11321,1.03720539575695,perceptual,EVC,alexnettrained,ReLu7,0.10350880686481512,321
11322,1.4176158788946314,perceptual,EVC,alexnettrained,ReLu7,0.08284338839348804,322
11323,1.6019100957229166,perceptual,EVC,alexnettrained,ReLu7,0.06978112166155363,323
11324,0.9161582695383024,perceptual,EVC,alexnettrained,ReLu7,0.13618137578535972,324
11325,1.021473896348695,perceptual,EVC,alexnettrained,ReLu7,0.1025457849890118,325
11326,1.633066297975198,perceptual,EVC,alexnettrained,ReLu7,0.08031809366547736,326
11327,1.2826116392967368,perceptual,EVC,alexnettrained,ReLu7,0.0944537594021312,327
11328,1.1238551451303682,perceptual,EVC,alexnettrained,ReLu7,0.08063696292882276,328
11329,0.9842097703798456,perceptual,EVC,alexnettrained,ReLu7,0.09887168112196526,329
11330,1.6799018106697565,perceptual,EVC,alexnettrained,ReLu7,0.10085527872368417,330
11331,1.9824884376612706,perceptual,EVC,alexnettrained,ReLu7,0.06352408264035525,331
11332,1.2836848771705907,perceptual,EVC,alexnettrained,ReLu7,0.05140546286930216,332
11333,1.3642437593272214,perceptual,EVC,alexnettrained,ReLu7,0.08369387898228525,333
11334,1.3306336760450386,perceptual,EVC,alexnettrained,ReLu7,0.0871381710161856,334
11335,1.5959875788086941,perceptual,EVC,alexnettrained,ReLu7,0.07599592657365223,335
11336,0.8609105707217405,perceptual,EVC,alexnettrained,ReLu7,0.1051868653434908,336
11337,1.0525684313819905,perceptual,EVC,alexnettrained,ReLu7,0.09312834743917914,337
11338,0.9564400370653438,perceptual,EVC,alexnettrained,ReLu7,0.12910201104089736,338
11339,0.8771976469747912,perceptual,EVC,alexnettrained,ReLu7,0.10489732876166119,339
11340,1.6133645476965575,perceptual,EVC,alexnettrained,ReLu7,0.09753646006556253,340
11341,3.7567586326111644,perceptual,EVC,alexnettrained,ReLu7,0.05413850493117606,341
11342,1.4739242624117443,perceptual,EVC,alexnettrained,ReLu7,0.0908498014812146,342
11343,1.3246177335008138,perceptual,EVC,alexnettrained,ReLu7,0.07780976479926158,343
11344,1.303982187630368,perceptual,EVC,alexnettrained,ReLu7,0.08098235400712962,344
11345,1.4109478787482894,perceptual,EVC,alexnettrained,ReLu7,0.08804662305839747,345
11346,1.1773169885390156,perceptual,EVC,alexnettrained,ReLu7,0.07937740038169037,346
11347,3.1349180021956786,perceptual,EVC,alexnettrained,ReLu7,0.0685015094103596,347
11348,1.101715660085281,perceptual,EVC,alexnettrained,ReLu7,0.0836027254616972,348
11349,1.5980349108686454,perceptual,EVC,alexnettrained,ReLu7,0.06560612805938579,349
11350,2.8006478542247004,perceptual,EVC,alexnettrained,ReLu7,0.06263181786160754,350
11351,1.6543179879919665,perceptual,EVC,alexnettrained,ReLu7,0.07501352929262742,351
11352,1.4377962791078516,perceptual,EVC,alexnettrained,ReLu7,0.07404987097344914,352
11353,0.914448276491287,perceptual,EVC,alexnettrained,ReLu7,0.11677199809134539,353
11354,1.3571842918461363,perceptual,EVC,alexnettrained,ReLu7,0.06554183815383886,354
11355,1.1202494217741772,perceptual,EVC,alexnettrained,ReLu7,0.09354900437127378,355
11356,1.1343224320173646,perceptual,EVC,alexnettrained,ReLu7,0.10466563607653348,356
11357,1.3548042477963091,perceptual,EVC,alexnettrained,ReLu7,0.08745815875622258,357
11358,0.8687293110910727,perceptual,EVC,alexnettrained,ReLu7,0.1029646743208075,358
11359,2.142920850940681,perceptual,EVC,alexnettrained,ReLu7,0.07187581421021907,359
11360,1.0479732549779641,perceptual,EVC,alexnettrained,ReLu7,0.10153780727665125,360
11361,0.8880072708213083,perceptual,EVC,alexnettrained,ReLu7,0.08958341352162208,361
11362,1.6270236390668185,perceptual,EVC,alexnettrained,ReLu7,0.0742778700845323,362
11363,1.3575857778859601,perceptual,EVC,alexnettrained,ReLu7,0.08026253705650284,363
11364,0.9242999437559024,perceptual,EVC,alexnettrained,ReLu7,0.09617614949110923,364
11365,1.557914822259055,perceptual,EVC,alexnettrained,ReLu7,0.09166953029292998,365
11366,1.303762384674882,perceptual,EVC,alexnettrained,ReLu7,0.10684280914159913,366
11367,0.9286871142254219,perceptual,EVC,alexnettrained,ReLu7,0.08914272936538027,367
11368,1.2796642528952464,perceptual,EVC,alexnettrained,ReLu7,0.09876448538943433,368
11369,1.1212386160980055,perceptual,EVC,alexnettrained,ReLu7,0.09212560565425515,369
11370,1.3747885089899092,perceptual,EVC,alexnettrained,ReLu7,0.0832046811282365,370
11371,1.7317146042432334,perceptual,EVC,alexnettrained,ReLu7,0.07269312041187301,371
11372,1.9042615405620562,perceptual,EVC,alexnettrained,ReLu7,0.06819029950120527,372
11373,2.2665060190667723,perceptual,EVC,alexnettrained,ReLu7,0.08703977003233697,373
11374,1.4700860605334494,perceptual,EVC,alexnettrained,ReLu7,0.1169679218257145,374
11375,1.5988713756581332,perceptual,EVC,alexnettrained,ReLu7,0.09115469363166853,375
11376,1.4140026369004217,perceptual,EVC,alexnettrained,ReLu7,0.07627458061061879,376
11377,1.352194137394423,perceptual,EVC,alexnettrained,ReLu7,0.09160467922010553,377
11378,1.4569681062568642,perceptual,EVC,alexnettrained,ReLu7,0.06258702632065222,378
11379,1.5336566940491658,perceptual,EVC,alexnettrained,ReLu7,0.10403821645745769,379
11380,0.9700294869403485,perceptual,EVC,alexnettrained,ReLu7,0.09675673980586395,380
11381,1.2336327791285426,perceptual,EVC,alexnettrained,ReLu7,0.06548647590044086,381
11382,1.4109444306844485,perceptual,EVC,alexnettrained,ReLu7,0.09097912057836863,382
11383,1.0304784993572997,perceptual,EVC,alexnettrained,ReLu7,0.0845922352600057,383
11384,1.0395810229275386,perceptual,EVC,alexnettrained,ReLu7,0.1235850661446626,384
11385,0.9243351542402549,perceptual,EVC,alexnettrained,ReLu7,0.09632354895564274,385
11386,1.0625830789809323,perceptual,EVC,alexnettrained,ReLu7,0.0735215693254326,386
11387,1.4278807637663513,perceptual,EVC,alexnettrained,ReLu7,0.10897335201751596,387
11388,1.0460359103377523,perceptual,EVC,alexnettrained,ReLu7,0.09765561621304326,388
11389,1.2499478117790592,perceptual,EVC,alexnettrained,ReLu7,0.10219096262234593,389
11390,1.6512665225323477,perceptual,EVC,alexnettrained,ReLu7,0.09980207157076819,390
11391,1.2665016723349791,perceptual,EVC,alexnettrained,ReLu7,0.07713776609123069,391
11392,1.244254562517699,perceptual,EVC,alexnettrained,ReLu7,0.10225402550927928,392
11393,1.6471538660355023,perceptual,EVC,alexnettrained,ReLu7,0.0818565937748974,393
11394,1.1490837310376214,perceptual,EVC,alexnettrained,ReLu7,0.10007938990633491,394
11395,1.216522022206847,perceptual,EVC,alexnettrained,ReLu7,0.08474638356094397,395
11396,1.3554654808782851,perceptual,EVC,alexnettrained,ReLu7,0.08318155368390563,396
11397,1.1471727650185124,perceptual,EVC,alexnettrained,ReLu7,0.100379710246286,397
11398,0.894637457941667,perceptual,EVC,alexnettrained,ReLu7,0.1013120922967318,398
11399,1.233793623510257,perceptual,EVC,alexnettrained,ReLu7,0.08076224119961053,399
11400,1.5943313781393267,perceptual,EVC,alexnettrained,ReLu7,0.08991972105536394,400
11401,0.766940763135278,perceptual,EVC,alexnettrained,ReLu7,0.061426510464315735,401
11402,1.0859848306776287,perceptual,EVC,alexnettrained,ReLu7,0.07817072008337353,402
11403,0.9163250147195737,perceptual,EVC,alexnettrained,ReLu7,0.09081743797461918,403
11404,1.78848555222412,perceptual,EVC,alexnettrained,ReLu7,0.08456784060611583,404
11405,0.9399404645162531,perceptual,EVC,alexnettrained,ReLu7,0.10261260577216542,405
11406,2.365107817941718,perceptual,EVC,alexnettrained,ReLu7,0.07716984204741988,406
11407,1.0405965852599426,perceptual,EVC,alexnettrained,ReLu7,0.09458456984797445,407
11408,1.2807173818968631,perceptual,EVC,alexnettrained,ReLu7,0.08485030827417073,408
11409,1.2485384289879113,perceptual,EVC,alexnettrained,ReLu7,0.0817902746945545,409
11410,1.1429752382166927,perceptual,EVC,alexnettrained,ReLu7,0.10976821297748944,410
11411,1.6454027338979147,perceptual,EVC,alexnettrained,ReLu7,0.10242279019109136,411
11412,1.8551614662594738,perceptual,EVC,alexnettrained,ReLu7,0.08215134619950577,412
11413,1.1341919752002434,perceptual,EVC,alexnettrained,ReLu7,0.09383426013711346,413
11414,1.7551269073733453,perceptual,EVC,alexnettrained,ReLu7,0.07882365595494098,414
11415,1.7825093760271762,perceptual,EVC,alexnettrained,ReLu7,0.07909554341405647,415
11416,0.8505295906437019,perceptual,EVC,alexnettrained,ReLu7,0.08481352849238118,416
11417,1.3028716525536783,perceptual,EVC,alexnettrained,ReLu7,0.06849888969642778,417
11418,0.9764764429322187,perceptual,EVC,alexnettrained,ReLu7,0.0633616605902725,418
11419,1.0890195114681618,perceptual,EVC,alexnettrained,ReLu7,0.08627129939996012,419
11420,0.7980839283538447,perceptual,EVC,alexnettrained,ReLu7,0.0962964043815062,420
11421,1.717660054232539,perceptual,EVC,alexnettrained,ReLu7,0.08655723672101406,421
11422,1.0585789944910675,perceptual,EVC,alexnettrained,ReLu7,0.07677583056494562,422
11423,1.0863499487445294,perceptual,EVC,alexnettrained,ReLu7,0.11264900528587984,423
11424,0.9271805229003365,perceptual,EVC,alexnettrained,ReLu7,0.10013680108191503,424
11425,2.9843761313174006,perceptual,EVC,alexnettrained,ReLu7,0.08822453111220951,425
11426,1.2171243913356384,perceptual,EVC,alexnettrained,ReLu7,0.0716523009504578,426
11427,2.2442709839664143,perceptual,EVC,alexnettrained,ReLu7,0.08034134218280668,427
11428,1.1714692650288832,perceptual,EVC,alexnettrained,ReLu7,0.08759640706747174,428
11429,1.5246980873280302,perceptual,EVC,alexnettrained,ReLu7,0.09197223571774651,429
11430,2.169006962389283,perceptual,EVC,alexnettrained,ReLu7,0.06703387020931656,430
11431,1.4921892872087883,perceptual,EVC,alexnettrained,ReLu7,0.07256694989147658,431
11432,2.5264471897962464,perceptual,EVC,alexnettrained,ReLu7,0.06046866742042786,432
11433,1.2299814329210754,perceptual,EVC,alexnettrained,ReLu7,0.09824871164985474,433
11434,2.062733084671204,perceptual,EVC,alexnettrained,ReLu7,0.10198040757180264,434
11435,1.6648901939962086,perceptual,EVC,alexnettrained,ReLu7,0.0807658042590456,435
11436,11.22785560861915,perceptual,EVC,alexnettrained,ReLu7,0.06035705299207332,436
11437,1.1129253847656506,perceptual,EVC,alexnettrained,ReLu7,0.08153955441896482,437
11438,0.9811545358073342,perceptual,EVC,alexnettrained,ReLu7,0.08662545397717483,438
11439,1.16021795038787,perceptual,EVC,alexnettrained,ReLu7,0.08725754046623763,439
11440,1.9132989060476826,perceptual,EVC,alexnettrained,ReLu7,0.06974660894493045,440
11441,1.41470924812602,perceptual,EVC,alexnettrained,ReLu7,0.07575324412889975,441
11442,1.9259841261315886,perceptual,EVC,alexnettrained,ReLu7,0.09390663391826601,442
11443,0.9371899151287219,perceptual,EVC,alexnettrained,ReLu7,0.09540610379761272,443
11444,1.1548605934202552,perceptual,EVC,alexnettrained,ReLu7,0.09879192441301822,444
11445,1.5037840336938515,perceptual,EVC,alexnettrained,ReLu7,0.06534131400711707,445
11446,3.135503464970028,perceptual,EVC,alexnettrained,ReLu7,0.06469813831185817,446
11447,1.0190980095165203,perceptual,EVC,alexnettrained,ReLu7,0.0808800142080539,447
11448,1.6198746276509315,perceptual,EVC,alexnettrained,ReLu7,0.08611046911489934,448
11449,1.1605152067716915,perceptual,EVC,alexnettrained,ReLu7,0.0785673283801251,449
11450,1.5200103510037979,perceptual,EVC,alexnettrained,ReLu7,0.0933800303516765,450
11451,1.960813450775547,perceptual,EVC,alexnettrained,ReLu7,0.08289380235270022,451
11452,1.0565097049863574,perceptual,EVC,alexnettrained,ReLu7,0.10988446009036248,452
11453,1.001200370564294,perceptual,EVC,alexnettrained,ReLu7,0.10168769523410831,453
11454,1.0594921072909425,perceptual,EVC,alexnettrained,ReLu7,0.07553099320805368,454
11455,1.437940941754581,perceptual,EVC,alexnettrained,ReLu7,0.0956574949475628,455
11456,1.7642863411141607,perceptual,EVC,alexnettrained,ReLu7,0.07746964119830349,456
11457,0.7677151527078301,perceptual,EVC,alexnettrained,ReLu7,0.08249583390273986,457
11458,1.8964094956412174,perceptual,EVC,alexnettrained,ReLu7,0.10844825953799914,458
11459,1.6386930632506744,perceptual,EVC,alexnettrained,ReLu7,0.09737360414944889,459
11460,1.0208403989900827,perceptual,EVC,alexnettrained,ReLu7,0.09919621154266503,460
11461,1.0814613472177703,perceptual,EVC,alexnettrained,ReLu7,0.07455260848794973,461
11462,0.955574240703027,perceptual,EVC,alexnettrained,ReLu7,0.10346770101876795,462
11463,1.0170934246292027,perceptual,EVC,alexnettrained,ReLu7,0.07999812676852226,463
11464,1.1033689955152206,perceptual,EVC,alexnettrained,ReLu7,0.0924071270320475,464
11465,1.0217805395493391,perceptual,EVC,alexnettrained,ReLu7,0.0993699061328163,465
11466,1.4379145275125913,perceptual,EVC,alexnettrained,ReLu7,0.10625131512679901,466
11467,1.3490844767640224,perceptual,EVC,alexnettrained,ReLu7,0.10152763787564129,467
11468,1.595237194918612,perceptual,EVC,alexnettrained,ReLu7,0.10171140552017488,468
11469,1.4825712280756094,perceptual,EVC,alexnettrained,ReLu7,0.07915149540062966,469
11470,2.6167170222850724,perceptual,EVC,alexnettrained,ReLu7,0.0902948006457317,470
11471,1.362789641068209,perceptual,EVC,alexnettrained,ReLu7,0.09424199476762835,471
11472,1.4402163279092002,perceptual,EVC,alexnettrained,ReLu7,0.06878366826931834,472
11473,0.8726045492157167,perceptual,EVC,alexnettrained,ReLu7,0.0831544538933677,473
11474,1.1551450237902228,perceptual,EVC,alexnettrained,ReLu7,0.061518042958527114,474
11475,-2.3022607514271107,perceptual,EVC,alexnettrained,ReLu7,0.04574177936763184,475
11476,1.3492244520610592,perceptual,EVC,alexnettrained,ReLu7,0.09001227819291527,476
11477,1.0623991202857206,perceptual,EVC,alexnettrained,ReLu7,0.09279029875673125,477
11478,1.2481187124046853,perceptual,EVC,alexnettrained,ReLu7,0.058171727777138436,478
11479,1.0389660141420523,perceptual,EVC,alexnettrained,ReLu7,0.08532992761681299,479
11480,1.5194656420909678,perceptual,EVC,alexnettrained,ReLu7,0.06808793666107449,480
11481,2.2160687030895305,perceptual,EVC,alexnettrained,ReLu7,0.08106517973184771,481
11482,1.999375055341937,perceptual,EVC,alexnettrained,ReLu7,0.08254346075820901,482
11483,1.5306318068477909,perceptual,EVC,alexnettrained,ReLu7,0.08241693892596894,483
11484,1.6917334251632592,perceptual,EVC,alexnettrained,ReLu7,0.061681936941989146,484
11485,0.974805426808117,perceptual,EVC,alexnettrained,ReLu7,0.059402937372739266,485
11486,1.5272232831115453,perceptual,EVC,alexnettrained,ReLu7,0.06852185829461109,486
11487,0.9492066725818041,perceptual,EVC,alexnettrained,ReLu7,0.08487162078833715,487
11488,1.4283015518265993,perceptual,EVC,alexnettrained,ReLu7,0.05827883676209469,488
11489,1.3664825072954252,perceptual,EVC,alexnettrained,ReLu7,0.08744968500033623,489
11490,1.6273605986495059,perceptual,EVC,alexnettrained,ReLu7,0.08507157254557021,490
11491,1.408235699762319,perceptual,EVC,alexnettrained,ReLu7,0.09550252935893569,491
11492,2.5206583562827247,perceptual,EVC,alexnettrained,ReLu7,0.07742996084971289,492
11493,2.828599285358386,perceptual,EVC,alexnettrained,ReLu7,0.09196699007810226,493
11494,1.1258916288893617,perceptual,EVC,alexnettrained,ReLu7,0.0959811115279198,494
11495,3.6459019602965594,perceptual,EVC,alexnettrained,ReLu7,0.07357975399387516,495
11496,1.076326609093076,perceptual,EVC,alexnettrained,ReLu7,0.10722723740012623,496
11497,1.2019693977016859,perceptual,EVC,alexnettrained,ReLu7,0.08484780897264302,497
11498,1.337092620914983,perceptual,EVC,alexnettrained,ReLu7,0.10086110660441482,498
11499,1.0505071963693355,perceptual,EVC,alexnettrained,ReLu7,0.0929567524801179,499
11500,1.2316733519074938,perceptual,EVC,alexnettrained,ReLu7,0.11564758973490191,500
11501,1.471609536955294,perceptual,EVC,alexnettrained,ReLu7,0.10795407824048703,501
11502,2.6103659550367455,perceptual,EVC,alexnettrained,ReLu7,0.05331666067974267,502
11503,0.9620860733761578,perceptual,EVC,alexnettrained,ReLu7,0.09997929875648322,503
11504,1.1333054805182738,perceptual,EVC,alexnettrained,ReLu7,0.08265631819919796,504
11505,1.427717379697621,perceptual,EVC,alexnettrained,ReLu7,0.09018822579436164,505
11506,1.2089714081031933,perceptual,EVC,alexnettrained,ReLu7,0.08779897844669383,506
11507,1.3913511490763188,perceptual,EVC,alexnettrained,ReLu7,0.08748439475660444,507
11508,1.2318798442412464,perceptual,EVC,alexnettrained,ReLu7,0.0905145043795801,508
11509,0.7499598448276582,perceptual,EVC,alexnettrained,ReLu7,0.09609127953350512,509
11510,1.249841363986355,perceptual,EVC,alexnettrained,ReLu7,0.08136925090304535,510
11511,1.1158476697339565,perceptual,EVC,alexnettrained,ReLu7,0.11341257119376362,511
11512,2.398413699426187,perceptual,EVC,alexnettrained,ReLu7,0.09311436078801183,512
11513,21.961174190240698,perceptual,EVC,alexnettrained,ReLu7,0.054148115566168095,513
11514,1.4520592659053528,perceptual,EVC,alexnettrained,ReLu7,0.1180912836509614,514
11515,1.3987551810745609,perceptual,EVC,alexnettrained,ReLu7,0.08350630482935947,515
11516,1.0114205145200836,perceptual,EVC,alexnettrained,ReLu7,0.11083887720784814,516
11517,1.5512417352891148,perceptual,EVC,alexnettrained,ReLu7,0.06652957930768733,517
11518,1.7512243525072466,perceptual,EVC,alexnettrained,ReLu7,0.08964096081099199,518
11519,1.419418557245471,perceptual,EVC,alexnettrained,ReLu7,0.047536425231295976,519
11520,1.0764996420793016,perceptual,EVC,alexnettrained,ReLu7,0.13263097198553014,520
11521,1.6280964692337516,perceptual,EVC,alexnettrained,ReLu7,0.0979741876884522,521
11522,23.052532228820358,perceptual,EVC,alexnettrained,ReLu7,0.06293972114354485,522
11523,1.673184807548312,perceptual,EVC,alexnettrained,ReLu7,0.07281571227518935,523
11524,1.3687273558551813,perceptual,EVC,alexnettrained,ReLu7,0.09301200148222283,524
11525,2.5190592822894677,perceptual,EVC,alexnettrained,ReLu7,0.07722549288113664,525
11526,1.276542942924795,perceptual,EVC,alexnettrained,ReLu7,0.07575951150022882,526
11527,0.8584859863093239,perceptual,EVC,alexnettrained,ReLu7,0.08184467457507244,527
11528,1.3838008348883437,perceptual,EVC,alexnettrained,ReLu7,0.0648459857193281,528
11529,1.7609000747067138,perceptual,EVC,alexnettrained,ReLu7,0.06962645782230517,529
11530,1.6252342880848616,perceptual,EVC,alexnettrained,ReLu7,0.06114199435126585,530
11531,1.9208228438562374,perceptual,EVC,alexnettrained,ReLu7,0.1010175123326249,531
11532,0.850338560558072,perceptual,EVC,alexnettrained,ReLu7,0.08657587260136645,532
11533,0.7760569066195758,perceptual,EVC,alexnettrained,ReLu7,0.09466516476824846,533
11534,1.441407363368636,perceptual,EVC,alexnettrained,ReLu7,0.0769092914557601,534
11535,0.8955612625610474,perceptual,EVC,alexnettrained,ReLu7,0.0687853060732606,535
11536,1.6549538707099398,perceptual,EVC,alexnettrained,ReLu7,0.09780083950886728,536
11537,0.8115612431188347,perceptual,EVC,alexnettrained,ReLu7,0.08810019401693275,537
11538,6.046492166646861,perceptual,EVC,alexnettrained,ReLu7,0.052925346219576064,538
11539,1.4688292590637162,perceptual,EVC,alexnettrained,ReLu7,0.0860330400939096,539
11540,0.99575203878612,perceptual,EVC,alexnettrained,ReLu7,0.08872226557775882,540
11541,1.0895197382330295,perceptual,EVC,alexnettrained,ReLu7,0.08097739870036016,541
11542,1.1487522376761325,perceptual,EVC,alexnettrained,ReLu7,0.09281151215793312,542
11543,1.196458207117184,perceptual,EVC,alexnettrained,ReLu7,0.0772439112859157,543
11544,1.9774682679048794,perceptual,EVC,alexnettrained,ReLu7,0.07219764133316604,544
11545,1.0514268396650595,perceptual,EVC,alexnettrained,ReLu7,0.08163578984083544,545
11546,2.4735789160225035,perceptual,EVC,alexnettrained,ReLu7,0.07496864655260231,546
11547,1.0537975325783406,perceptual,EVC,alexnettrained,ReLu7,0.08770070129150313,547
11548,0.9772982289478404,perceptual,EVC,alexnettrained,ReLu7,0.09429538551059193,548
11549,1.369347096385922,perceptual,EVC,alexnettrained,ReLu7,0.09314372684031069,549
11550,1.1462917535284627,perceptual,EVC,alexnettrained,ReLu7,0.10035276594636998,550
11551,1.1075806070592569,perceptual,EVC,alexnettrained,ReLu7,0.0717380592165075,551
11552,1.617798181704448,perceptual,EVC,alexnettrained,ReLu7,0.09614640796153417,552
11553,1.0480950371559337,perceptual,EVC,alexnettrained,ReLu7,0.094350877196334,553
11554,2.336796700832767,perceptual,EVC,alexnettrained,ReLu7,0.06751577308601077,554
11555,1.3650011059343554,perceptual,EVC,alexnettrained,ReLu7,0.08811382675616684,555
11556,4.763395837195126,perceptual,EVC,alexnettrained,ReLu7,0.07556172342133424,556
11557,1.2936304959774474,perceptual,EVC,alexnettrained,ReLu7,0.08671153448524124,557
11558,0.9355483878084048,perceptual,EVC,alexnettrained,ReLu7,0.0895838459261103,558
11559,1.3387119303719586,perceptual,EVC,alexnettrained,ReLu7,0.0732221797426797,559
11560,0.7617855457474256,perceptual,EVC,alexnettrained,ReLu7,0.10558428325297484,560
11561,1.3926777630614569,perceptual,EVC,alexnettrained,ReLu7,0.09141106558911044,561
11562,0.9767766262610674,perceptual,EVC,alexnettrained,ReLu7,0.0709962643414586,562
11563,1.8016696050735217,perceptual,EVC,alexnettrained,ReLu7,0.10703705758937351,563
11564,1.9862446993625185,perceptual,EVC,alexnettrained,ReLu7,0.06906377278168382,564
11565,1.4198714275025457,perceptual,EVC,alexnettrained,ReLu7,0.0725984882439698,565
11566,1.0862461225814657,perceptual,EVC,alexnettrained,ReLu7,0.11007242963765043,566
11567,1.077500041511704,perceptual,EVC,alexnettrained,ReLu7,0.07753388066574587,567
11568,1.3364987171757974,perceptual,EVC,alexnettrained,ReLu7,0.08570359156185724,568
11569,1.4886712866578253,perceptual,EVC,alexnettrained,ReLu7,0.0917268802368226,569
11570,1.4561569949625852,perceptual,EVC,alexnettrained,ReLu7,0.07011807314658097,570
11571,2.2416868766431404,perceptual,EVC,alexnettrained,ReLu7,0.07767304594393792,571
11572,1.2620388058460255,perceptual,EVC,alexnettrained,ReLu7,0.09142990390257374,572
11573,1.117623668600314,perceptual,EVC,alexnettrained,ReLu7,0.07448275311220723,573
11574,1.3708119267722012,perceptual,EVC,alexnettrained,ReLu7,0.078154634087646,574
11575,1.971527777367458,perceptual,EVC,alexnettrained,ReLu7,0.08776224412447439,575
11576,1.1287150702696105,perceptual,EVC,alexnettrained,ReLu7,0.08158761461265848,576
11577,1.1679060332094648,perceptual,EVC,alexnettrained,ReLu7,0.10641537234344722,577
11578,1.0072025182576647,perceptual,EVC,alexnettrained,ReLu7,0.07681114896849889,578
11579,1.6464108746269328,perceptual,EVC,alexnettrained,ReLu7,0.09008393131342163,579
11580,1.1214455135620718,perceptual,EVC,alexnettrained,ReLu7,0.09626581542661626,580
11581,2.4459333700291555,perceptual,EVC,alexnettrained,ReLu7,0.07838868144182379,581
11582,1.8079804907152508,perceptual,EVC,alexnettrained,ReLu7,0.09267535288977097,582
11583,1.703855893738236,perceptual,EVC,alexnettrained,ReLu7,0.05380972513408819,583
11584,3.55205455332785,perceptual,EVC,alexnettrained,ReLu7,0.07850444935736288,584
11585,1.0644497842637952,perceptual,EVC,alexnettrained,ReLu7,0.08324025902965668,585
11586,1.003108260684153,perceptual,EVC,alexnettrained,ReLu7,0.11077198199075639,586
11587,1.1768736308012009,perceptual,EVC,alexnettrained,ReLu7,0.10153881670177078,587
11588,0.7715960205874887,perceptual,EVC,alexnettrained,ReLu7,0.10320575358746537,588
11589,1.0219888492949107,perceptual,EVC,alexnettrained,ReLu7,0.08372632320636098,589
11590,1.5265708254455377,perceptual,EVC,alexnettrained,ReLu7,0.08337395921589355,590
11591,1.3921907832754212,perceptual,EVC,alexnettrained,ReLu7,0.0786128618054567,591
11592,1.666600213685646,perceptual,EVC,alexnettrained,ReLu7,0.08142722091755183,592
11593,2.352827921111216,perceptual,EVC,alexnettrained,ReLu7,0.08203116007568587,593
11594,1.9242307341495144,perceptual,EVC,alexnettrained,ReLu7,0.07736004682651075,594
11595,1.4913206242534982,perceptual,EVC,alexnettrained,ReLu7,0.10199232852262066,595
11596,3.111688273495673,perceptual,EVC,alexnettrained,ReLu7,0.07535896364773609,596
11597,1.3038194080305379,perceptual,EVC,alexnettrained,ReLu7,0.10025925563213503,597
11598,1.4740521560632283,perceptual,EVC,alexnettrained,ReLu7,0.09916298986958091,598
11599,2.1053162172137805,perceptual,EVC,alexnettrained,ReLu7,0.0733413597095572,599
11600,1.1027315699098192,perceptual,EVC,alexnettrained,ReLu7,0.1005431415650529,600
11601,1.5013111614062185,perceptual,EVC,alexnettrained,ReLu7,0.061977578232283836,601
11602,1.0280283194135105,perceptual,EVC,alexnettrained,ReLu7,0.09514745005182565,602
11603,2.079943114058718,perceptual,EVC,alexnettrained,ReLu7,0.0774533496280756,603
11604,1.301715019537347,perceptual,EVC,alexnettrained,ReLu7,0.09670141186169201,604
11605,0.9550883351287065,perceptual,EVC,alexnettrained,ReLu7,0.11263758721801591,605
11606,1.286082443302787,perceptual,EVC,alexnettrained,ReLu7,0.07169579561393899,606
11607,1.3657128313988993,perceptual,EVC,alexnettrained,ReLu7,0.10122967533059825,607
11608,1.3557212134743568,perceptual,EVC,alexnettrained,ReLu7,0.08777438267364746,608
11609,1.253093639890393,perceptual,EVC,alexnettrained,ReLu7,0.07394386119872941,609
11610,1.3875567245126186,perceptual,EVC,alexnettrained,ReLu7,0.08543209669937982,610
11611,1.3540798741657103,perceptual,EVC,alexnettrained,ReLu7,0.07349210630696396,611
11612,1.0550258175150515,perceptual,EVC,alexnettrained,ReLu7,0.07472822482964252,612
11613,0.9929191945509708,perceptual,EVC,alexnettrained,ReLu7,0.10988178808590951,613
11614,0.8196541867257232,perceptual,EVC,alexnettrained,ReLu7,0.09716506927669594,614
11615,2.053228046624491,perceptual,EVC,alexnettrained,ReLu7,0.06288942382757855,615
11616,1.8456453806937934,perceptual,EVC,alexnettrained,ReLu7,0.08094440818905746,616
11617,1.2366739873545463,perceptual,EVC,alexnettrained,ReLu7,0.10096793339108992,617
11618,0.9697609902164266,perceptual,EVC,alexnettrained,ReLu7,0.09532662801419903,618
11619,0.9145685696575769,perceptual,EVC,alexnettrained,ReLu7,0.07867531910527631,619
11620,1.0580018926483488,perceptual,EVC,alexnettrained,ReLu7,0.0883266029431159,620
11621,1.1115947523208252,perceptual,EVC,alexnettrained,ReLu7,0.09574008957142573,621
11622,1.4428094855579405,perceptual,EVC,alexnettrained,ReLu7,0.08082091325240046,622
11623,1.2254547403009526,perceptual,EVC,alexnettrained,ReLu7,0.08399244938622324,623
11624,1.6442217601762865,perceptual,EVC,alexnettrained,ReLu7,0.07702626009655594,624
11625,0.9390572853502328,perceptual,EVC,alexnettrained,ReLu7,0.09342252595633249,625
11626,1.6197333984229791,perceptual,EVC,alexnettrained,ReLu7,0.0951291814447785,626
11627,1.2588131718689743,perceptual,EVC,alexnettrained,ReLu7,0.08274551866031693,627
11628,3.454881095622686,perceptual,EVC,alexnettrained,ReLu7,0.07435166902221428,628
11629,1.2299974482064258,perceptual,EVC,alexnettrained,ReLu7,0.10289283054364891,629
11630,1.020747208690185,perceptual,EVC,alexnettrained,ReLu7,0.09376990184129788,630
11631,1.6694525050819677,perceptual,EVC,alexnettrained,ReLu7,0.07675160667728492,631
11632,1.292147131948232,perceptual,EVC,alexnettrained,ReLu7,0.09316293208654915,632
11633,1.6542590153870542,perceptual,EVC,alexnettrained,ReLu7,0.05426721940109519,633
11634,1.2687843651343935,perceptual,EVC,alexnettrained,ReLu7,0.09047308888751388,634
11635,1.1396186598943092,perceptual,EVC,alexnettrained,ReLu7,0.09116685866859849,635
11636,1.403114125168871,perceptual,EVC,alexnettrained,ReLu7,0.07783187695374794,636
11637,1.0423658052098181,perceptual,EVC,alexnettrained,ReLu7,0.062010304350492346,637
11638,3.46456793493543,perceptual,EVC,alexnettrained,ReLu7,0.05032435875829784,638
11639,1.1561870058389305,perceptual,EVC,alexnettrained,ReLu7,0.09379021979802227,639
11640,1.381774533565527,perceptual,EVC,alexnettrained,ReLu7,0.08053738402247487,640
11641,1.3897010529546812,perceptual,EVC,alexnettrained,ReLu7,0.09321307347905124,641
11642,1.5143276226981246,perceptual,EVC,alexnettrained,ReLu7,0.10117230730372768,642
11643,1.0282202694440399,perceptual,EVC,alexnettrained,ReLu7,0.11150114632995756,643
11644,1.4312377850891724,perceptual,EVC,alexnettrained,ReLu7,0.11898561364427956,644
11645,1.081867229108317,perceptual,EVC,alexnettrained,ReLu7,0.07847746701000133,645
11646,1.7505133439477318,perceptual,EVC,alexnettrained,ReLu7,0.06596198124331022,646
11647,0.8710076779064692,perceptual,EVC,alexnettrained,ReLu7,0.08084624849072536,647
11648,1.4660138709005808,perceptual,EVC,alexnettrained,ReLu7,0.06694861276624181,648
11649,1.9735888457017932,perceptual,EVC,alexnettrained,ReLu7,0.09249189452022043,649
11650,2.1808472851156635,perceptual,EVC,alexnettrained,ReLu7,0.07482630125297585,650
11651,1.2466397618722365,perceptual,EVC,alexnettrained,ReLu7,0.10623929698988088,651
11652,1.176326474770092,perceptual,EVC,alexnettrained,ReLu7,0.10296390581012574,652
11653,1.1790372558802882,perceptual,EVC,alexnettrained,ReLu7,0.1277207648607451,653
11654,1.9520994202767739,perceptual,EVC,alexnettrained,ReLu7,0.06006652269371682,654
11655,0.8230400684323625,perceptual,EVC,alexnettrained,ReLu7,0.09533027338939926,655
11656,1.4169693342671292,perceptual,EVC,alexnettrained,ReLu7,0.10591622281971894,656
11657,0.761877632541351,perceptual,EVC,alexnettrained,ReLu7,0.06786925414889752,657
11658,1.3986753473168363,perceptual,EVC,alexnettrained,ReLu7,0.07322601158075709,658
11659,1.5188466407139205,perceptual,EVC,alexnettrained,ReLu7,0.07139180655867369,659
11660,1.5745094183660997,perceptual,EVC,alexnettrained,ReLu7,0.08259711423245043,660
11661,1.4215424735651467,perceptual,EVC,alexnettrained,ReLu7,0.07986104627154123,661
11662,1.4146327435628836,perceptual,EVC,alexnettrained,ReLu7,0.0834137157774881,662
11663,0.9987151015027818,perceptual,EVC,alexnettrained,ReLu7,0.09382599509116554,663
11664,1.898920792313402,perceptual,EVC,alexnettrained,ReLu7,0.08223751302473603,664
11665,2.954070745333789,perceptual,EVC,alexnettrained,ReLu7,0.06385655825535932,665
11666,1.444174157740098,perceptual,EVC,alexnettrained,ReLu7,0.06152796065458374,666
11667,1.230202655284241,perceptual,EVC,alexnettrained,ReLu7,0.07328941779145316,667
11668,1.2960800401202326,perceptual,EVC,alexnettrained,ReLu7,0.09013033596965811,668
11669,1.1766734729711477,perceptual,EVC,alexnettrained,ReLu7,0.08370742536402812,669
11670,1.5865451241631399,perceptual,EVC,alexnettrained,ReLu7,0.06748016488365227,670
11671,1.378053760926386,perceptual,EVC,alexnettrained,ReLu7,0.06352061189649834,671
11672,1.3052095688019192,perceptual,EVC,alexnettrained,ReLu7,0.10136808318415678,672
11673,1.237123046737707,perceptual,EVC,alexnettrained,ReLu7,0.09453480099996325,673
11674,1.5889942125619838,perceptual,EVC,alexnettrained,ReLu7,0.0935049578339033,674
11675,2.1635912627846867,perceptual,EVC,alexnettrained,ReLu7,0.07075467334143455,675
11676,1.0804298834431232,perceptual,EVC,alexnettrained,ReLu7,0.09985303625964781,676
11677,1.1276572866651176,perceptual,EVC,alexnettrained,ReLu7,0.08708158493503212,677
11678,1.1893643708868582,perceptual,EVC,alexnettrained,ReLu7,0.09763009866716521,678
11679,1.1490432834304016,perceptual,EVC,alexnettrained,ReLu7,0.10146669986411037,679
11680,1.1368473437280657,perceptual,EVC,alexnettrained,ReLu7,0.08682181345577947,680
11681,1.4609669164560257,perceptual,EVC,alexnettrained,ReLu7,0.08343398154720952,681
11682,1.3479236637030925,perceptual,EVC,alexnettrained,ReLu7,0.08289481662138418,682
11683,1.057720803514428,perceptual,EVC,alexnettrained,ReLu7,0.10168924018485043,683
11684,2.7685135026655434,perceptual,EVC,alexnettrained,ReLu7,0.06308655249922722,684
11685,1.6731458060379296,perceptual,EVC,alexnettrained,ReLu7,0.10067065153702401,685
11686,1.3732400074717355,perceptual,EVC,alexnettrained,ReLu7,0.06337367126727467,686
11687,1.2294514669223062,perceptual,EVC,alexnettrained,ReLu7,0.08996069374790734,687
11688,0.9520606028197047,perceptual,EVC,alexnettrained,ReLu7,0.08415601864881836,688
11689,2.1342426568161166,perceptual,EVC,alexnettrained,ReLu7,0.06899229215418357,689
11690,1.7882359016809746,perceptual,EVC,alexnettrained,ReLu7,0.06028483271944515,690
11691,1.3884226214254853,perceptual,EVC,alexnettrained,ReLu7,0.08934814829749951,691
11692,1.9380790867341002,perceptual,EVC,alexnettrained,ReLu7,0.08580213615580647,692
11693,1.38388881634996,perceptual,EVC,alexnettrained,ReLu7,0.09445594413846733,693
11694,1.6818399289768948,perceptual,EVC,alexnettrained,ReLu7,0.08271014738649166,694
11695,0.9441842144543163,perceptual,EVC,alexnettrained,ReLu7,0.10643027921182865,695
11696,1.3082702249439835,perceptual,EVC,alexnettrained,ReLu7,0.07738602272986687,696
11697,1.26709035060137,perceptual,EVC,alexnettrained,ReLu7,0.09280145246291112,697
11698,1.2199217812307286,perceptual,EVC,alexnettrained,ReLu7,0.07627577595129507,698
11699,1.04305169988994,perceptual,EVC,alexnettrained,ReLu7,0.08455413116427787,699
11700,1.5480191253287638,perceptual,EVC,alexnettrained,ReLu7,0.07671667924403802,700
11701,1.4050328611061964,perceptual,EVC,alexnettrained,ReLu7,0.10253583721993821,701
11702,1.1095175996378344,perceptual,EVC,alexnettrained,ReLu7,0.08173626821706907,702
11703,6.299767828625553,perceptual,EVC,alexnettrained,ReLu7,0.05512993694669183,703
11704,1.4514518230291589,perceptual,EVC,alexnettrained,ReLu7,0.10467628438304295,704
11705,0.9695745063707624,perceptual,EVC,alexnettrained,ReLu7,0.08433234877989085,705
11706,1.3791810874368813,perceptual,EVC,alexnettrained,ReLu7,0.08852699212559044,706
11707,1.1685983697035975,perceptual,EVC,alexnettrained,ReLu7,0.10217526021516476,707
11708,0.9857210870644768,perceptual,EVC,alexnettrained,ReLu7,0.08974010883255364,708
11709,1.225363743353859,perceptual,EVC,alexnettrained,ReLu7,0.10516932141201973,709
11710,0.7267452305410608,perceptual,EVC,alexnettrained,ReLu7,0.07294620377750897,710
11711,0.8242129623259493,perceptual,EVC,alexnettrained,ReLu7,0.11080298724237221,711
11712,1.4391964492153992,perceptual,EVC,alexnettrained,ReLu7,0.09377904537038306,712
11713,1.2338324498356132,perceptual,EVC,alexnettrained,ReLu7,0.06785230883119699,713
11714,1.8337518631861605,perceptual,EVC,alexnettrained,ReLu7,0.08719400146709538,714
11715,1.2108310637270492,perceptual,EVC,alexnettrained,ReLu7,0.07494473855082893,715
11716,1.2709978898685472,perceptual,EVC,alexnettrained,ReLu7,0.10677921995563006,716
11717,1.2826723764051562,perceptual,EVC,alexnettrained,ReLu7,0.06107553476820008,717
11718,1.0318244222172452,perceptual,EVC,alexnettrained,ReLu7,0.08997401069456806,718
11719,1.2838627503831652,perceptual,EVC,alexnettrained,ReLu7,0.06995543579930609,719
11720,4.508349395344999,perceptual,EVC,alexnettrained,ReLu7,0.07385700430749662,720
11721,1.3426836836427922,perceptual,EVC,alexnettrained,ReLu7,0.08768131466060909,721
11722,1.9501035732964258,perceptual,EVC,alexnettrained,ReLu7,0.07195090688934985,722
11723,1.3903247292112968,perceptual,EVC,alexnettrained,ReLu7,0.07536941739441788,723
11724,2.493417775784546,perceptual,EVC,alexnettrained,ReLu7,0.0990454945506185,724
11725,1.7192811799374057,perceptual,EVC,alexnettrained,ReLu7,0.07814946049620972,725
11726,1.2294997010098465,perceptual,EVC,alexnettrained,ReLu7,0.0765460399922357,726
11727,0.9647737320074425,perceptual,EVC,alexnettrained,ReLu7,0.10028811092567641,727
11728,11.542537009005777,perceptual,EVC,alexnettrained,ReLu7,0.07047424699623583,728
11729,0.855082850395806,perceptual,EVC,alexnettrained,ReLu7,0.08850253263720553,729
11730,1.7871611018864817,perceptual,EVC,alexnettrained,ReLu7,0.06463423333445638,730
11731,2.20619679706932,perceptual,EVC,alexnettrained,ReLu7,0.07063245640273255,731
11732,1.082556759109328,perceptual,EVC,alexnettrained,ReLu7,0.07535759079759806,732
11733,1.996093282163052,perceptual,EVC,alexnettrained,ReLu7,0.08476668577165541,733
11734,1.151000124029733,perceptual,EVC,alexnettrained,ReLu7,0.10197491789366284,734
11735,1.18095025096412,perceptual,EVC,alexnettrained,ReLu7,0.10735724525702284,735
11736,1.3645428612282609,perceptual,EVC,alexnettrained,ReLu7,0.08559999354236358,736
11737,2.9470793055046824,perceptual,EVC,alexnettrained,ReLu7,0.08634116309602968,737
11738,0.8870929470842199,perceptual,EVC,alexnettrained,ReLu7,0.0995300543112847,738
11739,1.0615935726273948,perceptual,EVC,alexnettrained,ReLu7,0.0867744427230989,739
11740,1.4489588948887608,perceptual,EVC,alexnettrained,ReLu7,0.06986669341313458,740
11741,4.437950526372319,perceptual,EVC,alexnettrained,ReLu7,0.05671634904357836,741
11742,1.5706158942204413,perceptual,EVC,alexnettrained,ReLu7,0.08227310264074086,742
11743,1.418164278161584,perceptual,EVC,alexnettrained,ReLu7,0.11376452868794895,743
11744,1.2908392894216822,perceptual,EVC,alexnettrained,ReLu7,0.09462773114157313,744
11745,1.0575850165278804,perceptual,EVC,alexnettrained,ReLu7,0.08415764720614614,745
11746,1.5056253325435562,perceptual,EVC,alexnettrained,ReLu7,0.06914797974199348,746
11747,0.9360234924743461,perceptual,EVC,alexnettrained,ReLu7,0.07786703699089273,747
11748,1.7185198840757365,perceptual,EVC,alexnettrained,ReLu7,0.09153250988362896,748
11749,-18.74407292502065,perceptual,EVC,alexnettrained,ReLu7,0.051177418773259126,749
11750,1.2391953850787778,perceptual,EVC,alexnettrained,ReLu7,0.07639113744687727,750
11751,0.9508195858056881,perceptual,EVC,alexnettrained,ReLu7,0.09119271110873217,751
11752,1.4089113121512054,perceptual,EVC,alexnettrained,ReLu7,0.06601270849412683,752
11753,0.9930338865358245,perceptual,EVC,alexnettrained,ReLu7,0.07604965579421723,753
11754,1.2189836125095823,perceptual,EVC,alexnettrained,ReLu7,0.10855829671260339,754
11755,1.021137461213194,perceptual,EVC,alexnettrained,ReLu7,0.1147862406420133,755
11756,1.7406439794385402,perceptual,EVC,alexnettrained,ReLu7,0.07859200017754553,756
11757,0.767639909939074,perceptual,EVC,alexnettrained,ReLu7,0.0704804716324084,757
11758,1.26939392662056,perceptual,EVC,alexnettrained,ReLu7,0.09059988678998113,758
11759,1.2300372866008245,perceptual,EVC,alexnettrained,ReLu7,0.10609404166820265,759
11760,1.2831549457111957,perceptual,EVC,alexnettrained,ReLu7,0.09226461380814764,760
11761,1.2840218637740342,perceptual,EVC,alexnettrained,ReLu7,0.09481008003388151,761
11762,1.4105760868516075,perceptual,EVC,alexnettrained,ReLu7,0.09459596031281335,762
11763,1.0671017002372591,perceptual,EVC,alexnettrained,ReLu7,0.09905544800439178,763
11764,1.3610344417771851,perceptual,EVC,alexnettrained,ReLu7,0.07897355358811367,764
11765,1.708099128261621,perceptual,EVC,alexnettrained,ReLu7,0.08467220624722036,765
11766,1.4069647173318647,perceptual,EVC,alexnettrained,ReLu7,0.10285336122212616,766
11767,1.9469889430277783,perceptual,EVC,alexnettrained,ReLu7,0.08294389055901578,767
11768,1.3315826463288694,perceptual,EVC,alexnettrained,ReLu7,0.09315364550548698,768
11769,0.8378479272325791,perceptual,EVC,alexnettrained,ReLu7,0.08659942494172809,769
11770,0.8698663986964362,perceptual,EVC,alexnettrained,ReLu7,0.0818543804579983,770
11771,1.1655190504767554,perceptual,EVC,alexnettrained,ReLu7,0.10463814905765814,771
11772,1.2439881632359557,perceptual,EVC,alexnettrained,ReLu7,0.11976782140584327,772
11773,1.2317659261704117,perceptual,EVC,alexnettrained,ReLu7,0.10771818805460046,773
11774,2.176427546844749,perceptual,EVC,alexnettrained,ReLu7,0.07475589126081264,774
11775,0.9806715013681466,perceptual,EVC,alexnettrained,ReLu7,0.09335424476455825,775
11776,1.4705549423821984,perceptual,EVC,alexnettrained,ReLu7,0.07998756118708697,776
11777,1.9286258124888336,perceptual,EVC,alexnettrained,ReLu7,0.0842678964637267,777
11778,1.0028285809332558,perceptual,EVC,alexnettrained,ReLu7,0.08484446463940681,778
11779,1.3644174474182795,perceptual,EVC,alexnettrained,ReLu7,0.11014163626608849,779
11780,1.4795454311940273,perceptual,EVC,alexnettrained,ReLu7,0.0876989456291901,780
11781,1.0025010070774223,perceptual,EVC,alexnettrained,ReLu7,0.11722465290204961,781
11782,1.1325271182353154,perceptual,EVC,alexnettrained,ReLu7,0.09886535710175462,782
11783,1.3581170247715713,perceptual,EVC,alexnettrained,ReLu7,0.10362731394918909,783
11784,1.1969075206055964,perceptual,EVC,alexnettrained,ReLu7,0.0794106220431777,784
11785,1.1119821154918617,perceptual,EVC,alexnettrained,ReLu7,0.09171112273196722,785
11786,1.33709386405088,perceptual,EVC,alexnettrained,ReLu7,0.08328660851349548,786
11787,1.2958917768653322,perceptual,EVC,alexnettrained,ReLu7,0.06584871165993031,787
11788,1.033887317084201,perceptual,EVC,alexnettrained,ReLu7,0.08461972826415827,788
11789,5.570614674484138,perceptual,EVC,alexnettrained,ReLu7,0.06105225443404257,789
11790,1.429857046981807,perceptual,EVC,alexnettrained,ReLu7,0.09879476769916823,790
11791,2.709038481495059,perceptual,EVC,alexnettrained,ReLu7,0.07044575263055233,791
11792,1.4274428119742522,perceptual,EVC,alexnettrained,ReLu7,0.09791700997594996,792
11793,1.16527026562235,perceptual,EVC,alexnettrained,ReLu7,0.07255050379051267,793
11794,13.636028838972111,perceptual,EVC,alexnettrained,ReLu7,0.046931755741147746,794
11795,1.1437812610485425,perceptual,EVC,alexnettrained,ReLu7,0.0949190061057538,795
11796,1.1737114807032392,perceptual,EVC,alexnettrained,ReLu7,0.10515347568151509,796
11797,0.9620561611049911,perceptual,EVC,alexnettrained,ReLu7,0.07716492629696599,797
11798,1.0369743937435683,perceptual,EVC,alexnettrained,ReLu7,0.07268363834498544,798
11799,1.4442889687901983,perceptual,EVC,alexnettrained,ReLu7,0.06291274405412747,799
11800,1.3627151911542144,perceptual,EVC,alexnettrained,ReLu7,0.09551166231160478,800
11801,1.5945453790265744,perceptual,EVC,alexnettrained,ReLu7,0.06383165145776419,801
11802,1.340410096050605,perceptual,EVC,alexnettrained,ReLu7,0.08640865264239135,802
11803,2.5005445011431373,perceptual,EVC,alexnettrained,ReLu7,0.08321489696217703,803
11804,6.560482487994851,perceptual,EVC,alexnettrained,ReLu7,0.07107146725822694,804
11805,1.1992970249784556,perceptual,EVC,alexnettrained,ReLu7,0.09849399796998304,805
11806,1.6736302394609357,perceptual,EVC,alexnettrained,ReLu7,0.06841333121197973,806
11807,1.4114660759913975,perceptual,EVC,alexnettrained,ReLu7,0.07173034750866362,807
11808,1.3681981286375438,perceptual,EVC,alexnettrained,ReLu7,0.07124317417559903,808
11809,1.499736780302203,perceptual,EVC,alexnettrained,ReLu7,0.10161044780283536,809
11810,1.1040467384968025,perceptual,EVC,alexnettrained,ReLu7,0.08444503420255228,810
11811,1.1976400989774794,perceptual,EVC,alexnettrained,ReLu7,0.07352164678372675,811
11812,1.0027422308051173,perceptual,EVC,alexnettrained,ReLu7,0.10483505823685066,812
11813,1.6742675181694653,perceptual,EVC,alexnettrained,ReLu7,0.06887314533158223,813
11814,1.0613599561868339,perceptual,EVC,alexnettrained,ReLu7,0.09131573336776426,814
11815,1.5646010344934724,perceptual,EVC,alexnettrained,ReLu7,0.08116042976216555,815
11816,1.4221447802838139,perceptual,EVC,alexnettrained,ReLu7,0.08044061878618633,816
11817,3.6040135573686967,perceptual,EVC,alexnettrained,ReLu7,0.07429159894272436,817
11818,1.1201744002461018,perceptual,EVC,alexnettrained,ReLu7,0.10274704824076444,818
11819,1.00404976242775,perceptual,EVC,alexnettrained,ReLu7,0.10927162436228542,819
11820,2.16904864931126,perceptual,EVC,alexnettrained,ReLu7,0.07042846236856697,820
11821,0.9498289856620743,perceptual,EVC,alexnettrained,ReLu7,0.08421143413356524,821
11822,1.4401288255631706,perceptual,EVC,alexnettrained,ReLu7,0.07697462036390111,822
11823,1.047126574019952,perceptual,EVC,alexnettrained,ReLu7,0.09387996950107592,823
11824,1.613496646517737,perceptual,EVC,alexnettrained,ReLu7,0.08328995988630454,824
11825,1.4930605169763544,perceptual,EVC,alexnettrained,ReLu7,0.10483626548347061,825
11826,1.368895344838463,perceptual,EVC,alexnettrained,ReLu7,0.09630014623348972,826
11827,1.1200706214010585,perceptual,EVC,alexnettrained,ReLu7,0.11392231129119898,827
11828,1.387710186325838,perceptual,EVC,alexnettrained,ReLu7,0.06503958658714282,828
11829,0.851578558320074,perceptual,EVC,alexnettrained,ReLu7,0.08196114564325374,829
11830,0.8289334748258229,perceptual,EVC,alexnettrained,ReLu7,0.06888377782072608,830
11831,1.4900799369585556,perceptual,EVC,alexnettrained,ReLu7,0.0690680348437187,831
11832,2.521204827348985,perceptual,EVC,alexnettrained,ReLu7,0.07195583051264995,832
11833,1.3148325689984408,perceptual,EVC,alexnettrained,ReLu7,0.07523759213438082,833
11834,1.4595844764667252,perceptual,EVC,alexnettrained,ReLu7,0.08673808656356805,834
11835,2.1016131839443917,perceptual,EVC,alexnettrained,ReLu7,0.0803842801256617,835
11836,1.2107803894046698,perceptual,EVC,alexnettrained,ReLu7,0.09080960252320674,836
11837,0.9206668080336627,perceptual,EVC,alexnettrained,ReLu7,0.09330326831572944,837
11838,1.1345620329404924,perceptual,EVC,alexnettrained,ReLu7,0.06680925483315095,838
11839,2.208544125679171,perceptual,EVC,alexnettrained,ReLu7,0.056722733261298994,839
11840,1.3197412290603825,perceptual,EVC,alexnettrained,ReLu7,0.06552533889181711,840
11841,1.4928742097139522,perceptual,EVC,alexnettrained,ReLu7,0.08552449671685207,841
11842,1.2751768602541353,perceptual,EVC,alexnettrained,ReLu7,0.07501154857032485,842
11843,1.6573984902616217,perceptual,EVC,alexnettrained,ReLu7,0.09643687803034652,843
11844,1.0914882353774096,perceptual,EVC,alexnettrained,ReLu7,0.0823385176493044,844
11845,1.3186069786265566,perceptual,EVC,alexnettrained,ReLu7,0.10970804561984714,845
11846,1.6715095744515844,perceptual,EVC,alexnettrained,ReLu7,0.07475895765792431,846
11847,1.2357530371526262,perceptual,EVC,alexnettrained,ReLu7,0.09043606176198121,847
11848,1.239857239004299,perceptual,EVC,alexnettrained,ReLu7,0.08965514665416238,848
11849,1.7111465836866007,perceptual,EVC,alexnettrained,ReLu7,0.0744372402601284,849
11850,0.9950982340117923,perceptual,EVC,alexnettrained,ReLu7,0.06725853641498851,850
11851,1.4913622101464743,perceptual,EVC,alexnettrained,ReLu7,0.08418067661669805,851
11852,1.148683927734476,perceptual,EVC,alexnettrained,ReLu7,0.1097828078637207,852
11853,0.6560403192834466,perceptual,EVC,alexnettrained,ReLu7,0.08485622639642446,853
11854,1.3931652228741094,perceptual,EVC,alexnettrained,ReLu7,0.08846178077640218,854
11855,1.1088645480076642,perceptual,EVC,alexnettrained,ReLu7,0.10490299410109284,855
11856,1.6093805638345244,perceptual,EVC,alexnettrained,ReLu7,0.09205810822049815,856
11857,2.244536434467292,perceptual,EVC,alexnettrained,ReLu7,0.06666331094993314,857
11858,1.4377197755503521,perceptual,EVC,alexnettrained,ReLu7,0.10076800487430733,858
11859,1.055995653385046,perceptual,EVC,alexnettrained,ReLu7,0.09439923436177836,859
11860,1.3226773293690817,perceptual,EVC,alexnettrained,ReLu7,0.08576459449402193,860
11861,1.8803946757103316,perceptual,EVC,alexnettrained,ReLu7,0.09292337264571586,861
11862,1.7305267963576791,perceptual,EVC,alexnettrained,ReLu7,0.07674038322836915,862
11863,1.034374791231667,perceptual,EVC,alexnettrained,ReLu7,0.07143663851536852,863
11864,1.220059076123005,perceptual,EVC,alexnettrained,ReLu7,0.05903094132383166,864
11865,1.681276579009219,perceptual,EVC,alexnettrained,ReLu7,0.08199876173064068,865
11866,1.2460246228736471,perceptual,EVC,alexnettrained,ReLu7,0.10837643197679483,866
11867,1.166292890100172,perceptual,EVC,alexnettrained,ReLu7,0.11814134674863219,867
11868,1.845988436829455,perceptual,EVC,alexnettrained,ReLu7,0.11193011387766516,868
11869,1.8220351269634525,perceptual,EVC,alexnettrained,ReLu7,0.05954911656472189,869
11870,2.475246486333348,perceptual,EVC,alexnettrained,ReLu7,0.10192941494712349,870
11871,0.9739271968335154,perceptual,EVC,alexnettrained,ReLu7,0.06686384653377381,871
11872,1.4835460678429444,perceptual,EVC,alexnettrained,ReLu7,0.09145640181533608,872
11873,1.6070600267054094,perceptual,EVC,alexnettrained,ReLu7,0.0886525665581276,873
11874,1.2414394036167857,perceptual,EVC,alexnettrained,ReLu7,0.08360067651398767,874
11875,1.1983488166575285,perceptual,EVC,alexnettrained,ReLu7,0.08946558631035242,875
11876,1.2738333936700785,perceptual,EVC,alexnettrained,ReLu7,0.0959903632245083,876
11877,1.2385843213110934,perceptual,EVC,alexnettrained,ReLu7,0.08120697402523121,877
11878,1.4365668924455284,perceptual,EVC,alexnettrained,ReLu7,0.09314809855433784,878
11879,1.3106010093078557,perceptual,EVC,alexnettrained,ReLu7,0.07394652166691812,879
11880,3.2991490180481886,perceptual,EVC,alexnettrained,ReLu7,0.06193652636456938,880
11881,1.2078607542100805,perceptual,EVC,alexnettrained,ReLu7,0.09392031321438132,881
11882,1.088349742495829,perceptual,EVC,alexnettrained,ReLu7,0.07421688385111311,882
11883,1.5466406705169318,perceptual,EVC,alexnettrained,ReLu7,0.0790511841988808,883
11884,1.2417094513667548,perceptual,EVC,alexnettrained,ReLu7,0.07302392265135588,884
11885,1.2957994909077122,perceptual,EVC,alexnettrained,ReLu7,0.08994855482490421,885
11886,0.9996404865026071,perceptual,EVC,alexnettrained,ReLu7,0.10885831290319181,886
11887,0.9918912317350912,perceptual,EVC,alexnettrained,ReLu7,0.11197376730389788,887
11888,1.0179624213259992,perceptual,EVC,alexnettrained,ReLu7,0.10257501101943198,888
11889,1.0084037192525503,perceptual,EVC,alexnettrained,ReLu7,0.1140969047090436,889
11890,1.3784910291125096,perceptual,EVC,alexnettrained,ReLu7,0.10167773831294832,890
11891,1.026985838529246,perceptual,EVC,alexnettrained,ReLu7,0.1048301258888065,891
11892,1.066516314401141,perceptual,EVC,alexnettrained,ReLu7,0.08637391942386685,892
11893,0.9250210567248239,perceptual,EVC,alexnettrained,ReLu7,0.06808610249825747,893
11894,1.6082623516411962,perceptual,EVC,alexnettrained,ReLu7,0.10760321986622948,894
11895,1.112539595525543,perceptual,EVC,alexnettrained,ReLu7,0.09626142605314077,895
11896,1.573832610441465,perceptual,EVC,alexnettrained,ReLu7,0.08096309785124957,896
11897,1.0551157790085868,perceptual,EVC,alexnettrained,ReLu7,0.10123490294014315,897
11898,1.3018823019542827,perceptual,EVC,alexnettrained,ReLu7,0.07630164491833791,898
11899,1.2313386117611014,perceptual,EVC,alexnettrained,ReLu7,0.08154890226029912,899
11900,1.4083963294838293,perceptual,EVC,alexnettrained,ReLu7,0.09179481202085245,900
11901,1.5287918929520108,perceptual,EVC,alexnettrained,ReLu7,0.08735132179688593,901
11902,2.175033750220258,perceptual,EVC,alexnettrained,ReLu7,0.06636720915866559,902
11903,1.676956271693462,perceptual,EVC,alexnettrained,ReLu7,0.07970049626430176,903
11904,1.6781615977090896,perceptual,EVC,alexnettrained,ReLu7,0.08932539406767737,904
11905,1.884485489573411,perceptual,EVC,alexnettrained,ReLu7,0.08031796083997828,905
11906,2.6052811088393946,perceptual,EVC,alexnettrained,ReLu7,0.0530601544772367,906
11907,0.9684796303716218,perceptual,EVC,alexnettrained,ReLu7,0.08379244786605364,907
11908,1.4943481955273095,perceptual,EVC,alexnettrained,ReLu7,0.08337720757092112,908
11909,2.3112290947426715,perceptual,EVC,alexnettrained,ReLu7,0.06097404771246144,909
11910,1.1562880107032563,perceptual,EVC,alexnettrained,ReLu7,0.11537028563408612,910
11911,1.7742335322338327,perceptual,EVC,alexnettrained,ReLu7,0.08924563212029878,911
11912,1.1992656868370581,perceptual,EVC,alexnettrained,ReLu7,0.08512141338236623,912
11913,1.2445142957665705,perceptual,EVC,alexnettrained,ReLu7,0.08939442028286294,913
11914,2.1459149680556,perceptual,EVC,alexnettrained,ReLu7,0.05307433329215237,914
11915,1.065209664375401,perceptual,EVC,alexnettrained,ReLu7,0.08071924765158153,915
11916,1.0777045326367132,perceptual,EVC,alexnettrained,ReLu7,0.09399629399791783,916
11917,1.4300077045856088,perceptual,EVC,alexnettrained,ReLu7,0.07837090473275365,917
11918,1.236195466821783,perceptual,EVC,alexnettrained,ReLu7,0.07803320305729755,918
11919,1.2116370420418372,perceptual,EVC,alexnettrained,ReLu7,0.08791419143586832,919
11920,1.2516522298397124,perceptual,EVC,alexnettrained,ReLu7,0.09269965100244015,920
11921,1.0547077317261604,perceptual,EVC,alexnettrained,ReLu7,0.08061274213390224,921
11922,0.8519418037870031,perceptual,EVC,alexnettrained,ReLu7,0.07241504288335737,922
11923,0.958901908835006,perceptual,EVC,alexnettrained,ReLu7,0.09890359754209448,923
11924,1.0657510453684924,perceptual,EVC,alexnettrained,ReLu7,0.09441227809821373,924
11925,1.2036540478110853,perceptual,EVC,alexnettrained,ReLu7,0.07224556767548848,925
11926,1.4531076652356116,perceptual,EVC,alexnettrained,ReLu7,0.09937132874147395,926
11927,1.830687491159221,perceptual,EVC,alexnettrained,ReLu7,0.08089520716753779,927
11928,1.1327928844644806,perceptual,EVC,alexnettrained,ReLu7,0.08247760390918096,928
11929,1.4193118360825456,perceptual,EVC,alexnettrained,ReLu7,0.06490316777119362,929
11930,1.4087360232311517,perceptual,EVC,alexnettrained,ReLu7,0.08669225835532166,930
11931,1.1809071271316507,perceptual,EVC,alexnettrained,ReLu7,0.09671127809717309,931
11932,1.3965879626646382,perceptual,EVC,alexnettrained,ReLu7,0.10149130541100024,932
11933,0.9583702125479748,perceptual,EVC,alexnettrained,ReLu7,0.11639232285072784,933
11934,1.728467836578082,perceptual,EVC,alexnettrained,ReLu7,0.09021549641252335,934
11935,1.6608467236569886,perceptual,EVC,alexnettrained,ReLu7,0.06659465140404937,935
11936,1.298508811007324,perceptual,EVC,alexnettrained,ReLu7,0.08911203507731372,936
11937,1.114411005390099,perceptual,EVC,alexnettrained,ReLu7,0.10751234908403948,937
11938,1.6520866878121676,perceptual,EVC,alexnettrained,ReLu7,0.07087901948421604,938
11939,1.4722542240483503,perceptual,EVC,alexnettrained,ReLu7,0.08521313114419964,939
11940,3.115866407168783,perceptual,EVC,alexnettrained,ReLu7,0.06434125943170094,940
11941,0.9240591956275982,perceptual,EVC,alexnettrained,ReLu7,0.09076476825402915,941
11942,1.2713543327785752,perceptual,EVC,alexnettrained,ReLu7,0.11210347516394345,942
11943,1.766747599951286,perceptual,EVC,alexnettrained,ReLu7,0.09612562025645334,943
11944,2.12663180240449,perceptual,EVC,alexnettrained,ReLu7,0.06415736247073023,944
11945,1.683216055965068,perceptual,EVC,alexnettrained,ReLu7,0.08388380441677534,945
11946,1.6591581822518582,perceptual,EVC,alexnettrained,ReLu7,0.07447121308738307,946
11947,1.0358835510750082,perceptual,EVC,alexnettrained,ReLu7,0.05815434757926412,947
11948,0.9021746722462384,perceptual,EVC,alexnettrained,ReLu7,0.08758456486999454,948
11949,1.5117236338443383,perceptual,EVC,alexnettrained,ReLu7,0.07471232836381278,949
11950,0.8932598900003687,perceptual,EVC,alexnettrained,ReLu7,0.09280692383046134,950
11951,2.1382366044924246,perceptual,EVC,alexnettrained,ReLu7,0.08875626776096535,951
11952,1.1122734964639198,perceptual,EVC,alexnettrained,ReLu7,0.07893512838666261,952
11953,1.1723244463687625,perceptual,EVC,alexnettrained,ReLu7,0.10615221925176253,953
11954,2.6848968758792773,perceptual,EVC,alexnettrained,ReLu7,0.06796949603337027,954
11955,2.1597370524141026,perceptual,EVC,alexnettrained,ReLu7,0.09431640096732022,955
11956,1.2949569490783173,perceptual,EVC,alexnettrained,ReLu7,0.08162009414841578,956
11957,1.6650091979646644,perceptual,EVC,alexnettrained,ReLu7,0.08957844355115299,957
11958,0.8178470720784662,perceptual,EVC,alexnettrained,ReLu7,0.04811653837712165,958
11959,1.4584252220823928,perceptual,EVC,alexnettrained,ReLu7,0.08358321790928094,959
11960,2.6037390736749346,perceptual,EVC,alexnettrained,ReLu7,0.09127969538059102,960
11961,1.9444218735267969,perceptual,EVC,alexnettrained,ReLu7,0.08132974412158014,961
11962,2.8889347014792417,perceptual,EVC,alexnettrained,ReLu7,0.07103788985010297,962
11963,4.200933148779972,perceptual,EVC,alexnettrained,ReLu7,0.047248974384050985,963
11964,0.941326445590201,perceptual,EVC,alexnettrained,ReLu7,0.08886138485140868,964
11965,1.0952522182976778,perceptual,EVC,alexnettrained,ReLu7,0.09058289767210176,965
11966,1.1885982960060255,perceptual,EVC,alexnettrained,ReLu7,0.09395615232081313,966
11967,1.826323605002716,perceptual,EVC,alexnettrained,ReLu7,0.10384788040817992,967
11968,2.290815448250925,perceptual,EVC,alexnettrained,ReLu7,0.09204129662933509,968
11969,1.3529860564273968,perceptual,EVC,alexnettrained,ReLu7,0.10051513221289649,969
11970,5.7770987059613095,perceptual,EVC,alexnettrained,ReLu7,0.05987700578242394,970
11971,2.0484637888773207,perceptual,EVC,alexnettrained,ReLu7,0.07401494107858586,971
11972,1.362838489690885,perceptual,EVC,alexnettrained,ReLu7,0.13947850037353793,972
11973,1.289981002261088,perceptual,EVC,alexnettrained,ReLu7,0.10451807645653696,973
11974,1.1557249117298094,perceptual,EVC,alexnettrained,ReLu7,0.09145328294720703,974
11975,2.2069957693870177,perceptual,EVC,alexnettrained,ReLu7,0.06326290719330806,975
11976,2.6254430093898216,perceptual,EVC,alexnettrained,ReLu7,0.06774112806897348,976
11977,1.4103487724064323,perceptual,EVC,alexnettrained,ReLu7,0.0865076714953282,977
11978,1.2825108066821627,perceptual,EVC,alexnettrained,ReLu7,0.09323128797385527,978
11979,1.2040623679492817,perceptual,EVC,alexnettrained,ReLu7,0.0941644212419445,979
11980,0.9310504619850434,perceptual,EVC,alexnettrained,ReLu7,0.08907195503766402,980
11981,0.8695534055193215,perceptual,EVC,alexnettrained,ReLu7,0.10443008911912975,981
11982,1.2021350808714835,perceptual,EVC,alexnettrained,ReLu7,0.09603806752900718,982
11983,0.8964572201034723,perceptual,EVC,alexnettrained,ReLu7,0.11063833089883579,983
11984,1.110019113989451,perceptual,EVC,alexnettrained,ReLu7,0.0911056508167093,984
11985,0.8127908817282745,perceptual,EVC,alexnettrained,ReLu7,0.09653903772686045,985
11986,1.9362484612626234,perceptual,EVC,alexnettrained,ReLu7,0.08394099908451581,986
11987,1.6302394043533264,perceptual,EVC,alexnettrained,ReLu7,0.10090817299058713,987
11988,0.8784796361789035,perceptual,EVC,alexnettrained,ReLu7,0.10913859744254112,988
11989,1.1003875011562703,perceptual,EVC,alexnettrained,ReLu7,0.09329265899319905,989
11990,2.074565097343761,perceptual,EVC,alexnettrained,ReLu7,0.08386142096694343,990
11991,1.3478295092936372,perceptual,EVC,alexnettrained,ReLu7,0.07744724321377011,991
11992,1.2619991206241417,perceptual,EVC,alexnettrained,ReLu7,0.10381036929066002,992
11993,1.1028823955804943,perceptual,EVC,alexnettrained,ReLu7,0.08082735922786399,993
11994,1.6248675555557828,perceptual,EVC,alexnettrained,ReLu7,0.08469407015727254,994
11995,1.8628663957970442,perceptual,EVC,alexnettrained,ReLu7,0.08501149532538727,995
11996,1.4413775067457977,perceptual,EVC,alexnettrained,ReLu7,0.09357845194407056,996
11997,1.6506507934978591,perceptual,EVC,alexnettrained,ReLu7,0.08210369743955438,997
11998,1.2281486685901002,perceptual,EVC,alexnettrained,ReLu7,0.08552689174078193,998
11999,1.265282962296054,perceptual,EVC,alexnettrained,ReLu7,0.11222060926740539,999
